RequestNumber,Index Name,Date,TotalReturnsIndex,NTR_Value
TRI63913928477664115000,Nifty 50,2000-01-03,1688.44,1688.44
TRI63913928477664115000,Nifty 50,2000-01-04,1737.75,1737.75
TRI63913928477664115000,Nifty 50,2000-01-05,1692.25,1692.25
TRI63913928477664115000,Nifty 50,2000-01-06,1715.37,1715.37
TRI63913928477664115000,Nifty 50,2000-01-07,1710.81,1710.81
TRI63913928477664115000,Nifty 50,2000-01-10,1731.65,1731.65
TRI63913928477664115000,Nifty 50,2000-01-11,1667.54,1667.54
TRI63913928477664115000,Nifty 50,2000-01-12,1723.01,1723.01
TRI63913928477664115000,Nifty 50,2000-01-13,1719.4,1719.4
TRI63913928477664115000,Nifty 50,2000-01-14,1720.83,1720.83
TRI63913928477664115000,Nifty 50,2000-01-17,1709.01,1709.01
TRI63913928477664115000,Nifty 50,2000-01-18,1703.81,1703.81
TRI63913928477664115000,Nifty 50,2000-01-19,1733.66,1733.66
TRI63913928477664115000,Nifty 50,2000-01-20,1697.87,1697.87
TRI63913928477664115000,Nifty 50,2000-01-21,1718.55,1718.55
TRI63913928477664115000,Nifty 50,2000-01-24,1711.13,1711.13
TRI63913928477664115000,Nifty 50,2000-01-25,1682.28,1682.28
TRI63913928477664115000,Nifty 50,2000-01-27,1700.84,1700.84
TRI63913928477664115000,Nifty 50,2000-01-28,1695.75,1695.75
TRI63913928477664115000,Nifty 50,2000-01-31,1639.66,1639.66
TRI63913928477664115000,Nifty 50,2000-02-01,1643.15,1643.15
TRI63913928477664115000,Nifty 50,2000-02-02,1683.98,1683.98
TRI63913928477664115000,Nifty 50,2000-02-03,1694.48,1694.48
TRI63913928477664115000,Nifty 50,2000-02-04,1696.44,1696.44
TRI63913928477664115000,Nifty 50,2000-02-07,1735.52,1735.52
TRI63913928477664115000,Nifty 50,2000-02-08,1763.25,1763.25
TRI63913928477664115000,Nifty 50,2000-02-09,1792.42,1792.42
TRI63913928477664115000,Nifty 50,2000-02-10,1815.28,1815.28
TRI63913928477664115000,Nifty 50,2000-02-11,1862.8,1862.8
TRI63913928477664115000,Nifty 50,2000-02-14,1850.6,1850.6
TRI63913928477664115000,Nifty 50,2000-02-15,1806.1,1806.1
TRI63913928477664115000,Nifty 50,2000-02-16,1815.17,1815.17
TRI63913928477664115000,Nifty 50,2000-02-17,1848.06,1848.06
TRI63913928477664115000,Nifty 50,2000-02-18,1822.28,1822.28
TRI63913928477664115000,Nifty 50,2000-02-21,1860.15,1860.15
TRI63913928477664115000,Nifty 50,2000-02-22,1844.82,1844.82
TRI63913928477664115000,Nifty 50,2000-02-23,1799.58,1799.58
TRI63913928477664115000,Nifty 50,2000-02-24,1837.34,1837.34
TRI63913928477664115000,Nifty 50,2000-02-25,1814.48,1814.48
TRI63913928477664115000,Nifty 50,2000-02-28,1827.32,1827.32
TRI63913928477664115000,Nifty 50,2000-02-29,1755.45,1755.45
TRI63913928477664115000,Nifty 50,2000-03-01,1816.87,1816.87
TRI63913928477664115000,Nifty 50,2000-03-02,1799.73,1799.73
TRI63913928477664115000,Nifty 50,2000-03-03,1756.72,1756.72
TRI63913928477664115000,Nifty 50,2000-03-06,1791.2,1791.2
TRI63913928477664115000,Nifty 50,2000-03-07,1806.31,1806.31
TRI63913928477664115000,Nifty 50,2000-03-08,1769.35,1769.35
TRI63913928477664115000,Nifty 50,2000-03-09,1748.01,1748.01
TRI63913928477664115000,Nifty 50,2000-03-10,1701.82,1701.82
TRI63913928477664115000,Nifty 50,2000-03-13,1657.17,1657.17
TRI63913928477664115000,Nifty 50,2000-03-14,1663.91,1663.91
TRI63913928477664115000,Nifty 50,2000-03-15,1720.24,1720.24
TRI63913928477664115000,Nifty 50,2000-03-16,1658.76,1658.76
TRI63913928477664115000,Nifty 50,2000-03-21,1652.81,1652.81
TRI63913928477664115000,Nifty 50,2000-03-22,1688.46,1688.46
TRI63913928477664115000,Nifty 50,2000-03-23,1650.01,1650.01
TRI63913928477664115000,Nifty 50,2000-03-24,1667.16,1667.16
TRI63913928477664115000,Nifty 50,2000-03-27,1660.15,1660.15
TRI63913928477664115000,Nifty 50,2000-03-28,1666.15,1666.15
TRI63913928477664115000,Nifty 50,2000-03-29,1655.16,1655.16
TRI63913928477664115000,Nifty 50,2000-03-30,1645.86,1645.86
TRI63913928478914019500,Nifty 50,2000-03-31,1623.5,1623.5
TRI63913928478914019500,Nifty 50,2000-04-03,1630.2,1630.2
TRI63913928478914019500,Nifty 50,2000-04-04,1516.91,1516.91
TRI63913928478914019500,Nifty 50,2000-04-05,1529.32,1529.32
TRI63913928478914019500,Nifty 50,2000-04-06,1548.83,1548.83
TRI63913928478914019500,Nifty 50,2000-04-07,1659.91,1659.91
TRI63913928478914019500,Nifty 50,2000-04-10,1719.44,1719.44
TRI63913928478914019500,Nifty 50,2000-04-11,1731.86,1731.86
TRI63913928478914019500,Nifty 50,2000-04-12,1699.6,1699.6
TRI63913928478914019500,Nifty 50,2000-04-13,1620.58,1620.58
TRI63913928478914019500,Nifty 50,2000-04-17,1540.44,1540.44
TRI63913928478914019500,Nifty 50,2000-04-18,1509.76,1509.76
TRI63913928478914019500,Nifty 50,2000-04-19,1500.09,1500.09
TRI63913928478914019500,Nifty 50,2000-04-20,1511.51,1511.51
TRI63913928478914019500,Nifty 50,2000-04-24,1481.99,1481.99
TRI63913928478914019500,Nifty 50,2000-04-25,1451.51,1451.51
TRI63913928478914019500,Nifty 50,2000-04-26,1533.98,1533.98
TRI63913928478914019500,Nifty 50,2000-04-27,1513.47,1513.47
TRI63913928478914019500,Nifty 50,2000-04-28,1502.41,1502.41
TRI63913928478914019500,Nifty 50,2000-05-02,1424.33,1424.33
TRI63913928478914019500,Nifty 50,2000-05-03,1406.07,1406.07
TRI63913928478914019500,Nifty 50,2000-05-04,1474.98,1474.98
TRI63913928478914019500,Nifty 50,2000-05-05,1519.7,1519.7
TRI63913928478914019500,Nifty 50,2000-05-08,1458.42,1458.42
TRI63913928478914019500,Nifty 50,2000-05-09,1472.85,1472.85
TRI63913928478914019500,Nifty 50,2000-05-10,1456.39,1456.39
TRI63913928478914019500,Nifty 50,2000-05-11,1393.78,1393.78
TRI63913928478914019500,Nifty 50,2000-05-12,1370.55,1370.55
TRI63913928478914019500,Nifty 50,2000-05-15,1388.12,1388.12
TRI63913928478914019500,Nifty 50,2000-05-16,1396.24,1396.24
TRI63913928478914019500,Nifty 50,2000-05-17,1401.44,1401.44
TRI63913928478914019500,Nifty 50,2000-05-18,1381.94,1381.94
TRI63913928478914019500,Nifty 50,2000-05-19,1354.8,1354.8
TRI63913928478914019500,Nifty 50,2000-05-22,1317.4,1317.4
TRI63913928478914019500,Nifty 50,2000-05-23,1308.21,1308.21
TRI63913928478914019500,Nifty 50,2000-05-24,1320.5,1320.5
TRI63913928478914019500,Nifty 50,2000-05-25,1333.05,1333.05
TRI63913928478914019500,Nifty 50,2000-05-26,1362.65,1362.65
TRI63913928478914019500,Nifty 50,2000-05-29,1400.79,1400.79
TRI63913928478914019500,Nifty 50,2000-05-30,1436.91,1436.91
TRI63913928478914019500,Nifty 50,2000-05-31,1474.94,1474.94
TRI63913928478914019500,Nifty 50,2000-06-01,1441.34,1441.34
TRI63913928478914019500,Nifty 50,2000-06-02,1484.35,1484.35
TRI63913928478914019500,Nifty 50,2000-06-05,1500.75,1500.75
TRI63913928478914019500,Nifty 50,2000-06-06,1519.07,1519.07
TRI63913928478914019500,Nifty 50,2000-06-07,1528.56,1528.56
TRI63913928478914019500,Nifty 50,2000-06-08,1564.15,1564.15
TRI63913928478914019500,Nifty 50,2000-06-09,1567.94,1567.94
TRI63913928478914019500,Nifty 50,2000-06-12,1539.3,1539.3
TRI63913928478914019500,Nifty 50,2000-06-13,1531.29,1531.29
TRI63913928478914019500,Nifty 50,2000-06-14,1534.35,1534.35
TRI63913928478914019500,Nifty 50,2000-06-15,1544.77,1544.77
TRI63913928478914019500,Nifty 50,2000-06-16,1579.03,1579.03
TRI63913928478914019500,Nifty 50,2000-06-19,1601.95,1601.95
TRI63913928478914019500,Nifty 50,2000-06-20,1610.88,1610.88
TRI63913928478914019500,Nifty 50,2000-06-21,1576.79,1576.79
TRI63913928478914019500,Nifty 50,2000-06-22,1590.8,1590.8
TRI63913928478914019500,Nifty 50,2000-06-23,1573.64,1573.64
TRI63913928478914019500,Nifty 50,2000-06-26,1551.67,1551.67
TRI63913928478914019500,Nifty 50,2000-06-27,1554.51,1554.51
TRI63913928478914019500,Nifty 50,2000-06-28,1572.0,1572.0
TRI63913928480367174300,Nifty 50,2000-06-29,1595.9,1595.9
TRI63913928480367174300,Nifty 50,2000-06-30,1573.55,1573.55
TRI63913928480367174300,Nifty 50,2000-07-03,1599.0,1599.0
TRI63913928480367174300,Nifty 50,2000-07-04,1616.17,1616.17
TRI63913928480367174300,Nifty 50,2000-07-05,1632.54,1632.54
TRI63913928480367174300,Nifty 50,2000-07-06,1622.64,1622.64
TRI63913928480367174300,Nifty 50,2000-07-07,1623.5,1623.5
TRI63913928480367174300,Nifty 50,2000-07-10,1614.99,1614.99
TRI63913928480367174300,Nifty 50,2000-07-11,1624.51,1624.51
TRI63913928480367174300,Nifty 50,2000-07-12,1640.37,1640.37
TRI63913928480367174300,Nifty 50,2000-07-13,1628.87,1628.87
TRI63913928480367174300,Nifty 50,2000-07-14,1615.12,1615.12
TRI63913928480367174300,Nifty 50,2000-07-17,1582.92,1582.92
TRI63913928480367174300,Nifty 50,2000-07-18,1565.22,1565.22
TRI63913928480367174300,Nifty 50,2000-07-19,1536.01,1536.01
TRI63913928480367174300,Nifty 50,2000-07-20,1523.6,1523.6
TRI63913928480367174300,Nifty 50,2000-07-21,1494.77,1494.77
TRI63913928480367174300,Nifty 50,2000-07-24,1408.97,1408.97
TRI63913928480367174300,Nifty 50,2000-07-25,1443.05,1443.05
TRI63913928480367174300,Nifty 50,2000-07-26,1410.64,1410.64
TRI63913928480367174300,Nifty 50,2000-07-27,1431.83,1431.83
TRI63913928480367174300,Nifty 50,2000-07-28,1427.28,1427.28
TRI63913928480367174300,Nifty 50,2000-07-31,1426.26,1426.26
TRI63913928480367174300,Nifty 50,2000-08-01,1419.84,1419.84
TRI63913928480367174300,Nifty 50,2000-08-02,1425.25,1425.25
TRI63913928480367174300,Nifty 50,2000-08-03,1413.85,1413.85
TRI63913928480367174300,Nifty 50,2000-08-04,1410.96,1410.96
TRI63913928480367174300,Nifty 50,2000-08-07,1402.67,1402.67
TRI63913928480367174300,Nifty 50,2000-08-08,1439.91,1439.91
TRI63913928480367174300,Nifty 50,2000-08-09,1439.38,1439.38
TRI63913928480367174300,Nifty 50,2000-08-10,1421.24,1421.24
TRI63913928480367174300,Nifty 50,2000-08-11,1402.78,1402.78
TRI63913928480367174300,Nifty 50,2000-08-14,1410.43,1410.43
TRI63913928480367174300,Nifty 50,2000-08-16,1446.44,1446.44
TRI63913928480367174300,Nifty 50,2000-08-17,1435.68,1435.68
TRI63913928480367174300,Nifty 50,2000-08-18,1453.5,1453.5
TRI63913928480367174300,Nifty 50,2000-08-21,1466.56,1466.56
TRI63913928480367174300,Nifty 50,2000-08-22,1478.28,1478.28
TRI63913928480367174300,Nifty 50,2000-08-23,1483.47,1483.47
TRI63913928480367174300,Nifty 50,2000-08-24,1484.44,1484.44
TRI63913928480367174300,Nifty 50,2000-08-25,1478.33,1478.33
TRI63913928480367174300,Nifty 50,2000-08-28,1466.13,1466.13
TRI63913928480367174300,Nifty 50,2000-08-29,1463.83,1463.83
TRI63913928480367174300,Nifty 50,2000-08-30,1473.02,1473.02
TRI63913928480367174300,Nifty 50,2000-08-31,1492.45,1492.45
TRI63913928480367174300,Nifty 50,2000-09-04,1528.48,1528.48
TRI63913928480367174300,Nifty 50,2000-09-05,1529.01,1529.01
TRI63913928480367174300,Nifty 50,2000-09-06,1537.89,1537.89
TRI63913928480367174300,Nifty 50,2000-09-07,1542.6,1542.6
TRI63913928480367174300,Nifty 50,2000-09-08,1553.64,1553.64
TRI63913928480367174300,Nifty 50,2000-09-11,1560.39,1560.39
TRI63913928480367174300,Nifty 50,2000-09-12,1572.49,1572.49
TRI63913928480367174300,Nifty 50,2000-09-13,1560.17,1560.17
TRI63913928480367174300,Nifty 50,2000-09-14,1548.55,1548.55
TRI63913928480367174300,Nifty 50,2000-09-15,1518.44,1518.44
TRI63913928480367174300,Nifty 50,2000-09-18,1451.1,1451.1
TRI63913928480367174300,Nifty 50,2000-09-19,1411.08,1411.08
TRI63913928480367174300,Nifty 50,2000-09-20,1438.86,1438.86
TRI63913928480367174300,Nifty 50,2000-09-21,1424.88,1424.88
TRI63913928480367174300,Nifty 50,2000-09-22,1356.95,1356.95
TRI63913928480367174300,Nifty 50,2000-09-25,1384.91,1384.91
TRI63913928480367174300,Nifty 50,2000-09-26,1358.5,1358.5
TRI63913928481351558600,Nifty 50,2000-09-27,1384.91,1384.91
TRI63913928481351558600,Nifty 50,2000-09-28,1356.9,1356.9
TRI63913928481351558600,Nifty 50,2000-09-29,1362.52,1362.52
TRI63913928481351558600,Nifty 50,2000-10-03,1373.61,1373.61
TRI63913928481351558600,Nifty 50,2000-10-04,1390.54,1390.54
TRI63913928481351558600,Nifty 50,2000-10-05,1376.56,1376.56
TRI63913928481351558600,Nifty 50,2000-10-06,1376.82,1376.82
TRI63913928481351558600,Nifty 50,2000-10-09,1357.86,1357.86
TRI63913928481351558600,Nifty 50,2000-10-10,1327.48,1327.48
TRI63913928481351558600,Nifty 50,2000-10-11,1287.79,1287.79
TRI63913928481351558600,Nifty 50,2000-10-12,1292.45,1292.45
TRI63913928481351558600,Nifty 50,2000-10-13,1260.84,1260.84
TRI63913928481351558600,Nifty 50,2000-10-16,1259.45,1259.45
TRI63913928481351558600,Nifty 50,2000-10-17,1240.8,1240.8
TRI63913928481351558600,Nifty 50,2000-10-18,1217.18,1217.18
TRI63913928481351558600,Nifty 50,2000-10-19,1249.48,1249.48
TRI63913928481351558600,Nifty 50,2000-10-20,1255.75,1255.75
TRI63913928481351558600,Nifty 50,2000-10-23,1225.7,1225.7
TRI63913928481351558600,Nifty 50,2000-10-24,1234.8,1234.8
TRI63913928481351558600,Nifty 50,2000-10-25,1268.57,1268.57
TRI63913928481351558600,Nifty 50,2000-10-26,1271.14,1271.14
TRI63913928481351558600,Nifty 50,2000-10-27,1262.99,1262.99
TRI63913928481351558600,Nifty 50,2000-10-30,1250.62,1250.62
TRI63913928481351558600,Nifty 50,2000-10-31,1256.62,1256.62
TRI63913928481351558600,Nifty 50,2000-11-01,1286.67,1286.67
TRI63913928481351558600,Nifty 50,2000-11-02,1312.44,1312.44
TRI63913928481351558600,Nifty 50,2000-11-03,1330.87,1330.87
TRI63913928481351558600,Nifty 50,2000-11-06,1328.95,1328.95
TRI63913928481351558600,Nifty 50,2000-11-07,1335.91,1335.91
TRI63913928481351558600,Nifty 50,2000-11-08,1357.41,1357.41
TRI63913928481351558600,Nifty 50,2000-11-09,1360.79,1360.79
TRI63913928481351558600,Nifty 50,2000-11-10,1328.22,1328.22
TRI63913928481351558600,Nifty 50,2000-11-13,1294.46,1294.46
TRI63913928481351558600,Nifty 50,2000-11-14,1331.75,1331.75
TRI63913928481351558600,Nifty 50,2000-11-15,1336.29,1336.29
TRI63913928481351558600,Nifty 50,2000-11-16,1321.5,1321.5
TRI63913928481351558600,Nifty 50,2000-11-17,1324.45,1324.45
TRI63913928481351558600,Nifty 50,2000-11-20,1326.16,1326.16
TRI63913928481351558600,Nifty 50,2000-11-21,1323.38,1323.38
TRI63913928481351558600,Nifty 50,2000-11-22,1309.85,1309.85
TRI63913928481351558600,Nifty 50,2000-11-23,1303.04,1303.04
TRI63913928481351558600,Nifty 50,2000-11-24,1312.9,1312.9
TRI63913928481351558600,Nifty 50,2000-11-27,1342.58,1342.58
TRI63913928481351558600,Nifty 50,2000-11-28,1363.85,1363.85
TRI63913928481351558600,Nifty 50,2000-11-29,1355.28,1355.28
TRI63913928481351558600,Nifty 50,2000-11-30,1358.92,1358.92
TRI63913928481351558600,Nifty 50,2000-12-01,1367.55,1367.55
TRI63913928481351558600,Nifty 50,2000-12-04,1366.91,1366.91
TRI63913928481351558600,Nifty 50,2000-12-05,1376.61,1376.61
TRI63913928481351558600,Nifty 50,2000-12-06,1391.5,1391.5
TRI63913928481351558600,Nifty 50,2000-12-07,1395.73,1395.73
TRI63913928481351558600,Nifty 50,2000-12-08,1407.73,1407.73
TRI63913928481351558600,Nifty 50,2000-12-11,1427.51,1427.51
TRI63913928481351558600,Nifty 50,2000-12-12,1428.79,1428.79
TRI63913928481351558600,Nifty 50,2000-12-13,1451.3,1451.3
TRI63913928481351558600,Nifty 50,2000-12-14,1445.99,1445.99
TRI63913928481351558600,Nifty 50,2000-12-15,1406.61,1406.61
TRI63913928481351558600,Nifty 50,2000-12-18,1411.97,1411.97
TRI63913928481351558600,Nifty 50,2000-12-19,1404.36,1404.36
TRI63913928481351558600,Nifty 50,2000-12-20,1388.02,1388.02
TRI63913928481351558600,Nifty 50,2000-12-21,1368.89,1368.89
TRI63913928481351558600,Nifty 50,2000-12-22,1330.96,1330.96
TRI63913928482679752500,Nifty 50,2000-12-26,1298.81,1298.81
TRI63913928482679752500,Nifty 50,2000-12-27,1316.27,1316.27
TRI63913928482679752500,Nifty 50,2000-12-28,1338.4,1338.4
TRI63913928482679752500,Nifty 50,2000-12-29,1354.05,1354.05
TRI63913928482679752500,Nifty 50,2001-01-01,1344.14,1344.14
TRI63913928482679752500,Nifty 50,2001-01-02,1362.89,1362.89
TRI63913928482679752500,Nifty 50,2001-01-03,1383.8,1383.8
TRI63913928482679752500,Nifty 50,2001-01-04,1401.37,1401.37
TRI63913928482679752500,Nifty 50,2001-01-05,1422.38,1422.38
TRI63913928482679752500,Nifty 50,2001-01-08,1403.09,1403.09
TRI63913928482679752500,Nifty 50,2001-01-09,1405.66,1405.66
TRI63913928482679752500,Nifty 50,2001-01-10,1379.56,1379.56
TRI63913928482679752500,Nifty 50,2001-01-11,1372.17,1372.17
TRI63913928482679752500,Nifty 50,2001-01-12,1378.97,1378.97
TRI63913928482679752500,Nifty 50,2001-01-15,1378.97,1378.97
TRI63913928482679752500,Nifty 50,2001-01-16,1385.73,1385.73
TRI63913928482679752500,Nifty 50,2001-01-17,1390.92,1390.92
TRI63913928482679752500,Nifty 50,2001-01-18,1399.55,1399.55
TRI63913928482679752500,Nifty 50,2001-01-19,1424.36,1424.36
TRI63913928482679752500,Nifty 50,2001-01-22,1444.61,1444.61
TRI63913928482679752500,Nifty 50,2001-01-23,1452.33,1452.33
TRI63913928482679752500,Nifty 50,2001-01-24,1463.85,1463.85
TRI63913928482679752500,Nifty 50,2001-01-25,1468.3,1468.3
TRI63913928482679752500,Nifty 50,2001-01-29,1438.24,1438.24
TRI63913928482679752500,Nifty 50,2001-01-30,1478.59,1478.59
TRI63913928482679752500,Nifty 50,2001-01-31,1470.01,1470.01
TRI63913928482679752500,Nifty 50,2001-02-01,1456.56,1456.56
TRI63913928482679752500,Nifty 50,2001-02-02,1477.68,1477.68
TRI63913928482679752500,Nifty 50,2001-02-05,1481.69,1481.69
TRI63913928482679752500,Nifty 50,2001-02-06,1486.52,1486.52
TRI63913928482679752500,Nifty 50,2001-02-07,1469.05,1469.05
TRI63913928482679752500,Nifty 50,2001-02-08,1495.52,1495.52
TRI63913928482679752500,Nifty 50,2001-02-09,1506.45,1506.45
TRI63913928482679752500,Nifty 50,2001-02-12,1502.7,1502.7
TRI63913928482679752500,Nifty 50,2001-02-13,1490.91,1490.91
TRI63913928482679752500,Nifty 50,2001-02-14,1493.21,1493.21
TRI63913928482679752500,Nifty 50,2001-02-15,1518.24,1518.24
TRI63913928482679752500,Nifty 50,2001-02-16,1480.35,1480.35
TRI63913928482679752500,Nifty 50,2001-02-19,1484.05,1484.05
TRI63913928482679752500,Nifty 50,2001-02-20,1483.03,1483.03
TRI63913928482679752500,Nifty 50,2001-02-21,1468.3,1468.3
TRI63913928482679752500,Nifty 50,2001-02-22,1452.22,1452.22
TRI63913928482679752500,Nifty 50,2001-02-23,1415.09,1415.09
TRI63913928482679752500,Nifty 50,2001-02-26,1406.46,1406.46
TRI63913928482679752500,Nifty 50,2001-02-27,1388.41,1388.41
TRI63913928482679752500,Nifty 50,2001-02-28,1448.26,1448.26
TRI63913928482679752500,Nifty 50,2001-03-01,1455.38,1455.38
TRI63913928482679752500,Nifty 50,2001-03-02,1399.98,1399.98
TRI63913928482679752500,Nifty 50,2001-03-05,1362.58,1362.58
TRI63913928482679752500,Nifty 50,2001-03-07,1382.99,1382.99
TRI63913928482679752500,Nifty 50,2001-03-08,1385.51,1385.51
TRI63913928482679752500,Nifty 50,2001-03-09,1344.68,1344.68
TRI63913928482679752500,Nifty 50,2001-03-12,1283.81,1283.81
TRI63913928482679752500,Nifty 50,2001-03-13,1205.31,1205.31
TRI63913928482679752500,Nifty 50,2001-03-14,1279.79,1279.79
TRI63913928482679752500,Nifty 50,2001-03-15,1304.39,1304.39
TRI63913928482679752500,Nifty 50,2001-03-16,1279.09,1279.09
TRI63913928482679752500,Nifty 50,2001-03-19,1271.75,1271.75
TRI63913928482679752500,Nifty 50,2001-03-20,1254.87,1254.87
TRI63913928482679752500,Nifty 50,2001-03-21,1293.62,1293.62
TRI63913928482679752500,Nifty 50,2001-03-22,1272.66,1272.66
TRI63913928482679752500,Nifty 50,2001-03-23,1244.53,1244.53
TRI63913928484039098900,Nifty 50,2001-03-26,1244.75,1244.75
TRI63913928484039098900,Nifty 50,2001-03-27,1262.16,1262.16
TRI63913928484039098900,Nifty 50,2001-03-28,1292.65,1292.65
TRI63913928484039098900,Nifty 50,2001-03-29,1280.76,1280.76
TRI63913928484039098900,Nifty 50,2001-03-30,1230.49,1230.49
TRI63913928484039098900,Nifty 50,2001-04-02,1219.67,1219.67
TRI63913928484039098900,Nifty 50,2001-04-03,1231.62,1231.62
TRI63913928484039098900,Nifty 50,2001-04-04,1219.77,1219.77
TRI63913928484039098900,Nifty 50,2001-04-06,1222.94,1222.94
TRI63913928484039098900,Nifty 50,2001-04-09,1210.86,1210.86
TRI63913928484039098900,Nifty 50,2001-04-10,1183.71,1183.71
TRI63913928484039098900,Nifty 50,2001-04-11,1144.81,1144.81
TRI63913928484039098900,Nifty 50,2001-04-12,1099.85,1099.85
TRI63913928484039098900,Nifty 50,2001-04-16,1120.99,1120.99
TRI63913928484039098900,Nifty 50,2001-04-17,1145.03,1145.03
TRI63913928484039098900,Nifty 50,2001-04-18,1184.09,1184.09
TRI63913928484039098900,Nifty 50,2001-04-19,1228.14,1228.14
TRI63913928484039098900,Nifty 50,2001-04-20,1227.66,1227.66
TRI63913928484039098900,Nifty 50,2001-04-23,1233.83,1233.83
TRI63913928484039098900,Nifty 50,2001-04-24,1230.13,1230.13
TRI63913928484039098900,Nifty 50,2001-04-25,1240.02,1240.02
TRI63913928484039098900,Nifty 50,2001-04-26,1227.57,1227.57
TRI63913928484039098900,Nifty 50,2001-04-27,1182.01,1182.01
TRI63913928484039098900,Nifty 50,2001-04-30,1207.72,1207.72
TRI63913928484039098900,Nifty 50,2001-05-02,1220.85,1220.85
TRI63913928484039098900,Nifty 50,2001-05-03,1204.58,1204.58
TRI63913928484039098900,Nifty 50,2001-05-04,1213.17,1213.17
TRI63913928484039098900,Nifty 50,2001-05-07,1223.0,1223.0
TRI63913928484039098900,Nifty 50,2001-05-08,1233.46,1233.46
TRI63913928484039098900,Nifty 50,2001-05-09,1234.02,1234.02
TRI63913928484039098900,Nifty 50,2001-05-10,1229.4,1229.4
TRI63913928484039098900,Nifty 50,2001-05-11,1224.63,1224.63
TRI63913928484039098900,Nifty 50,2001-05-14,1224.95,1224.95
TRI63913928484039098900,Nifty 50,2001-05-15,1229.78,1229.78
TRI63913928484039098900,Nifty 50,2001-05-16,1236.14,1236.14
TRI63913928484039098900,Nifty 50,2001-05-17,1261.7,1261.7
TRI63913928484039098900,Nifty 50,2001-05-18,1259.39,1259.39
TRI63913928484039098900,Nifty 50,2001-05-21,1255.79,1255.79
TRI63913928484039098900,Nifty 50,2001-05-22,1254.34,1254.34
TRI63913928484039098900,Nifty 50,2001-05-23,1267.81,1267.81
TRI63913928484039098900,Nifty 50,2001-05-24,1270.77,1270.77
TRI63913928484039098900,Nifty 50,2001-05-25,1263.3,1263.3
TRI63913928484039098900,Nifty 50,2001-05-28,1282.97,1282.97
TRI63913928484039098900,Nifty 50,2001-05-29,1288.62,1288.62
TRI63913928484039098900,Nifty 50,2001-05-30,1266.96,1266.96
TRI63913928484039098900,Nifty 50,2001-05-31,1256.58,1256.58
TRI63913928484039098900,Nifty 50,2001-06-01,1235.22,1235.22
TRI63913928484039098900,Nifty 50,2001-06-04,1212.79,1212.79
TRI63913928484039098900,Nifty 50,2001-06-05,1200.31,1200.31
TRI63913928484039098900,Nifty 50,2001-06-06,1200.42,1200.42
TRI63913928484039098900,Nifty 50,2001-06-07,1196.81,1196.81
TRI63913928484039098900,Nifty 50,2001-06-08,1212.14,1212.14
TRI63913928484039098900,Nifty 50,2001-06-11,1216.98,1216.98
TRI63913928484039098900,Nifty 50,2001-06-12,1212.73,1212.73
TRI63913928484039098900,Nifty 50,2001-06-13,1215.82,1215.82
TRI63913928484039098900,Nifty 50,2001-06-14,1198.32,1198.32
TRI63913928484039098900,Nifty 50,2001-06-15,1171.4,1171.4
TRI63913928484039098900,Nifty 50,2001-06-18,1161.22,1161.22
TRI63913928484039098900,Nifty 50,2001-06-19,1180.98,1180.98
TRI63913928484039098900,Nifty 50,2001-06-20,1182.7,1182.7
TRI63913928484039098900,Nifty 50,2001-06-21,1180.11,1180.11
TRI63913928484039098900,Nifty 50,2001-06-22,1171.98,1171.98
TRI63913928485101627500,Nifty 50,2001-06-25,1149.73,1149.73
TRI63913928485101627500,Nifty 50,2001-06-26,1181.62,1181.62
TRI63913928485101627500,Nifty 50,2001-06-27,1181.08,1181.08
TRI63913928485101627500,Nifty 50,2001-06-28,1178.82,1178.82
TRI63913928485101627500,Nifty 50,2001-06-29,1193.8,1193.8
TRI63913928485101627500,Nifty 50,2001-07-02,1187.42,1187.42
TRI63913928485101627500,Nifty 50,2001-07-03,1154.04,1154.04
TRI63913928485101627500,Nifty 50,2001-07-04,1152.35,1152.35
TRI63913928485101627500,Nifty 50,2001-07-05,1154.35,1154.35
TRI63913928485101627500,Nifty 50,2001-07-06,1150.26,1150.26
TRI63913928485101627500,Nifty 50,2001-07-09,1144.6,1144.6
TRI63913928485101627500,Nifty 50,2001-07-10,1158.15,1158.15
TRI63913928485101627500,Nifty 50,2001-07-11,1170.68,1170.68
TRI63913928485101627500,Nifty 50,2001-07-12,1194.29,1194.29
TRI63913928485101627500,Nifty 50,2001-07-13,1199.64,1199.64
TRI63913928485101627500,Nifty 50,2001-07-16,1194.34,1194.34
TRI63913928485101627500,Nifty 50,2001-07-17,1191.7,1191.7
TRI63913928485101627500,Nifty 50,2001-07-18,1179.65,1179.65
TRI63913928485101627500,Nifty 50,2001-07-19,1173.12,1173.12
TRI63913928485101627500,Nifty 50,2001-07-20,1164.48,1164.48
TRI63913928485101627500,Nifty 50,2001-07-23,1156.86,1156.86
TRI63913928485101627500,Nifty 50,2001-07-24,1158.92,1158.92
TRI63913928485101627500,Nifty 50,2001-07-25,1149.9,1149.9
TRI63913928485101627500,Nifty 50,2001-07-26,1138.23,1138.23
TRI63913928485101627500,Nifty 50,2001-07-27,1136.39,1136.39
TRI63913928485101627500,Nifty 50,2001-07-30,1147.35,1147.35
TRI63913928485101627500,Nifty 50,2001-07-31,1159.68,1159.68
TRI63913928485101627500,Nifty 50,2001-08-01,1149.19,1149.19
TRI63913928485101627500,Nifty 50,2001-08-02,1152.44,1152.44
TRI63913928485101627500,Nifty 50,2001-08-03,1161.74,1161.74
TRI63913928485101627500,Nifty 50,2001-08-06,1162.75,1162.75
TRI63913928485101627500,Nifty 50,2001-08-07,1159.45,1159.45
TRI63913928485101627500,Nifty 50,2001-08-08,1155.01,1155.01
TRI63913928485101627500,Nifty 50,2001-08-09,1157.88,1157.88
TRI63913928485101627500,Nifty 50,2001-08-10,1158.42,1158.42
TRI63913928485101627500,Nifty 50,2001-08-13,1149.61,1149.61
TRI63913928485101627500,Nifty 50,2001-08-14,1163.12,1163.12
TRI63913928485101627500,Nifty 50,2001-08-16,1166.85,1166.85
TRI63913928485101627500,Nifty 50,2001-08-17,1156.31,1156.31
TRI63913928485101627500,Nifty 50,2001-08-20,1150.47,1150.47
TRI63913928485101627500,Nifty 50,2001-08-21,1157.1,1157.1
TRI63913928485101627500,Nifty 50,2001-08-23,1160.24,1160.24
TRI63913928485101627500,Nifty 50,2001-08-24,1157.89,1157.89
TRI63913928485101627500,Nifty 50,2001-08-27,1161.57,1161.57
TRI63913928485101627500,Nifty 50,2001-08-28,1159.51,1159.51
TRI63913928485101627500,Nifty 50,2001-08-29,1156.32,1156.32
TRI63913928485101627500,Nifty 50,2001-08-30,1152.75,1152.75
TRI63913928485101627500,Nifty 50,2001-08-31,1141.48,1141.48
TRI63913928485101627500,Nifty 50,2001-09-03,1135.58,1135.58
TRI63913928485101627500,Nifty 50,2001-09-04,1135.75,1135.75
TRI63913928485101627500,Nifty 50,2001-09-05,1132.64,1132.64
TRI63913928485101627500,Nifty 50,2001-09-06,1124.04,1124.04
TRI63913928485101627500,Nifty 50,2001-09-07,1123.37,1123.37
TRI63913928485101627500,Nifty 50,2001-09-10,1121.42,1121.42
TRI63913928485101627500,Nifty 50,2001-09-11,1110.56,1110.56
TRI63913928485101627500,Nifty 50,2001-09-12,1065.86,1065.86
TRI63913928485101627500,Nifty 50,2001-09-13,1054.46,1054.46
TRI63913928485101627500,Nifty 50,2001-09-14,998.03,998.03
TRI63913928485101627500,Nifty 50,2001-09-17,946.54,946.54
TRI63913928485101627500,Nifty 50,2001-09-18,976.87,976.87
TRI63913928485101627500,Nifty 50,2001-09-19,989.98,989.98
TRI63913928485101627500,Nifty 50,2001-09-20,975.44,975.44
TRI63913928485101627500,Nifty 50,2001-09-21,927.03,927.03
TRI63913928486429755700,Nifty 50,2001-09-24,943.15,943.15
TRI63913928486429755700,Nifty 50,2001-09-25,934.85,934.85
TRI63913928486429755700,Nifty 50,2001-09-26,948.2,948.2
TRI63913928486429755700,Nifty 50,2001-09-27,965.88,965.88
TRI63913928486429755700,Nifty 50,2001-09-28,991.77,991.77
TRI63913928486429755700,Nifty 50,2001-10-01,987.7,987.7
TRI63913928486429755700,Nifty 50,2001-10-03,976.36,976.36
TRI63913928486429755700,Nifty 50,2001-10-04,989.38,989.38
TRI63913928486429755700,Nifty 50,2001-10-05,992.58,992.58
TRI63913928486429755700,Nifty 50,2001-10-08,978.94,978.94
TRI63913928486429755700,Nifty 50,2001-10-09,990.61,990.61
TRI63913928486429755700,Nifty 50,2001-10-10,1020.62,1020.62
TRI63913928486429755700,Nifty 50,2001-10-11,1036.41,1036.41
TRI63913928486429755700,Nifty 50,2001-10-12,1042.38,1042.38
TRI63913928486429755700,Nifty 50,2001-10-15,1045.64,1045.64
TRI63913928486429755700,Nifty 50,2001-10-16,1054.16,1054.16
TRI63913928486429755700,Nifty 50,2001-10-17,1070.44,1070.44
TRI63913928486429755700,Nifty 50,2001-10-18,1055.03,1055.03
TRI63913928486429755700,Nifty 50,2001-10-19,1060.02,1060.02
TRI63913928486429755700,Nifty 50,2001-10-22,1059.93,1059.93
TRI63913928486429755700,Nifty 50,2001-10-23,1078.17,1078.17
TRI63913928486429755700,Nifty 50,2001-10-24,1076.0,1076.0
TRI63913928486429755700,Nifty 50,2001-10-25,1067.68,1067.68
TRI63913928486429755700,Nifty 50,2001-10-29,1061.44,1061.44
TRI63913928486429755700,Nifty 50,2001-10-30,1045.91,1045.91
TRI63913928486429755700,Nifty 50,2001-10-31,1055.47,1055.47
TRI63913928486429755700,Nifty 50,2001-11-01,1079.47,1079.47
TRI63913928486429755700,Nifty 50,2001-11-02,1083.38,1083.38
TRI63913928486429755700,Nifty 50,2001-11-05,1076.27,1076.27
TRI63913928486429755700,Nifty 50,2001-11-06,1088.05,1088.05
TRI63913928486429755700,Nifty 50,2001-11-07,1072.41,1072.41
TRI63913928486429755700,Nifty 50,2001-11-08,1083.49,1083.49
TRI63913928486429755700,Nifty 50,2001-11-09,1090.38,1090.38
TRI63913928486429755700,Nifty 50,2001-11-12,1097.97,1097.97
TRI63913928486429755700,Nifty 50,2001-11-13,1091.99,1091.99
TRI63913928486429755700,Nifty 50,2001-11-14,1103.29,1103.29
TRI63913928486429755700,Nifty 50,2001-11-15,1124.9,1124.9
TRI63913928486429755700,Nifty 50,2001-11-19,1160.17,1160.17
TRI63913928486429755700,Nifty 50,2001-11-20,1140.67,1140.67
TRI63913928486429755700,Nifty 50,2001-11-21,1147.35,1147.35
TRI63913928486429755700,Nifty 50,2001-11-22,1153.97,1153.97
TRI63913928486429755700,Nifty 50,2001-11-23,1150.23,1150.23
TRI63913928486429755700,Nifty 50,2001-11-26,1173.69,1173.69
TRI63913928486429755700,Nifty 50,2001-11-27,1168.75,1168.75
TRI63913928486429755700,Nifty 50,2001-11-28,1163.04,1163.04
TRI63913928486429755700,Nifty 50,2001-11-29,1159.08,1159.08
TRI63913928486429755700,Nifty 50,2001-12-03,1157.18,1157.18
TRI63913928486429755700,Nifty 50,2001-12-04,1170.54,1170.54
TRI63913928486429755700,Nifty 50,2001-12-05,1199.7,1199.7
TRI63913928486429755700,Nifty 50,2001-12-06,1206.11,1206.11
TRI63913928486429755700,Nifty 50,2001-12-07,1208.12,1208.12
TRI63913928486429755700,Nifty 50,2001-12-10,1211.32,1211.32
TRI63913928486429755700,Nifty 50,2001-12-11,1205.84,1205.84
TRI63913928486429755700,Nifty 50,2001-12-12,1203.07,1203.07
TRI63913928486429755700,Nifty 50,2001-12-13,1193.4,1193.4
TRI63913928486429755700,Nifty 50,2001-12-14,1181.56,1181.56
TRI63913928486429755700,Nifty 50,2001-12-18,1175.53,1175.53
TRI63913928486429755700,Nifty 50,2001-12-19,1152.13,1152.13
TRI63913928486429755700,Nifty 50,2001-12-20,1153.49,1153.49
TRI63913928487664143600,Nifty 50,2001-12-21,1141.38,1141.38
TRI63913928487664143600,Nifty 50,2001-12-24,1138.82,1138.82
TRI63913928487664143600,Nifty 50,2001-12-26,1123.35,1123.35
TRI63913928487664143600,Nifty 50,2001-12-27,1107.87,1107.87
TRI63913928487664143600,Nifty 50,2001-12-28,1122.86,1122.86
TRI63913928487664143600,Nifty 50,2001-12-31,1150.28,1150.28
TRI63913928487664143600,Nifty 50,2002-01-01,1146.21,1146.21
TRI63913928487664143600,Nifty 50,2002-01-02,1152.13,1152.13
TRI63913928487664143600,Nifty 50,2002-01-03,1164.62,1164.62
TRI63913928487664143600,Nifty 50,2002-01-04,1190.63,1190.63
TRI63913928487664143600,Nifty 50,2002-01-07,1194.92,1194.92
TRI63913928487664143600,Nifty 50,2002-01-08,1205.51,1205.51
TRI63913928487664143600,Nifty 50,2002-01-09,1197.8,1197.8
TRI63913928487664143600,Nifty 50,2002-01-10,1192.87,1192.87
TRI63913928487664143600,Nifty 50,2002-01-11,1182.39,1182.39
TRI63913928487664143600,Nifty 50,2002-01-14,1205.47,1205.47
TRI63913928487664143600,Nifty 50,2002-01-15,1188.47,1188.47
TRI63913928487664143600,Nifty 50,2002-01-16,1184.29,1184.29
TRI63913928487664143600,Nifty 50,2002-01-17,1204.82,1204.82
TRI63913928487664143600,Nifty 50,2002-01-18,1187.38,1187.38
TRI63913928487664143600,Nifty 50,2002-01-21,1185.43,1185.43
TRI63913928487664143600,Nifty 50,2002-01-22,1187.06,1187.06
TRI63913928487664143600,Nifty 50,2002-01-23,1183.31,1183.31
TRI63913928487664143600,Nifty 50,2002-01-24,1178.86,1178.86
TRI63913928487664143600,Nifty 50,2002-01-25,1173.21,1173.21
TRI63913928487664143600,Nifty 50,2002-01-28,1163.7,1163.7
TRI63913928487664143600,Nifty 50,2002-01-29,1164.03,1164.03
TRI63913928487664143600,Nifty 50,2002-01-30,1159.47,1159.47
TRI63913928487664143600,Nifty 50,2002-01-31,1168.1,1168.1
TRI63913928487664143600,Nifty 50,2002-02-01,1175.19,1175.19
TRI63913928487664143600,Nifty 50,2002-02-04,1170.03,1170.03
TRI63913928487664143600,Nifty 50,2002-02-05,1167.15,1167.15
TRI63913928487664143600,Nifty 50,2002-02-06,1210.81,1210.81
TRI63913928487664143600,Nifty 50,2002-02-07,1207.93,1207.93
TRI63913928487664143600,Nifty 50,2002-02-08,1222.39,1222.39
TRI63913928487664143600,Nifty 50,2002-02-11,1230.88,1230.88
TRI63913928487664143600,Nifty 50,2002-02-12,1228.65,1228.65
TRI63913928487664143600,Nifty 50,2002-02-13,1234.74,1234.74
TRI63913928487664143600,Nifty 50,2002-02-14,1250.95,1250.95
TRI63913928487664143600,Nifty 50,2002-02-15,1261.88,1261.88
TRI63913928487664143600,Nifty 50,2002-02-18,1275.92,1275.92
TRI63913928487664143600,Nifty 50,2002-02-19,1260.74,1260.74
TRI63913928487664143600,Nifty 50,2002-02-20,1246.65,1246.65
TRI63913928487664143600,Nifty 50,2002-02-21,1250.9,1250.9
TRI63913928487664143600,Nifty 50,2002-02-22,1265.75,1265.75
TRI63913928487664143600,Nifty 50,2002-02-25,1268.01,1268.01
TRI63913928487664143600,Nifty 50,2002-02-26,1294.07,1294.07
TRI63913928487664143600,Nifty 50,2002-02-27,1293.85,1293.85
TRI63913928487664143600,Nifty 50,2002-02-28,1242.55,1242.55
TRI63913928487664143600,Nifty 50,2002-03-01,1281.66,1281.66
TRI63913928487664143600,Nifty 50,2002-03-04,1280.96,1280.96
TRI63913928487664143600,Nifty 50,2002-03-05,1282.21,1282.21
TRI63913928487664143600,Nifty 50,2002-03-06,1275.79,1275.79
TRI63913928487664143600,Nifty 50,2002-03-07,1298.04,1298.04
TRI63913928487664143600,Nifty 50,2002-03-08,1292.16,1292.16
TRI63913928487664143600,Nifty 50,2002-03-11,1270.62,1270.62
TRI63913928487664143600,Nifty 50,2002-03-12,1251.69,1251.69
TRI63913928487664143600,Nifty 50,2002-03-13,1258.87,1258.87
TRI63913928487664143600,Nifty 50,2002-03-14,1261.48,1261.48
TRI63913928487664143600,Nifty 50,2002-03-15,1272.69,1272.69
TRI63913928487664143600,Nifty 50,2002-03-18,1272.2,1272.2
TRI63913928487664143600,Nifty 50,2002-03-19,1253.54,1253.54
TRI63913928487664143600,Nifty 50,2002-03-20,1257.29,1257.29
TRI63913928488617287300,Nifty 50,2002-03-21,1244.89,1244.89
TRI63913928488617287300,Nifty 50,2002-03-22,1238.63,1238.63
TRI63913928488617287300,Nifty 50,2002-03-26,1221.88,1221.88
TRI63913928488617287300,Nifty 50,2002-03-27,1222.2,1222.2
TRI63913928488617287300,Nifty 50,2002-03-28,1228.95,1228.95
TRI63913928488617287300,Nifty 50,2002-04-01,1239.18,1239.18
TRI63913928488617287300,Nifty 50,2002-04-02,1237.0,1237.0
TRI63913928488617287300,Nifty 50,2002-04-03,1222.43,1222.42
TRI63913928488617287300,Nifty 50,2002-04-04,1246.94,1246.9
TRI63913928488617287300,Nifty 50,2002-04-05,1242.64,1242.6
TRI63913928488617287300,Nifty 50,2002-04-08,1237.12,1236.71
TRI63913928488617287300,Nifty 50,2002-04-09,1227.8,1227.39
TRI63913928488617287300,Nifty 50,2002-04-10,1240.66,1240.25
TRI63913928488617287300,Nifty 50,2002-04-11,1246.22,1245.8
TRI63913928488617287300,Nifty 50,2002-04-12,1249.38,1248.96
TRI63913928488617287300,Nifty 50,2002-04-15,1235.92,1235.51
TRI63913928488617287300,Nifty 50,2002-04-16,1219.14,1218.73
TRI63913928488617287300,Nifty 50,2002-04-17,1226.06,1225.65
TRI63913928488617287300,Nifty 50,2002-04-18,1230.31,1229.9
TRI63913928488617287300,Nifty 50,2002-04-19,1199.03,1198.63
TRI63913928488617287300,Nifty 50,2002-04-22,1203.23,1202.83
TRI63913928488617287300,Nifty 50,2002-04-23,1205.25,1204.84
TRI63913928488617287300,Nifty 50,2002-04-24,1210.26,1209.85
TRI63913928488617287300,Nifty 50,2002-04-25,1192.5,1192.1
TRI63913928488617287300,Nifty 50,2002-04-26,1195.87,1195.47
TRI63913928488617287300,Nifty 50,2002-04-29,1170.59,1170.2
TRI63913928488617287300,Nifty 50,2002-04-30,1181.82,1181.42
TRI63913928488617287300,Nifty 50,2002-05-02,1191.41,1191.01
TRI63913928488617287300,Nifty 50,2002-05-03,1195.38,1194.98
TRI63913928488617287300,Nifty 50,2002-05-06,1199.74,1199.34
TRI63913928488617287300,Nifty 50,2002-05-07,1210.6,1210.14
TRI63913928488617287300,Nifty 50,2002-05-08,1218.12,1217.66
TRI63913928488617287300,Nifty 50,2002-05-09,1229.02,1228.56
TRI63913928488617287300,Nifty 50,2002-05-10,1216.81,1216.35
TRI63913928488617287300,Nifty 50,2002-05-13,1220.35,1219.9
TRI63913928488617287300,Nifty 50,2002-05-14,1215.39,1214.94
TRI63913928488617287300,Nifty 50,2002-05-15,1207.44,1206.98
TRI63913928488617287300,Nifty 50,2002-05-16,1191.09,1190.64
TRI63913928488617287300,Nifty 50,2002-05-17,1188.74,1188.3
TRI63913928488617287300,Nifty 50,2002-05-20,1170.98,1170.54
TRI63913928488617287300,Nifty 50,2002-05-21,1143.83,1143.34
TRI63913928488617287300,Nifty 50,2002-05-22,1139.57,1139.09
TRI63913928488617287300,Nifty 50,2002-05-23,1119.35,1118.88
TRI63913928488617287300,Nifty 50,2002-05-24,1163.31,1162.8
TRI63913928488617287300,Nifty 50,2002-05-27,1158.62,1158.12
TRI63913928488617287300,Nifty 50,2002-05-28,1132.5,1131.88
TRI63913928488617287300,Nifty 50,2002-05-29,1136.59,1135.9
TRI63913928488617287300,Nifty 50,2002-05-30,1126.51,1125.77
TRI63913928488617287300,Nifty 50,2002-05-31,1122.86,1122.12
TRI63913928488617287300,Nifty 50,2002-06-03,1134.92,1134.15
TRI63913928488617287300,Nifty 50,2002-06-04,1141.09,1140.32
TRI63913928488617287300,Nifty 50,2002-06-05,1161.61,1160.82
TRI63913928488617287300,Nifty 50,2002-06-06,1161.78,1160.99
TRI63913928488617287300,Nifty 50,2002-06-07,1144.8,1144.02
TRI63913928488617287300,Nifty 50,2002-06-10,1167.83,1167.04
TRI63913928488617287300,Nifty 50,2002-06-11,1197.85,1196.95
TRI63913928488617287300,Nifty 50,2002-06-12,1193.55,1192.59
TRI63913928488617287300,Nifty 50,2002-06-13,1182.69,1181.73
TRI63913928488617287300,Nifty 50,2002-06-14,1185.8,1184.84
TRI63913928488617287300,Nifty 50,2002-06-17,1189.31,1188.34
TRI63913928488617287300,Nifty 50,2002-06-18,1174.06,1173.11
TRI63913928489929795700,Nifty 50,2002-06-19,1160.95,1160.01
TRI63913928489929795700,Nifty 50,2002-06-20,1169.0,1168.0
TRI63913928489929795700,Nifty 50,2002-06-21,1160.83,1159.83
TRI63913928489929795700,Nifty 50,2002-06-24,1160.03,1159.04
TRI63913928489929795700,Nifty 50,2002-06-25,1152.97,1151.99
TRI63913928489929795700,Nifty 50,2002-06-26,1140.91,1139.9
TRI63913928489929795700,Nifty 50,2002-06-27,1145.69,1144.67
TRI63913928489929795700,Nifty 50,2002-06-28,1155.88,1154.83
TRI63913928489929795700,Nifty 50,2002-07-01,1168.05,1166.99
TRI63913928489929795700,Nifty 50,2002-07-02,1167.13,1166.06
TRI63913928489929795700,Nifty 50,2002-07-03,1170.15,1168.87
TRI63913928489929795700,Nifty 50,2002-07-04,1170.86,1169.58
TRI63913928489929795700,Nifty 50,2002-07-05,1174.42,1173.14
TRI63913928489929795700,Nifty 50,2002-07-08,1183.45,1182.15
TRI63913928489929795700,Nifty 50,2002-07-09,1181.88,1180.51
TRI63913928489929795700,Nifty 50,2002-07-10,1172.87,1171.43
TRI63913928489929795700,Nifty 50,2002-07-11,1157.48,1155.82
TRI63913928489929795700,Nifty 50,2002-07-12,1160.31,1158.43
TRI63913928489929795700,Nifty 50,2002-07-15,1149.08,1147.22
TRI63913928489929795700,Nifty 50,2002-07-16,1136.14,1134.24
TRI63913928489929795700,Nifty 50,2002-07-17,1132.39,1130.5
TRI63913928489929795700,Nifty 50,2002-07-18,1142.25,1140.29
TRI63913928489929795700,Nifty 50,2002-07-19,1136.33,1134.38
TRI63913928489929795700,Nifty 50,2002-07-22,1110.67,1108.65
TRI63913928489929795700,Nifty 50,2002-07-23,1121.5,1119.47
TRI63913928489929795700,Nifty 50,2002-07-24,1101.92,1099.92
TRI63913928489929795700,Nifty 50,2002-07-25,1099.2,1097.2
TRI63913928489929795700,Nifty 50,2002-07-26,1068.39,1066.46
TRI63913928489929795700,Nifty 50,2002-07-29,1067.49,1065.32
TRI63913928489929795700,Nifty 50,2002-07-30,1055.55,1053.37
TRI63913928489929795700,Nifty 50,2002-07-31,1054.41,1052.07
TRI63913928489929795700,Nifty 50,2002-08-01,1053.07,1050.74
TRI63913928489929795700,Nifty 50,2002-08-02,1050.97,1048.41
TRI63913928489929795700,Nifty 50,2002-08-05,1060.33,1057.74
TRI63913928489929795700,Nifty 50,2002-08-06,1064.07,1061.48
TRI63913928489929795700,Nifty 50,2002-08-07,1068.5,1065.54
TRI63913928489929795700,Nifty 50,2002-08-08,1051.42,1048.49
TRI63913928489929795700,Nifty 50,2002-08-09,1060.7,1057.74
TRI63913928489929795700,Nifty 50,2002-08-12,1069.41,1066.43
TRI63913928489929795700,Nifty 50,2002-08-13,1076.23,1073.23
TRI63913928489929795700,Nifty 50,2002-08-14,1069.38,1066.35
TRI63913928489929795700,Nifty 50,2002-08-16,1080.18,1077.08
TRI63913928489929795700,Nifty 50,2002-08-19,1080.82,1077.73
TRI63913928489929795700,Nifty 50,2002-08-20,1090.53,1087.38
TRI63913928489929795700,Nifty 50,2002-08-21,1090.37,1087.24
TRI63913928489929795700,Nifty 50,2002-08-22,1087.37,1084.24
TRI63913928489929795700,Nifty 50,2002-08-23,1097.83,1094.67
TRI63913928489929795700,Nifty 50,2002-08-26,1101.87,1098.69
TRI63913928489929795700,Nifty 50,2002-08-27,1089.55,1086.41
TRI63913928489929795700,Nifty 50,2002-08-28,1087.38,1084.25
TRI63913928489929795700,Nifty 50,2002-08-29,1089.21,1086.04
TRI63913928489929795700,Nifty 50,2002-08-30,1115.02,1111.76
TRI63913928489929795700,Nifty 50,2002-09-02,1118.2,1114.95
TRI63913928489929795700,Nifty 50,2002-09-03,1104.51,1101.3
TRI63913928489929795700,Nifty 50,2002-09-04,1110.94,1107.71
TRI63913928489929795700,Nifty 50,2002-09-05,1113.08,1109.77
TRI63913928489929795700,Nifty 50,2002-09-06,1098.32,1095.06
TRI63913928489929795700,Nifty 50,2002-09-09,1101.98,1098.72
TRI63913928489929795700,Nifty 50,2002-09-11,1102.45,1099.15
TRI63913928489929795700,Nifty 50,2002-09-12,1106.44,1102.95
TRI63913928489929795700,Nifty 50,2002-09-13,1095.78,1092.32
TRI63913928489929795700,Nifty 50,2002-09-16,1088.88,1085.44
TRI63913928491320424800,Nifty 50,2002-09-17,1098.99,1095.51
TRI63913928491320424800,Nifty 50,2002-09-18,1086.5,1083.07
TRI63913928491320424800,Nifty 50,2002-09-19,1078.16,1074.76
TRI63913928491320424800,Nifty 50,2002-09-20,1071.04,1067.66
TRI63913928491320424800,Nifty 50,2002-09-23,1071.81,1068.43
TRI63913928491320424800,Nifty 50,2002-09-24,1067.28,1063.91
TRI63913928491320424800,Nifty 50,2002-09-25,1071.54,1068.15
TRI63913928491320424800,Nifty 50,2002-09-26,1071.37,1067.99
TRI63913928491320424800,Nifty 50,2002-09-27,1078.61,1075.2
TRI63913928491320424800,Nifty 50,2002-09-30,1063.92,1060.55
TRI63913928491320424800,Nifty 50,2002-10-01,1055.13,1051.8
TRI63913928491320424800,Nifty 50,2002-10-03,1047.34,1044.04
TRI63913928491320424800,Nifty 50,2002-10-04,1047.34,1044.04
TRI63913928491320424800,Nifty 50,2002-10-07,1054.57,1051.25
TRI63913928491320424800,Nifty 50,2002-10-08,1061.31,1057.96
TRI63913928491320424800,Nifty 50,2002-10-09,1054.63,1051.3
TRI63913928491320424800,Nifty 50,2002-10-10,1058.72,1055.37
TRI63913928491320424800,Nifty 50,2002-10-11,1072.64,1069.25
TRI63913928491320424800,Nifty 50,2002-10-14,1074.19,1070.79
TRI63913928491320424800,Nifty 50,2002-10-16,1075.46,1072.06
TRI63913928491320424800,Nifty 50,2002-10-17,1075.12,1071.73
TRI63913928491320424800,Nifty 50,2002-10-18,1073.3,1069.91
TRI63913928491320424800,Nifty 50,2002-10-21,1068.72,1065.31
TRI63913928491320424800,Nifty 50,2002-10-22,1063.36,1059.96
TRI63913928491320424800,Nifty 50,2002-10-23,1059.76,1055.95
TRI63913928491320424800,Nifty 50,2002-10-24,1048.19,1044.42
TRI63913928491320424800,Nifty 50,2002-10-25,1031.92,1028.21
TRI63913928491320424800,Nifty 50,2002-10-28,1021.41,1017.73
TRI63913928491320424800,Nifty 50,2002-10-29,1037.13,1033.39
TRI63913928491320424800,Nifty 50,2002-10-30,1038.32,1034.53
TRI63913928491320424800,Nifty 50,2002-10-31,1053.44,1049.59
TRI63913928491320424800,Nifty 50,2002-11-01,1053.49,1049.65
TRI63913928491320424800,Nifty 50,2002-11-04,1065.28,1061.4
TRI63913928491320424800,Nifty 50,2002-11-05,1065.58,1061.68
TRI63913928491320424800,Nifty 50,2002-11-07,1063.81,1059.91
TRI63913928491320424800,Nifty 50,2002-11-08,1059.66,1055.77
TRI63913928491320424800,Nifty 50,2002-11-11,1056.45,1052.58
TRI63913928491320424800,Nifty 50,2002-11-12,1062.87,1058.97
TRI63913928491320424800,Nifty 50,2002-11-13,1065.97,1062.06
TRI63913928491320424800,Nifty 50,2002-11-14,1076.26,1072.3
TRI63913928491320424800,Nifty 50,2002-11-15,1096.69,1092.66
TRI63913928491320424800,Nifty 50,2002-11-18,1103.89,1099.83
TRI63913928491320424800,Nifty 50,2002-11-20,1109.15,1105.07
TRI63913928491320424800,Nifty 50,2002-11-21,1117.07,1112.96
TRI63913928491320424800,Nifty 50,2002-11-22,1129.69,1125.54
TRI63913928491320424800,Nifty 50,2002-11-25,1136.39,1132.21
TRI63913928491320424800,Nifty 50,2002-11-26,1147.41,1143.19
TRI63913928491320424800,Nifty 50,2002-11-27,1141.82,1137.62
TRI63913928491320424800,Nifty 50,2002-11-28,1162.41,1158.14
TRI63913928491320424800,Nifty 50,2002-11-29,1162.91,1158.64
TRI63913928491320424800,Nifty 50,2002-12-02,1182.57,1178.22
TRI63913928491320424800,Nifty 50,2002-12-03,1168.28,1163.99
TRI63913928491320424800,Nifty 50,2002-12-04,1147.68,1143.47
TRI63913928491320424800,Nifty 50,2002-12-05,1158.26,1154.0
TRI63913928491320424800,Nifty 50,2002-12-06,1184.77,1180.39
TRI63913928491320424800,Nifty 50,2002-12-09,1172.95,1168.51
TRI63913928491320424800,Nifty 50,2002-12-10,1178.55,1174.09
TRI63913928491320424800,Nifty 50,2002-12-11,1185.25,1180.76
TRI63913928491320424800,Nifty 50,2002-12-12,1193.28,1188.77
TRI63913928491320424800,Nifty 50,2002-12-13,1203.48,1198.92
TRI63913928492492316700,Nifty 50,2002-12-16,1194.89,1190.37
TRI63913928492492316700,Nifty 50,2002-12-17,1189.13,1184.63
TRI63913928492492316700,Nifty 50,2002-12-18,1194.34,1189.81
TRI63913928492492316700,Nifty 50,2002-12-19,1192.19,1187.67
TRI63913928492492316700,Nifty 50,2002-12-20,1195.89,1191.35
TRI63913928492492316700,Nifty 50,2002-12-23,1192.23,1187.7
TRI63913928492492316700,Nifty 50,2002-12-24,1202.23,1197.66
TRI63913928492492316700,Nifty 50,2002-12-26,1213.07,1208.46
TRI63913928492492316700,Nifty 50,2002-12-27,1217.05,1212.43
TRI63913928492492316700,Nifty 50,2002-12-30,1209.91,1205.32
TRI63913928492492316700,Nifty 50,2002-12-31,1211.66,1207.06
TRI63913928492492316700,Nifty 50,2003-01-01,1219.01,1214.38
TRI63913928492492316700,Nifty 50,2003-01-02,1211.14,1206.54
TRI63913928492492316700,Nifty 50,2003-01-03,1207.31,1202.72
TRI63913928492492316700,Nifty 50,2003-01-06,1201.52,1196.96
TRI63913928492492316700,Nifty 50,2003-01-07,1198.69,1194.13
TRI63913928492492316700,Nifty 50,2003-01-08,1207.05,1202.47
TRI63913928492492316700,Nifty 50,2003-01-09,1215.89,1211.28
TRI63913928492492316700,Nifty 50,2003-01-10,1196.96,1192.41
TRI63913928492492316700,Nifty 50,2003-01-13,1189.73,1185.22
TRI63913928492492316700,Nifty 50,2003-01-14,1195.54,1190.99
TRI63913928492492316700,Nifty 50,2003-01-15,1202.24,1197.67
TRI63913928492492316700,Nifty 50,2003-01-16,1205.96,1201.37
TRI63913928492492316700,Nifty 50,2003-01-17,1203.87,1199.3
TRI63913928492492316700,Nifty 50,2003-01-20,1192.65,1188.12
TRI63913928492492316700,Nifty 50,2003-01-21,1194.36,1189.83
TRI63913928492492316700,Nifty 50,2003-01-22,1199.89,1195.34
TRI63913928492492316700,Nifty 50,2003-01-23,1186.63,1182.12
TRI63913928492492316700,Nifty 50,2003-01-24,1170.17,1165.72
TRI63913928492492316700,Nifty 50,2003-01-27,1149.82,1145.44
TRI63913928492492316700,Nifty 50,2003-01-28,1159.29,1154.88
TRI63913928492492316700,Nifty 50,2003-01-29,1149.31,1144.93
TRI63913928492492316700,Nifty 50,2003-01-30,1146.45,1142.08
TRI63913928492492316700,Nifty 50,2003-01-31,1154.67,1150.23
TRI63913928492492316700,Nifty 50,2003-02-03,1169.78,1165.24
TRI63913928492492316700,Nifty 50,2003-02-04,1169.2,1164.67
TRI63913928492492316700,Nifty 50,2003-02-05,1161.01,1156.51
TRI63913928492492316700,Nifty 50,2003-02-06,1178.96,1174.39
TRI63913928492492316700,Nifty 50,2003-02-07,1172.23,1167.68
TRI63913928492492316700,Nifty 50,2003-02-10,1162.32,1157.82
TRI63913928492492316700,Nifty 50,2003-02-11,1161.7,1157.19
TRI63913928492492316700,Nifty 50,2003-02-12,1157.76,1153.27
TRI63913928492492316700,Nifty 50,2003-02-14,1148.36,1143.91
TRI63913928492492316700,Nifty 50,2003-02-17,1173.0,1168.45
TRI63913928492492316700,Nifty 50,2003-02-18,1174.19,1169.64
TRI63913928492492316700,Nifty 50,2003-02-19,1179.72,1175.15
TRI63913928492492316700,Nifty 50,2003-02-20,1181.2,1176.61
TRI63913928492492316700,Nifty 50,2003-02-21,1181.78,1177.2
TRI63913928492492316700,Nifty 50,2003-02-24,1186.22,1181.62
TRI63913928492492316700,Nifty 50,2003-02-25,1170.04,1165.51
TRI63913928492492316700,Nifty 50,2003-02-26,1163.48,1158.98
TRI63913928492492316700,Nifty 50,2003-02-27,1167.18,1162.65
TRI63913928492492316700,Nifty 50,2003-02-28,1178.72,1174.16
TRI63913928492492316700,Nifty 50,2003-03-03,1173.69,1169.14
TRI63913928492492316700,Nifty 50,2003-03-04,1160.15,1155.64
TRI63913928492492316700,Nifty 50,2003-03-05,1153.57,1149.1
TRI63913928492492316700,Nifty 50,2003-03-06,1143.13,1138.69
TRI63913928492492316700,Nifty 50,2003-03-07,1127.4,1123.03
TRI63913928492492316700,Nifty 50,2003-03-10,1115.88,1111.56
TRI63913928492492316700,Nifty 50,2003-03-11,1124.6,1120.24
TRI63913928492492316700,Nifty 50,2003-03-12,1110.35,1106.05
TRI63913928492492316700,Nifty 50,2003-03-13,1108.08,1103.78
TRI63913928493711831600,Nifty 50,2003-03-17,1100.72,1096.45
TRI63913928493711831600,Nifty 50,2003-03-19,1113.07,1108.69
TRI63913928493711831600,Nifty 50,2003-03-20,1136.74,1132.27
TRI63913928493711831600,Nifty 50,2003-03-21,1142.63,1138.13
TRI63913928493711831600,Nifty 50,2003-03-22,1149.94,1145.42
TRI63913928493711831600,Nifty 50,2003-03-24,1124.15,1119.74
TRI63913928493711831600,Nifty 50,2003-03-25,1121.27,1116.87
TRI63913928493711831600,Nifty 50,2003-03-26,1124.08,1119.67
TRI63913928493711831600,Nifty 50,2003-03-27,1111.8,1107.42
TRI63913928493711831600,Nifty 50,2003-03-28,1109.46,1105.09
TRI63913928493711831600,Nifty 50,2003-03-31,1084.64,1080.36
TRI63913928493711831600,Nifty 50,2003-04-01,1091.38,1087.08
TRI63913928493711831600,Nifty 50,2003-04-02,1108.14,1103.78
TRI63913928493711831600,Nifty 50,2003-04-03,1118.97,1114.56
TRI63913928493711831600,Nifty 50,2003-04-04,1129.64,1125.19
TRI63913928493711831600,Nifty 50,2003-04-07,1145.8,1141.29
TRI63913928493711831600,Nifty 50,2003-04-08,1130.94,1126.49
TRI63913928493711831600,Nifty 50,2003-04-09,1116.21,1111.82
TRI63913928493711831600,Nifty 50,2003-04-10,1069.0,1064.79
TRI63913928493711831600,Nifty 50,2003-04-11,1055.23,1051.08
TRI63913928493711831600,Nifty 50,2003-04-15,1056.75,1052.6
TRI63913928493711831600,Nifty 50,2003-04-16,1065.07,1060.88
TRI63913928493711831600,Nifty 50,2003-04-17,1045.11,1041.0
TRI63913928493711831600,Nifty 50,2003-04-21,1052.35,1048.21
TRI63913928493711831600,Nifty 50,2003-04-22,1048.23,1044.11
TRI63913928493711831600,Nifty 50,2003-04-23,1037.87,1033.78
TRI63913928493711831600,Nifty 50,2003-04-24,1032.91,1028.85
TRI63913928493711831600,Nifty 50,2003-04-25,1026.9,1022.86
TRI63913928493711831600,Nifty 50,2003-04-28,1032.69,1028.63
TRI63913928493711831600,Nifty 50,2003-04-29,1035.75,1031.68
TRI63913928493711831600,Nifty 50,2003-04-30,1038.0,1033.92
TRI63913928493711831600,Nifty 50,2003-05-02,1042.72,1038.62
TRI63913928493711831600,Nifty 50,2003-05-05,1050.6,1046.47
TRI63913928493711831600,Nifty 50,2003-05-06,1057.77,1053.61
TRI63913928493711831600,Nifty 50,2003-05-07,1056.01,1051.85
TRI63913928493711831600,Nifty 50,2003-05-08,1046.46,1042.35
TRI63913928493711831600,Nifty 50,2003-05-09,1042.34,1038.24
TRI63913928493711831600,Nifty 50,2003-05-12,1040.26,1036.17
TRI63913928493711831600,Nifty 50,2003-05-13,1049.37,1045.25
TRI63913928493711831600,Nifty 50,2003-05-14,1058.25,1054.09
TRI63913928493711831600,Nifty 50,2003-05-15,1066.94,1062.75
TRI63913928493711831600,Nifty 50,2003-05-16,1081.68,1077.43
TRI63913928493711831600,Nifty 50,2003-05-19,1074.43,1070.21
TRI63913928493711831600,Nifty 50,2003-05-20,1079.97,1075.72
TRI63913928493711831600,Nifty 50,2003-05-21,1076.04,1071.81
TRI63913928493711831600,Nifty 50,2003-05-22,1070.72,1066.51
TRI63913928493711831600,Nifty 50,2003-05-23,1078.19,1073.96
TRI63913928493711831600,Nifty 50,2003-05-26,1094.38,1090.09
TRI63913928493711831600,Nifty 50,2003-05-27,1088.15,1083.88
TRI63913928493711831600,Nifty 50,2003-05-28,1104.01,1099.68
TRI63913928493711831600,Nifty 50,2003-05-29,1117.64,1113.26
TRI63913928493711831600,Nifty 50,2003-05-30,1122.32,1117.92
TRI63913928493711831600,Nifty 50,2003-06-02,1131.6,1127.16
TRI63913928493711831600,Nifty 50,2003-06-03,1126.61,1122.2
TRI63913928493711831600,Nifty 50,2003-06-04,1138.17,1133.71
TRI63913928493711831600,Nifty 50,2003-06-05,1153.78,1149.25
TRI63913928493711831600,Nifty 50,2003-06-06,1166.43,1161.86
TRI63913928493711831600,Nifty 50,2003-06-09,1173.69,1169.09
TRI63913928493711831600,Nifty 50,2003-06-10,1158.3,1153.77
TRI63913928493711831600,Nifty 50,2003-06-11,1165.29,1160.73
TRI63913928493711831600,Nifty 50,2003-06-12,1173.35,1168.75
TRI63913928493711831600,Nifty 50,2003-06-13,1178.83,1174.21
TRI63913928494696221900,Nifty 50,2003-06-16,1173.92,1169.32
TRI63913928494696221900,Nifty 50,2003-06-17,1207.62,1202.89
TRI63913928494696221900,Nifty 50,2003-06-18,1212.99,1208.24
TRI63913928494696221900,Nifty 50,2003-06-19,1219.73,1214.96
TRI63913928494696221900,Nifty 50,2003-06-20,1233.49,1228.68
TRI63913928494696221900,Nifty 50,2003-06-23,1221.09,1216.33
TRI63913928494696221900,Nifty 50,2003-06-24,1216.8,1212.05
TRI63913928494696221900,Nifty 50,2003-06-25,1240.65,1235.82
TRI63913928494696221900,Nifty 50,2003-06-26,1251.73,1246.86
TRI63913928494696221900,Nifty 50,2003-06-27,1262.04,1257.12
TRI63913928494696221900,Nifty 50,2003-06-30,1272.21,1267.25
TRI63913928494696221900,Nifty 50,2003-07-01,1269.23,1264.29
TRI63913928494696221900,Nifty 50,2003-07-02,1272.68,1267.73
TRI63913928494696221900,Nifty 50,2003-07-03,1284.9,1279.9
TRI63913928494696221900,Nifty 50,2003-07-04,1279.68,1274.71
TRI63913928494696221900,Nifty 50,2003-07-07,1282.07,1277.08
TRI63913928494696221900,Nifty 50,2003-07-08,1288.07,1283.06
TRI63913928494696221900,Nifty 50,2003-07-09,1282.61,1277.62
TRI63913928494696221900,Nifty 50,2003-07-10,1306.98,1301.9
TRI63913928494696221900,Nifty 50,2003-07-11,1306.17,1301.1
TRI63913928494696221900,Nifty 50,2003-07-14,1319.31,1314.19
TRI63913928494696221900,Nifty 50,2003-07-15,1306.19,1301.12
TRI63913928494696221900,Nifty 50,2003-07-16,1318.49,1313.38
TRI63913928494696221900,Nifty 50,2003-07-17,1299.63,1294.59
TRI63913928494696221900,Nifty 50,2003-07-18,1286.05,1281.06
TRI63913928494696221900,Nifty 50,2003-07-21,1258.78,1253.9
TRI63913928494696221900,Nifty 50,2003-07-22,1251.3,1246.45
TRI63913928494696221900,Nifty 50,2003-07-23,1262.53,1257.64
TRI63913928494696221900,Nifty 50,2003-07-24,1285.5,1280.52
TRI63913928494696221900,Nifty 50,2003-07-25,1311.81,1306.73
TRI63913928494696221900,Nifty 50,2003-07-28,1319.08,1313.97
TRI63913928494696221900,Nifty 50,2003-07-29,1325.37,1320.24
TRI63913928494696221900,Nifty 50,2003-07-30,1334.65,1329.48
TRI63913928494696221900,Nifty 50,2003-07-31,1337.86,1332.68
TRI63913928494696221900,Nifty 50,2003-08-01,1349.06,1343.83
TRI63913928494696221900,Nifty 50,2003-08-04,1359.27,1354.01
TRI63913928494696221900,Nifty 50,2003-08-05,1337.62,1332.45
TRI63913928494696221900,Nifty 50,2003-08-06,1322.54,1317.42
TRI63913928494696221900,Nifty 50,2003-08-07,1351.76,1346.53
TRI63913928494696221900,Nifty 50,2003-08-08,1381.76,1376.42
TRI63913928494696221900,Nifty 50,2003-08-11,1393.84,1388.45
TRI63913928494696221900,Nifty 50,2003-08-12,1396.07,1390.67
TRI63913928494696221900,Nifty 50,2003-08-13,1410.53,1405.08
TRI63913928494696221900,Nifty 50,2003-08-14,1413.29,1407.83
TRI63913928494696221900,Nifty 50,2003-08-18,1451.58,1445.98
TRI63913928494696221900,Nifty 50,2003-08-19,1447.35,1441.77
TRI63913928494696221900,Nifty 50,2003-08-20,1458.39,1452.76
TRI63913928494696221900,Nifty 50,2003-08-21,1473.69,1468.01
TRI63913928494696221900,Nifty 50,2003-08-22,1485.47,1479.74
TRI63913928494696221900,Nifty 50,2003-08-25,1440.09,1434.53
TRI63913928494696221900,Nifty 50,2003-08-26,1493.41,1487.65
TRI63913928494696221900,Nifty 50,2003-08-27,1518.48,1512.63
TRI63913928494696221900,Nifty 50,2003-08-28,1519.36,1513.5
TRI63913928494696221900,Nifty 50,2003-08-29,1538.08,1532.16
TRI63913928494696221900,Nifty 50,2003-09-01,1560.1,1554.09
TRI63913928494696221900,Nifty 50,2003-09-02,1570.87,1564.82
TRI63913928494696221900,Nifty 50,2003-09-03,1541.24,1535.3
TRI63913928494696221900,Nifty 50,2003-09-04,1556.41,1550.41
TRI63913928494696221900,Nifty 50,2003-09-05,1587.39,1581.28
TRI63913928494696221900,Nifty 50,2003-09-08,1609.21,1603.01
TRI63913928494696221900,Nifty 50,2003-09-09,1597.47,1591.32
TRI63913928494696221900,Nifty 50,2003-09-10,1600.32,1594.16
TRI63913928494696221900,Nifty 50,2003-09-11,1593.05,1586.92
TRI63913928495606651700,Nifty 50,2003-09-12,1558.8,1552.81
TRI63913928495606651700,Nifty 50,2003-09-15,1510.13,1504.33
TRI63913928495606651700,Nifty 50,2003-09-16,1542.69,1536.76
TRI63913928495606651700,Nifty 50,2003-09-17,1524.15,1518.29
TRI63913928495606651700,Nifty 50,2003-09-18,1479.66,1473.97
TRI63913928495606651700,Nifty 50,2003-09-19,1502.11,1496.33
TRI63913928495606651700,Nifty 50,2003-09-22,1480.34,1474.65
TRI63913928495606651700,Nifty 50,2003-09-23,1509.07,1503.26
TRI63913928495606651700,Nifty 50,2003-09-24,1559.06,1553.07
TRI63913928495606651700,Nifty 50,2003-09-25,1542.17,1536.24
TRI63913928495606651700,Nifty 50,2003-09-26,1575.95,1569.89
TRI63913928495606651700,Nifty 50,2003-09-29,1590.72,1584.6
TRI63913928495606651700,Nifty 50,2003-09-30,1610.21,1604.01
TRI63913928495606651700,Nifty 50,2003-10-01,1614.49,1608.28
TRI63913928495606651700,Nifty 50,2003-10-03,1646.82,1640.49
TRI63913928495606651700,Nifty 50,2003-10-06,1680.43,1673.97
TRI63913928495606651700,Nifty 50,2003-10-07,1679.28,1672.82
TRI63913928495606651700,Nifty 50,2003-10-08,1680.11,1673.65
TRI63913928495606651700,Nifty 50,2003-10-09,1708.28,1701.72
TRI63913928495606651700,Nifty 50,2003-10-10,1732.12,1725.46
TRI63913928495606651700,Nifty 50,2003-10-13,1759.03,1752.27
TRI63913928495606651700,Nifty 50,2003-10-14,1729.5,1722.86
TRI63913928495606651700,Nifty 50,2003-10-15,1747.93,1741.21
TRI63913928495606651700,Nifty 50,2003-10-16,1769.51,1762.71
TRI63913928495606651700,Nifty 50,2003-10-17,1785.17,1778.31
TRI63913928495606651700,Nifty 50,2003-10-20,1754.73,1747.99
TRI63913928495606651700,Nifty 50,2003-10-21,1713.54,1706.96
TRI63913928495606651700,Nifty 50,2003-10-22,1699.43,1692.9
TRI63913928495606651700,Nifty 50,2003-10-23,1672.53,1666.1
TRI63913928495606651700,Nifty 50,2003-10-24,1713.02,1706.44
TRI63913928495606651700,Nifty 50,2003-10-25,1731.14,1724.49
TRI63913928495606651700,Nifty 50,2003-10-27,1689.45,1682.96
TRI63913928495606651700,Nifty 50,2003-10-28,1685.39,1678.92
TRI63913928495606651700,Nifty 50,2003-10-29,1704.69,1698.14
TRI63913928495606651700,Nifty 50,2003-10-30,1725.65,1719.02
TRI63913928495606651700,Nifty 50,2003-10-31,1770.08,1763.28
TRI63913928495606651700,Nifty 50,2003-11-03,1822.13,1815.13
TRI63913928495606651700,Nifty 50,2003-11-04,1841.53,1834.46
TRI63913928495606651700,Nifty 50,2003-11-05,1830.63,1823.6
TRI63913928495606651700,Nifty 50,2003-11-06,1834.14,1827.09
TRI63913928495606651700,Nifty 50,2003-11-07,1811.17,1804.21
TRI63913928495606651700,Nifty 50,2003-11-10,1813.99,1807.02
TRI63913928495606651700,Nifty 50,2003-11-11,1821.67,1814.67
TRI63913928495606651700,Nifty 50,2003-11-12,1824.69,1817.68
TRI63913928495606651700,Nifty 50,2003-11-13,1797.52,1790.62
TRI63913928495606651700,Nifty 50,2003-11-14,1763.95,1757.17
TRI63913928495606651700,Nifty 50,2003-11-15,1778.0,1771.17
TRI63913928495606651700,Nifty 50,2003-11-17,1797.49,1790.59
TRI63913928495606651700,Nifty 50,2003-11-18,1780.01,1773.17
TRI63913928495606651700,Nifty 50,2003-11-19,1752.96,1746.23
TRI63913928495606651700,Nifty 50,2003-11-20,1732.19,1725.54
TRI63913928495606651700,Nifty 50,2003-11-21,1753.12,1746.39
TRI63913928495606651700,Nifty 50,2003-11-24,1756.8,1750.05
TRI63913928495606651700,Nifty 50,2003-11-25,1784.96,1778.11
TRI63913928495606651700,Nifty 50,2003-11-27,1818.76,1811.77
TRI63913928495606651700,Nifty 50,2003-11-28,1837.98,1830.92
TRI63913928495606651700,Nifty 50,2003-12-01,1886.2,1878.96
TRI63913928495606651700,Nifty 50,2003-12-02,1887.17,1879.92
TRI63913928495606651700,Nifty 50,2003-12-03,1900.83,1893.53
TRI63913928495606651700,Nifty 50,2003-12-04,1906.18,1898.86
TRI63913928495606651700,Nifty 50,2003-12-05,1872.72,1865.52
TRI63913928495606651700,Nifty 50,2003-12-08,1873.22,1866.02
TRI63913928495606651700,Nifty 50,2003-12-09,1906.91,1899.59
TRI63913928495606651700,Nifty 50,2003-12-10,1919.52,1912.15
TRI63913928496653556800,Nifty 50,2003-12-11,1929.16,1921.75
TRI63913928496653556800,Nifty 50,2003-12-12,1933.13,1925.7
TRI63913928496653556800,Nifty 50,2003-12-15,1961.68,1954.15
TRI63913928496653556800,Nifty 50,2003-12-16,1975.81,1968.23
TRI63913928496653556800,Nifty 50,2003-12-17,1972.54,1964.97
TRI63913928496653556800,Nifty 50,2003-12-18,1998.58,1990.9
TRI63913928496653556800,Nifty 50,2003-12-19,2024.12,2016.34
TRI63913928496653556800,Nifty 50,2003-12-22,2036.17,2028.35
TRI63913928496653556800,Nifty 50,2003-12-23,2026.13,2018.35
TRI63913928496653556800,Nifty 50,2003-12-24,2058.43,2050.53
TRI63913928496653556800,Nifty 50,2003-12-26,2090.71,2082.68
TRI63913928496653556800,Nifty 50,2003-12-29,2133.4,2125.21
TRI63913928496653556800,Nifty 50,2003-12-30,2132.5,2124.31
TRI63913928496653556800,Nifty 50,2003-12-31,2139.93,2131.72
TRI63913928496653556800,Nifty 50,2004-01-01,2177.45,2169.09
TRI63913928496653556800,Nifty 50,2004-01-02,2215.94,2207.43
TRI63913928496653556800,Nifty 50,2004-01-05,2226.13,2217.58
TRI63913928496653556800,Nifty 50,2004-01-06,2193.92,2185.5
TRI63913928496653556800,Nifty 50,2004-01-07,2182.56,2174.18
TRI63913928496653556800,Nifty 50,2004-01-08,2241.57,2232.96
TRI63913928496653556800,Nifty 50,2004-01-09,2245.39,2236.78
TRI63913928496653556800,Nifty 50,2004-01-12,2215.43,2206.93
TRI63913928496653556800,Nifty 50,2004-01-13,2236.94,2228.36
TRI63913928496653556800,Nifty 50,2004-01-14,2258.09,2249.42
TRI63913928496653556800,Nifty 50,2004-01-15,2215.1,2206.61
TRI63913928496653556800,Nifty 50,2004-01-16,2165.22,2156.91
TRI63913928496653556800,Nifty 50,2004-01-19,2204.87,2196.41
TRI63913928496653556800,Nifty 50,2004-01-20,2156.9,2148.63
TRI63913928496653556800,Nifty 50,2004-01-21,2078.71,2070.74
TRI63913928496653556800,Nifty 50,2004-01-22,2017.62,2009.88
TRI63913928496653556800,Nifty 50,2004-01-23,2105.45,2097.37
TRI63913928496653556800,Nifty 50,2004-01-27,2170.56,2162.24
TRI63913928496653556800,Nifty 50,2004-01-28,2123.13,2114.99
TRI63913928496653556800,Nifty 50,2004-01-29,2100.96,2092.91
TRI63913928496653556800,Nifty 50,2004-01-30,2062.42,2054.51
TRI63913928496653556800,Nifty 50,2004-02-03,2015.97,2008.24
TRI63913928496653556800,Nifty 50,2004-02-04,2076.77,2068.81
TRI63913928496653556800,Nifty 50,2004-02-05,2056.6,2048.71
TRI63913928496653556800,Nifty 50,2004-02-06,2089.8,2081.78
TRI63913928496653556800,Nifty 50,2004-02-09,2143.42,2135.2
TRI63913928496653556800,Nifty 50,2004-02-10,2143.51,2135.29
TRI63913928496653556800,Nifty 50,2004-02-11,2155.73,2147.46
TRI63913928496653556800,Nifty 50,2004-02-12,2149.07,2140.83
TRI63913928496653556800,Nifty 50,2004-02-13,2181.36,2172.99
TRI63913928496653556800,Nifty 50,2004-02-16,2181.26,2172.9
TRI63913928496653556800,Nifty 50,2004-02-17,2188.72,2180.33
TRI63913928496653556800,Nifty 50,2004-02-18,2184.58,2176.21
TRI63913928496653556800,Nifty 50,2004-02-19,2118.28,2110.16
TRI63913928496653556800,Nifty 50,2004-02-20,2111.83,2103.74
TRI63913928496653556800,Nifty 50,2004-02-23,2061.16,2053.26
TRI63913928496653556800,Nifty 50,2004-02-24,2076.18,2068.22
TRI63913928496653556800,Nifty 50,2004-02-25,2037.01,2029.2
TRI63913928496653556800,Nifty 50,2004-02-26,2013.04,2005.33
TRI63913928496653556800,Nifty 50,2004-02-27,2052.4,2044.53
TRI63913928496653556800,Nifty 50,2004-03-01,2112.12,2104.03
TRI63913928496653556800,Nifty 50,2004-03-03,2120.89,2112.76
TRI63913928496653556800,Nifty 50,2004-03-04,2102.02,2093.97
TRI63913928496653556800,Nifty 50,2004-03-05,2129.21,2121.05
TRI63913928496653556800,Nifty 50,2004-03-08,2149.26,2141.02
TRI63913928496653556800,Nifty 50,2004-03-09,2127.38,2119.22
TRI63913928543348889300,Nifty 50,2004-03-10,2102.64,2094.58
TRI63913928543348889300,Nifty 50,2004-03-11,2058.24,2050.35
TRI63913928543348889300,Nifty 50,2004-03-12,2065.94,2058.02
TRI63913928543348889300,Nifty 50,2004-03-15,2010.32,2002.61
TRI63913928543348889300,Nifty 50,2004-03-16,1994.52,1986.87
TRI63913928543348889300,Nifty 50,2004-03-17,1995.06,1987.42
TRI63913928543348889300,Nifty 50,2004-03-18,1957.21,1949.71
TRI63913928543348889300,Nifty 50,2004-03-19,1966.88,1959.34
TRI63913928543348889300,Nifty 50,2004-03-22,1921.15,1913.78
TRI63913928543348889300,Nifty 50,2004-03-23,1934.15,1926.73
TRI63913928543348889300,Nifty 50,2004-03-24,1929.23,1921.84
TRI63913928543348889300,Nifty 50,2004-03-25,1943.31,1935.86
TRI63913928543348889300,Nifty 50,2004-03-26,1992.43,1984.79
TRI63913928543348889300,Nifty 50,2004-03-29,2009.01,2001.31
TRI63913928543348889300,Nifty 50,2004-03-30,1995.43,1987.78
TRI63913928543348889300,Nifty 50,2004-03-31,2020.25,2012.51
TRI63913928543348889300,Nifty 50,2004-04-01,2074.68,2066.73
TRI63913928543348889300,Nifty 50,2004-04-02,2099.15,2091.1
TRI63913928543348889300,Nifty 50,2004-04-05,2116.81,2108.69
TRI63913928543348889300,Nifty 50,2004-04-06,2110.61,2102.52
TRI63913928543348889300,Nifty 50,2004-04-07,2107.77,2099.69
TRI63913928543348889300,Nifty 50,2004-04-08,2113.34,2105.24
TRI63913928543348889300,Nifty 50,2004-04-12,2095.94,2087.91
TRI63913928543348889300,Nifty 50,2004-04-13,2141.82,2133.61
TRI63913928543348889300,Nifty 50,2004-04-15,2123.0,2114.86
TRI63913928543348889300,Nifty 50,2004-04-16,2130.97,2122.8
TRI63913928543348889300,Nifty 50,2004-04-17,2130.01,2121.84
TRI63913928543348889300,Nifty 50,2004-04-19,2102.56,2094.5
TRI63913928543348889300,Nifty 50,2004-04-20,2102.84,2094.78
TRI63913928543348889300,Nifty 50,2004-04-21,2136.02,2127.83
TRI63913928543348889300,Nifty 50,2004-04-22,2154.65,2146.39
TRI63913928543348889300,Nifty 50,2004-04-23,2157.95,2149.68
TRI63913928543348889300,Nifty 50,2004-04-27,2072.19,2064.25
TRI63913928543348889300,Nifty 50,2004-04-28,2071.39,2063.45
TRI63913928543348889300,Nifty 50,2004-04-29,2062.74,2054.83
TRI63913928543348889300,Nifty 50,2004-04-30,2048.22,2040.37
TRI63913928543348889300,Nifty 50,2004-05-03,2014.71,2006.98
TRI63913928543348889300,Nifty 50,2004-05-04,2044.82,2036.99
TRI63913928543348889300,Nifty 50,2004-05-05,2063.98,2056.07
TRI63913928543348889300,Nifty 50,2004-05-06,2091.92,2083.91
TRI63913928543348889300,Nifty 50,2004-05-07,2059.54,2051.66
TRI63913928543348889300,Nifty 50,2004-05-10,2019.22,2011.49
TRI63913928543348889300,Nifty 50,2004-05-11,1939.72,1932.29
TRI63913928543348889300,Nifty 50,2004-05-12,1953.01,1945.53
TRI63913928543348889300,Nifty 50,2004-05-13,1960.32,1952.82
TRI63913928543348889300,Nifty 50,2004-05-14,1807.52,1800.6
TRI63913928543348889300,Nifty 50,2004-05-17,1586.3,1580.24
TRI63913928543348889300,Nifty 50,2004-05-18,1717.93,1711.36
TRI63913928543348889300,Nifty 50,2004-05-19,1790.93,1784.08
TRI63913928543348889300,Nifty 50,2004-05-20,1765.32,1758.57
TRI63913928543348889300,Nifty 50,2004-05-21,1784.02,1777.2
TRI63913928543348889300,Nifty 50,2004-05-24,1839.65,1832.62
TRI63913928543348889300,Nifty 50,2004-05-25,1837.2,1830.18
TRI63913928543348889300,Nifty 50,2004-05-26,1829.96,1822.97
TRI63913928543348889300,Nifty 50,2004-05-27,1815.82,1808.88
TRI63913928543348889300,Nifty 50,2004-05-28,1726.96,1720.37
TRI63913928543348889300,Nifty 50,2004-05-31,1698.16,1691.68
TRI63913928543348889300,Nifty 50,2004-06-01,1725.98,1719.39
TRI63913928543348889300,Nifty 50,2004-06-02,1757.24,1750.53
TRI63913928543348889300,Nifty 50,2004-06-03,1711.31,1704.78
TRI63913928543348889300,Nifty 50,2004-06-04,1741.09,1734.44
TRI63913928543348889300,Nifty 50,2004-06-07,1765.65,1758.91
TRI63913928544239456100,Nifty 50,2004-06-08,1775.97,1769.19
TRI63913928544239456100,Nifty 50,2004-06-09,1773.41,1766.65
TRI63913928544239456100,Nifty 50,2004-06-10,1769.87,1763.12
TRI63913928544239456100,Nifty 50,2004-06-11,1728.26,1721.66
TRI63913928544239456100,Nifty 50,2004-06-14,1697.22,1690.74
TRI63913928544239456100,Nifty 50,2004-06-15,1720.25,1713.69
TRI63913928544239456100,Nifty 50,2004-06-16,1713.08,1706.55
TRI63913928544239456100,Nifty 50,2004-06-17,1732.92,1726.31
TRI63913928544239456100,Nifty 50,2004-06-18,1709.02,1702.5
TRI63913928544239456100,Nifty 50,2004-06-21,1698.47,1691.99
TRI63913928544239456100,Nifty 50,2004-06-22,1690.42,1683.98
TRI63913928544239456100,Nifty 50,2004-06-23,1657.66,1651.34
TRI63913928544239456100,Nifty 50,2004-06-24,1686.0,1679.57
TRI63913928544239456100,Nifty 50,2004-06-25,1707.74,1701.24
TRI63913928544239456100,Nifty 50,2004-06-28,1737.92,1731.3
TRI63913928544239456100,Nifty 50,2004-06-29,1742.46,1735.82
TRI63913928544239456100,Nifty 50,2004-06-30,1727.93,1721.35
TRI63913928544239456100,Nifty 50,2004-07-01,1764.16,1757.44
TRI63913928544239456100,Nifty 50,2004-07-02,1765.29,1758.57
TRI63913928544239456100,Nifty 50,2004-07-05,1753.39,1746.72
TRI63913928544239456100,Nifty 50,2004-07-06,1789.43,1782.62
TRI63913928544239456100,Nifty 50,2004-07-07,1799.31,1792.47
TRI63913928544239456100,Nifty 50,2004-07-08,1743.51,1736.87
TRI63913928544239456100,Nifty 50,2004-07-09,1783.77,1776.98
TRI63913928544239456100,Nifty 50,2004-07-12,1788.07,1781.26
TRI63913928544239456100,Nifty 50,2004-07-13,1767.89,1761.16
TRI63913928544239456100,Nifty 50,2004-07-14,1748.88,1742.22
TRI63913928544239456100,Nifty 50,2004-07-15,1768.84,1762.12
TRI63913928544239456100,Nifty 50,2004-07-16,1791.56,1784.75
TRI63913928544239456100,Nifty 50,2004-07-19,1807.42,1800.55
TRI63913928544239456100,Nifty 50,2004-07-20,1801.09,1794.25
TRI63913928544239456100,Nifty 50,2004-07-21,1818.72,1811.81
TRI63913928544239456100,Nifty 50,2004-07-22,1837.93,1830.95
TRI63913928544239456100,Nifty 50,2004-07-23,1841.92,1834.92
TRI63913928544239456100,Nifty 50,2004-07-26,1860.83,1853.76
TRI63913928544239456100,Nifty 50,2004-07-27,1840.98,1833.98
TRI63913928544239456100,Nifty 50,2004-07-28,1834.2,1827.24
TRI63913928544239456100,Nifty 50,2004-07-29,1862.95,1855.87
TRI63913928544239456100,Nifty 50,2004-07-30,1878.62,1871.49
TRI63913928544239456100,Nifty 50,2004-08-02,1886.36,1879.19
TRI63913928544239456100,Nifty 50,2004-08-03,1876.64,1869.52
TRI63913928544239456100,Nifty 50,2004-08-04,1871.98,1864.87
TRI63913928544239456100,Nifty 50,2004-08-05,1904.71,1897.48
TRI63913928544239456100,Nifty 50,2004-08-06,1879.91,1872.77
TRI63913928544239456100,Nifty 50,2004-08-09,1890.52,1883.34
TRI63913928544239456100,Nifty 50,2004-08-10,1901.52,1894.3
TRI63913928544239456100,Nifty 50,2004-08-11,1866.37,1859.29
TRI63913928544239456100,Nifty 50,2004-08-12,1850.05,1843.03
TRI63913928544239456100,Nifty 50,2004-08-13,1840.99,1834.01
TRI63913928544239456100,Nifty 50,2004-08-16,1842.11,1835.12
TRI63913928544239456100,Nifty 50,2004-08-17,1848.19,1841.18
TRI63913928544239456100,Nifty 50,2004-08-18,1822.36,1815.44
TRI63913928544239456100,Nifty 50,2004-08-19,1854.14,1847.1
TRI63913928544239456100,Nifty 50,2004-08-20,1832.39,1825.45
TRI63913928544239456100,Nifty 50,2004-08-23,1820.06,1813.16
TRI63913928544239456100,Nifty 50,2004-08-24,1835.51,1828.55
TRI63913928544239456100,Nifty 50,2004-08-25,1840.24,1833.26
TRI63913928544239456100,Nifty 50,2004-08-26,1857.59,1850.55
TRI63913928544239456100,Nifty 50,2004-08-27,1855.58,1848.54
TRI63913928544239456100,Nifty 50,2004-08-30,1878.29,1871.17
TRI63913928544239456100,Nifty 50,2004-08-31,1882.09,1874.96
TRI63913928544239456100,Nifty 50,2004-09-01,1886.36,1879.21
TRI63913928544239456100,Nifty 50,2004-09-02,1883.85,1876.73
TRI63913928544239456100,Nifty 50,2004-09-03,1889.4,1882.26
TRI63913928545183808800,Nifty 50,2004-09-06,1901.02,1893.84
TRI63913928545183808800,Nifty 50,2004-09-07,1908.8,1901.59
TRI63913928545183808800,Nifty 50,2004-09-08,1915.85,1908.61
TRI63913928545183808800,Nifty 50,2004-09-09,1907.47,1900.26
TRI63913928545183808800,Nifty 50,2004-09-10,1930.31,1923.02
TRI63913928545183808800,Nifty 50,2004-09-13,1938.57,1931.25
TRI63913928545183808800,Nifty 50,2004-09-14,1950.54,1943.18
TRI63913928545183808800,Nifty 50,2004-09-15,1947.82,1940.47
TRI63913928545183808800,Nifty 50,2004-09-16,1973.86,1966.41
TRI63913928545183808800,Nifty 50,2004-09-17,2006.21,1998.63
TRI63913928545183808800,Nifty 50,2004-09-20,2000.69,1993.13
TRI63913928545183808800,Nifty 50,2004-09-21,2025.45,2017.81
TRI63913928545183808800,Nifty 50,2004-09-22,2030.34,2022.68
TRI63913928545183808800,Nifty 50,2004-09-23,1998.22,1990.67
TRI63913928545183808800,Nifty 50,2004-09-24,1993.99,1986.46
TRI63913928545183808800,Nifty 50,2004-09-27,1988.2,1980.7
TRI63913928545183808800,Nifty 50,2004-09-28,1968.23,1960.8
TRI63913928545183808800,Nifty 50,2004-09-29,2000.3,1992.75
TRI63913928545183808800,Nifty 50,2004-09-30,2020.62,2012.99
TRI63913928545183808800,Nifty 50,2004-10-01,2054.94,2047.18
TRI63913928545183808800,Nifty 50,2004-10-04,2090.25,2082.36
TRI63913928545183808800,Nifty 50,2004-10-05,2098.12,2090.2
TRI63913928545183808800,Nifty 50,2004-10-06,2077.8,2069.96
TRI63913928545183808800,Nifty 50,2004-10-07,2101.88,2093.95
TRI63913928545183808800,Nifty 50,2004-10-08,2107.09,2099.13
TRI63913928545183808800,Nifty 50,2004-10-09,2104.31,2096.37
TRI63913928545183808800,Nifty 50,2004-10-11,2092.68,2084.78
TRI63913928545183808800,Nifty 50,2004-10-12,2068.54,2060.73
TRI63913928545183808800,Nifty 50,2004-10-14,2077.63,2069.78
TRI63913928545183808800,Nifty 50,2004-10-15,2077.92,2070.07
TRI63913928545183808800,Nifty 50,2004-10-18,2067.81,2060.0
TRI63913928545183808800,Nifty 50,2004-10-19,2093.74,2085.84
TRI63913928545183808800,Nifty 50,2004-10-20,2072.5,2064.68
TRI63913928545183808800,Nifty 50,2004-10-21,2060.57,2052.8
TRI63913928545183808800,Nifty 50,2004-10-25,2034.52,2026.84
TRI63913928545183808800,Nifty 50,2004-10-26,2062.08,2054.3
TRI63913928545183808800,Nifty 50,2004-10-27,2065.32,2057.52
TRI63913928545183808800,Nifty 50,2004-10-28,2084.4,2076.54
TRI63913928545183808800,Nifty 50,2004-10-29,2069.39,2061.58
TRI63913928545183808800,Nifty 50,2004-11-01,2081.96,2074.1
TRI63913928545183808800,Nifty 50,2004-11-02,2100.5,2092.57
TRI63913928545183808800,Nifty 50,2004-11-03,2128.36,2120.33
TRI63913928545183808800,Nifty 50,2004-11-04,2125.41,2117.39
TRI63913928545183808800,Nifty 50,2004-11-05,2145.62,2137.53
TRI63913928545183808800,Nifty 50,2004-11-08,2157.78,2149.64
TRI63913928545183808800,Nifty 50,2004-11-09,2153.09,2144.97
TRI63913928545183808800,Nifty 50,2004-11-10,2173.19,2164.99
TRI63913928545183808800,Nifty 50,2004-11-11,2166.76,2158.59
TRI63913928545183808800,Nifty 50,2004-11-12,2169.54,2161.36
TRI63913928545183808800,Nifty 50,2004-11-16,2176.55,2168.34
TRI63913928545183808800,Nifty 50,2004-11-17,2187.73,2179.47
TRI63913928545183808800,Nifty 50,2004-11-18,2191.67,2183.4
TRI63913928545183808800,Nifty 50,2004-11-19,2168.85,2160.66
TRI63913928545183808800,Nifty 50,2004-11-22,2170.0,2161.82
TRI63913928545183808800,Nifty 50,2004-11-23,2192.3,2184.03
TRI63913928545183808800,Nifty 50,2004-11-24,2205.57,2197.24
TRI63913928545183808800,Nifty 50,2004-11-25,2202.09,2193.78
TRI63913928545183808800,Nifty 50,2004-11-29,2246.8,2238.33
TRI63913928545183808800,Nifty 50,2004-11-30,2268.99,2260.43
TRI63913928545183808800,Nifty 50,2004-12-01,2272.75,2264.18
TRI63913928545183808800,Nifty 50,2004-12-02,2315.55,2306.82
TRI63913928545183808800,Nifty 50,2004-12-03,2312.31,2303.58
TRI63913928546580621900,Nifty 50,2004-12-06,2308.9,2300.19
TRI63913928546580621900,Nifty 50,2004-12-07,2308.38,2299.67
TRI63913928546580621900,Nifty 50,2004-12-08,2291.57,2282.92
TRI63913928546580621900,Nifty 50,2004-12-09,2305.47,2296.78
TRI63913928546580621900,Nifty 50,2004-12-10,2281.31,2272.71
TRI63913928546580621900,Nifty 50,2004-12-13,2300.26,2291.58
TRI63913928546580621900,Nifty 50,2004-12-14,2325.5,2316.74
TRI63913928546580621900,Nifty 50,2004-12-15,2350.88,2342.02
TRI63913928546580621900,Nifty 50,2004-12-16,2356.1,2347.21
TRI63913928546580621900,Nifty 50,2004-12-17,2331.65,2322.85
TRI63913928546580621900,Nifty 50,2004-12-20,2348.74,2339.88
TRI63913928546580621900,Nifty 50,2004-12-21,2369.37,2360.43
TRI63913928546580621900,Nifty 50,2004-12-22,2358.59,2349.69
TRI63913928546580621900,Nifty 50,2004-12-23,2369.95,2361.01
TRI63913928546580621900,Nifty 50,2004-12-24,2390.83,2381.82
TRI63913928546580621900,Nifty 50,2004-12-27,2391.49,2382.48
TRI63913928546580621900,Nifty 50,2004-12-28,2408.24,2399.19
TRI63913928546580621900,Nifty 50,2004-12-29,2406.2,2397.16
TRI63913928546580621900,Nifty 50,2004-12-30,2394.81,2385.81
TRI63913928546580621900,Nifty 50,2004-12-31,2418.88,2409.79
TRI63913928546580621900,Nifty 50,2005-01-03,2458.99,2449.75
TRI63913928546580621900,Nifty 50,2005-01-04,2445.91,2436.72
TRI63913928546580621900,Nifty 50,2005-01-05,2362.72,2353.84
TRI63913928546580621900,Nifty 50,2005-01-06,2323.37,2314.63
TRI63913928546580621900,Nifty 50,2005-01-07,2343.31,2334.5
TRI63913928546580621900,Nifty 50,2005-01-10,2304.36,2295.7
TRI63913928546580621900,Nifty 50,2005-01-11,2269.54,2261.01
TRI63913928546580621900,Nifty 50,2005-01-12,2224.83,2216.47
TRI63913928546580621900,Nifty 50,2005-01-13,2272.44,2263.9
TRI63913928546580621900,Nifty 50,2005-01-14,2245.18,2236.74
TRI63913928546580621900,Nifty 50,2005-01-17,2247.27,2238.82
TRI63913928546580621900,Nifty 50,2005-01-18,2248.61,2240.16
TRI63913928546580621900,Nifty 50,2005-01-19,2240.0,2231.59
TRI63913928546580621900,Nifty 50,2005-01-20,2238.44,2230.02
TRI63913928546580621900,Nifty 50,2005-01-24,2219.48,2211.14
TRI63913928546580621900,Nifty 50,2005-01-25,2246.05,2237.61
TRI63913928546580621900,Nifty 50,2005-01-27,2273.01,2264.47
TRI63913928546580621900,Nifty 50,2005-01-28,2334.98,2326.21
TRI63913928546580621900,Nifty 50,2005-01-31,2393.76,2384.77
TRI63913928546580621900,Nifty 50,2005-02-01,2396.67,2387.67
TRI63913928546580621900,Nifty 50,2005-02-02,2387.83,2378.86
TRI63913928546580621900,Nifty 50,2005-02-03,2419.48,2410.39
TRI63913928546580621900,Nifty 50,2005-02-04,2417.73,2408.65
TRI63913928546580621900,Nifty 50,2005-02-07,2391.44,2382.46
TRI63913928546580621900,Nifty 50,2005-02-08,2391.5,2382.52
TRI63913928546580621900,Nifty 50,2005-02-09,2408.78,2399.73
TRI63913928546580621900,Nifty 50,2005-02-10,2401.04,2392.02
TRI63913928546580621900,Nifty 50,2005-02-11,2422.8,2413.7
TRI63913928546580621900,Nifty 50,2005-02-14,2441.65,2432.48
TRI63913928546580621900,Nifty 50,2005-02-15,2431.99,2422.86
TRI63913928546580621900,Nifty 50,2005-02-16,2407.38,2398.34
TRI63913928546580621900,Nifty 50,2005-02-17,2399.35,2390.34
TRI63913928546580621900,Nifty 50,2005-02-18,2391.96,2382.98
TRI63913928546580621900,Nifty 50,2005-02-21,2377.88,2368.95
TRI63913928546580621900,Nifty 50,2005-02-22,2395.57,2386.58
TRI63913928546580621900,Nifty 50,2005-02-23,2394.06,2385.07
TRI63913928546580621900,Nifty 50,2005-02-24,2391.96,2382.98
TRI63913928546580621900,Nifty 50,2005-02-25,2398.65,2389.65
TRI63913928546580621900,Nifty 50,2005-02-28,2447.94,2438.75
TRI63913928546580621900,Nifty 50,2005-03-01,2426.0,2416.89
TRI63913928546580621900,Nifty 50,2005-03-02,2436.3,2427.16
TRI63913928546580621900,Nifty 50,2005-03-03,2477.74,2468.43
TRI63913928546580621900,Nifty 50,2005-03-04,2500.2,2490.81
TRI63913928547502566300,Nifty 50,2005-03-07,2514.11,2504.67
TRI63913928547502566300,Nifty 50,2005-03-08,2524.41,2514.93
TRI63913928547502566300,Nifty 50,2005-03-09,2514.92,2505.48
TRI63913928547502566300,Nifty 50,2005-03-10,2522.61,2513.13
TRI63913928547502566300,Nifty 50,2005-03-11,2507.01,2497.6
TRI63913928547502566300,Nifty 50,2005-03-14,2498.11,2488.73
TRI63913928547502566300,Nifty 50,2005-03-15,2477.85,2468.55
TRI63913928547502566300,Nifty 50,2005-03-16,2474.35,2465.06
TRI63913928547502566300,Nifty 50,2005-03-17,2442.86,2433.69
TRI63913928547502566300,Nifty 50,2005-03-18,2455.26,2446.04
TRI63913928547502566300,Nifty 50,2005-03-21,2440.65,2431.48
TRI63913928547502566300,Nifty 50,2005-03-22,2399.9,2390.89
TRI63913928547502566300,Nifty 50,2005-03-23,2358.93,2350.07
TRI63913928547502566300,Nifty 50,2005-03-24,2346.12,2337.31
TRI63913928547502566300,Nifty 50,2005-03-28,2362.48,2353.61
TRI63913928547502566300,Nifty 50,2005-03-29,2309.39,2300.72
TRI63913928547502566300,Nifty 50,2005-03-30,2320.86,2312.15
TRI63913928547502566300,Nifty 50,2005-03-31,2369.69,2360.8
TRI63913928547502566300,Nifty 50,2005-04-01,2406.95,2397.91
TRI63913928547502566300,Nifty 50,2005-04-04,2402.0,2392.98
TRI63913928547502566300,Nifty 50,2005-04-05,2389.37,2380.4
TRI63913928547502566300,Nifty 50,2005-04-06,2408.87,2399.82
TRI63913928547502566300,Nifty 50,2005-04-07,2389.72,2380.75
TRI63913928547502566300,Nifty 50,2005-04-08,2364.51,2355.64
TRI63913928547502566300,Nifty 50,2005-04-11,2337.74,2328.96
TRI63913928547502566300,Nifty 50,2005-04-12,2357.24,2348.39
TRI63913928547502566300,Nifty 50,2005-04-13,2357.82,2348.97
TRI63913928547502566300,Nifty 50,2005-04-15,2277.32,2268.77
TRI63913928547502566300,Nifty 50,2005-04-18,2244.15,2235.72
TRI63913928547502566300,Nifty 50,2005-04-19,2222.73,2214.38
TRI63913928547502566300,Nifty 50,2005-04-20,2246.36,2237.93
TRI63913928547502566300,Nifty 50,2005-04-21,2268.3,2259.79
TRI63913928547502566300,Nifty 50,2005-04-22,2290.19,2281.59
TRI63913928547502566300,Nifty 50,2005-04-25,2294.38,2285.76
TRI63913928547502566300,Nifty 50,2005-04-26,2278.25,2269.7
TRI63913928547502566300,Nifty 50,2005-04-27,2252.99,2244.54
TRI63913928547502566300,Nifty 50,2005-04-28,2259.86,2251.38
TRI63913928547502566300,Nifty 50,2005-04-29,2214.96,2206.65
TRI63913928547502566300,Nifty 50,2005-05-02,2231.6,2223.22
TRI63913928547502566300,Nifty 50,2005-05-03,2236.2,2227.8
TRI63913928547502566300,Nifty 50,2005-05-04,2261.69,2253.2
TRI63913928547502566300,Nifty 50,2005-05-05,2286.03,2277.45
TRI63913928547502566300,Nifty 50,2005-05-06,2302.56,2293.92
TRI63913928547502566300,Nifty 50,2005-05-09,2329.63,2320.89
TRI63913928547502566300,Nifty 50,2005-05-10,2322.12,2313.41
TRI63913928547502566300,Nifty 50,2005-05-11,2312.46,2303.78
TRI63913928547502566300,Nifty 50,2005-05-12,2323.33,2314.62
TRI63913928547502566300,Nifty 50,2005-05-13,2317.68,2308.99
TRI63913928547502566300,Nifty 50,2005-05-16,2346.0,2337.21
TRI63913928547502566300,Nifty 50,2005-05-17,2320.59,2311.89
TRI63913928547502566300,Nifty 50,2005-05-18,2311.21,2302.54
TRI63913928547502566300,Nifty 50,2005-05-19,2320.65,2311.95
TRI63913928547502566300,Nifty 50,2005-05-20,2322.46,2313.75
TRI63913928547502566300,Nifty 50,2005-05-23,2347.52,2338.72
TRI63913928547502566300,Nifty 50,2005-05-24,2364.65,2355.79
TRI63913928547502566300,Nifty 50,2005-05-25,2382.43,2373.5
TRI63913928547502566300,Nifty 50,2005-05-26,2418.7,2409.63
TRI63913928547502566300,Nifty 50,2005-05-27,2420.68,2411.6
TRI63913928547502566300,Nifty 50,2005-05-30,2416.07,2407.01
TRI63913928547502566300,Nifty 50,2005-05-31,2433.73,2424.61
TRI63913928547502566300,Nifty 50,2005-06-01,2434.11,2424.98
TRI63913928547502566300,Nifty 50,2005-06-02,2407.41,2398.38
TRI63913928548424394800,Nifty 50,2005-06-03,2441.92,2432.77
TRI63913928548424394800,Nifty 50,2005-06-04,2439.7,2430.56
TRI63913928548424394800,Nifty 50,2005-06-06,2440.23,2431.08
TRI63913928548424394800,Nifty 50,2005-06-07,2449.67,2440.5
TRI63913928548424394800,Nifty 50,2005-06-08,2466.31,2457.07
TRI63913928548424394800,Nifty 50,2005-06-09,2455.56,2446.37
TRI63913928548424394800,Nifty 50,2005-06-10,2440.85,2431.72
TRI63913928548424394800,Nifty 50,2005-06-13,2455.04,2445.85
TRI63913928548424394800,Nifty 50,2005-06-14,2466.25,2457.02
TRI63913928548424394800,Nifty 50,2005-06-15,2485.28,2475.98
TRI63913928548424394800,Nifty 50,2005-06-16,2480.18,2470.89
TRI63913928548424394800,Nifty 50,2005-06-17,2481.23,2471.95
TRI63913928548424394800,Nifty 50,2005-06-20,2505.71,2496.34
TRI63913928548424394800,Nifty 50,2005-06-21,2535.68,2526.2
TRI63913928548424394800,Nifty 50,2005-06-22,2555.96,2546.4
TRI63913928548424394800,Nifty 50,2005-06-23,2552.83,2543.29
TRI63913928548424394800,Nifty 50,2005-06-24,2565.1,2555.51
TRI63913928548424394800,Nifty 50,2005-06-27,2571.47,2561.86
TRI63913928548424394800,Nifty 50,2005-06-28,2536.46,2526.98
TRI63913928548424394800,Nifty 50,2005-06-29,2566.03,2556.45
TRI63913928548424394800,Nifty 50,2005-06-30,2599.93,2590.22
TRI63913928548424394800,Nifty 50,2005-07-01,2589.74,2580.07
TRI63913928548424394800,Nifty 50,2005-07-04,2611.69,2601.95
TRI63913928548424394800,Nifty 50,2005-07-05,2588.39,2578.73
TRI63913928548424394800,Nifty 50,2005-07-06,2609.34,2599.6
TRI63913928548424394800,Nifty 50,2005-07-07,2552.27,2542.75
TRI63913928548424394800,Nifty 50,2005-07-08,2571.95,2562.35
TRI63913928548424394800,Nifty 50,2005-07-11,2598.47,2588.78
TRI63913928548424394800,Nifty 50,2005-07-12,2601.07,2591.37
TRI63913928548424394800,Nifty 50,2005-07-13,2581.46,2571.82
TRI63913928548424394800,Nifty 50,2005-07-14,2559.47,2549.92
TRI63913928548424394800,Nifty 50,2005-07-15,2591.62,2581.95
TRI63913928548424394800,Nifty 50,2005-07-18,2618.41,2608.65
TRI63913928548424394800,Nifty 50,2005-07-19,2622.28,2612.5
TRI63913928548424394800,Nifty 50,2005-07-20,2628.52,2618.73
TRI63913928548424394800,Nifty 50,2005-07-21,2615.28,2605.53
TRI63913928548424394800,Nifty 50,2005-07-22,2656.43,2646.53
TRI63913928548424394800,Nifty 50,2005-07-25,2687.09,2677.08
TRI63913928548424394800,Nifty 50,2005-07-26,2700.46,2690.39
TRI63913928548424394800,Nifty 50,2005-07-27,2719.16,2709.03
TRI63913928548424394800,Nifty 50,2005-07-29,2711.24,2701.13
TRI63913928548424394800,Nifty 50,2005-08-01,2717.98,2707.85
TRI63913928548424394800,Nifty 50,2005-08-02,2759.72,2749.44
TRI63913928548424394800,Nifty 50,2005-08-03,2763.65,2753.35
TRI63913928548424394800,Nifty 50,2005-08-04,2777.66,2767.31
TRI63913928548424394800,Nifty 50,2005-08-05,2769.92,2759.6
TRI63913928548424394800,Nifty 50,2005-08-08,2727.9,2717.75
TRI63913928548424394800,Nifty 50,2005-08-09,2721.21,2711.08
TRI63913928548424394800,Nifty 50,2005-08-10,2769.86,2759.55
TRI63913928548424394800,Nifty 50,2005-08-11,2795.89,2785.49
TRI63913928548424394800,Nifty 50,2005-08-12,2773.66,2763.34
TRI63913928548424394800,Nifty 50,2005-08-16,2783.35,2772.99
TRI63913928548424394800,Nifty 50,2005-08-17,2822.69,2812.19
TRI63913928548424394800,Nifty 50,2005-08-18,2805.73,2795.29
TRI63913928548424394800,Nifty 50,2005-08-19,2800.08,2789.67
TRI63913928548424394800,Nifty 50,2005-08-22,2781.76,2771.41
TRI63913928548424394800,Nifty 50,2005-08-23,2732.71,2722.54
TRI63913928548424394800,Nifty 50,2005-08-24,2728.48,2718.33
TRI63913928548424394800,Nifty 50,2005-08-25,2766.26,2755.97
TRI63913928548424394800,Nifty 50,2005-08-26,2769.19,2758.89
TRI63913928548424394800,Nifty 50,2005-08-29,2746.4,2736.18
TRI63913928548424394800,Nifty 50,2005-08-30,2782.13,2771.79
TRI63913928548424394800,Nifty 50,2005-08-31,2801.99,2791.57
TRI63913928549705651700,Nifty 50,2005-09-01,2832.92,2822.4
TRI63913928549705651700,Nifty 50,2005-09-02,2845.48,2834.92
TRI63913928549705651700,Nifty 50,2005-09-05,2853.9,2843.31
TRI63913928549705651700,Nifty 50,2005-09-06,2860.85,2850.23
TRI63913928549705651700,Nifty 50,2005-09-08,2891.24,2880.51
TRI63913928549705651700,Nifty 50,2005-09-09,2892.42,2881.69
TRI63913928549705651700,Nifty 50,2005-09-12,2926.22,2915.37
TRI63913928549705651700,Nifty 50,2005-09-13,2945.31,2934.38
TRI63913928549705651700,Nifty 50,2005-09-14,2937.05,2926.16
TRI63913928549705651700,Nifty 50,2005-09-15,2974.17,2963.14
TRI63913928549705651700,Nifty 50,2005-09-16,3007.82,2996.67
TRI63913928549705651700,Nifty 50,2005-09-19,3025.35,3014.13
TRI63913928549705651700,Nifty 50,2005-09-20,3038.29,3027.02
TRI63913928549705651700,Nifty 50,2005-09-21,3025.68,3014.46
TRI63913928549705651700,Nifty 50,2005-09-22,2918.66,2907.84
TRI63913928549705651700,Nifty 50,2005-09-23,2920.41,2909.58
TRI63913928549705651700,Nifty 50,2005-09-26,3014.23,3003.06
TRI63913928549705651700,Nifty 50,2005-09-27,3034.86,3023.61
TRI63913928549705651700,Nifty 50,2005-09-28,3062.2,3050.85
TRI63913928549705651700,Nifty 50,2005-09-29,3077.7,3066.29
TRI63913928549705651700,Nifty 50,2005-09-30,3066.15,3054.78
TRI63913928549705651700,Nifty 50,2005-10-03,3099.92,3088.43
TRI63913928549705651700,Nifty 50,2005-10-04,3139.17,3127.53
TRI63913928549705651700,Nifty 50,2005-10-05,3116.83,3105.28
TRI63913928549705651700,Nifty 50,2005-10-06,3039.93,3028.66
TRI63913928549705651700,Nifty 50,2005-10-07,3033.92,3022.67
TRI63913928549705651700,Nifty 50,2005-10-10,3025.43,3014.21
TRI63913928549705651700,Nifty 50,2005-10-11,3052.18,3040.87
TRI63913928549705651700,Nifty 50,2005-10-13,2990.6,2979.51
TRI63913928549705651700,Nifty 50,2005-10-14,2928.25,2917.39
TRI63913928549705651700,Nifty 50,2005-10-17,2929.51,2918.65
TRI63913928549705651700,Nifty 50,2005-10-18,2909.83,2899.04
TRI63913928549705651700,Nifty 50,2005-10-19,2844.11,2833.56
TRI63913928549705651700,Nifty 50,2005-10-20,2824.06,2813.6
TRI63913928549705651700,Nifty 50,2005-10-21,2881.01,2870.33
TRI63913928549705651700,Nifty 50,2005-10-24,2823.36,2812.89
TRI63913928549705651700,Nifty 50,2005-10-25,2850.88,2840.32
TRI63913928549705651700,Nifty 50,2005-10-26,2839.45,2828.92
TRI63913928549705651700,Nifty 50,2005-10-27,2773.9,2763.62
TRI63913928549705651700,Nifty 50,2005-10-28,2730.55,2720.42
TRI63913928549705651700,Nifty 50,2005-10-31,2795.89,2785.53
TRI63913928549705651700,Nifty 50,2005-11-01,2814.52,2804.09
TRI63913928549705651700,Nifty 50,2005-11-02,2852.61,2842.04
TRI63913928549705651700,Nifty 50,2005-11-07,2902.79,2892.03
TRI63913928549705651700,Nifty 50,2005-11-08,2939.4,2928.51
TRI63913928549705651700,Nifty 50,2005-11-09,2935.22,2924.34
TRI63913928549705651700,Nifty 50,2005-11-10,2948.9,2937.97
TRI63913928549705651700,Nifty 50,2005-11-11,3005.44,2994.3
TRI63913928549705651700,Nifty 50,2005-11-14,3017.29,3006.11
TRI63913928549705651700,Nifty 50,2005-11-16,3045.65,3034.36
TRI63913928549705651700,Nifty 50,2005-11-17,3070.65,3059.27
TRI63913928549705651700,Nifty 50,2005-11-18,3089.64,3078.19
TRI63913928549705651700,Nifty 50,2005-11-21,3068.94,3057.57
TRI63913928549705651700,Nifty 50,2005-11-22,3033.98,3022.73
TRI63913928549705651700,Nifty 50,2005-11-23,3076.13,3064.73
TRI63913928549705651700,Nifty 50,2005-11-24,3107.27,3095.75
TRI63913928549705651700,Nifty 50,2005-11-25,3141.82,3130.17
TRI63913928549705651700,Nifty 50,2005-11-26,3164.4,3152.67
TRI63913928549705651700,Nifty 50,2005-11-28,3198.07,3186.21
TRI63913928549705651700,Nifty 50,2005-11-29,3182.11,3170.32
TRI63913928551003053500,Nifty 50,2005-11-30,3127.8,3116.21
TRI63913928551003053500,Nifty 50,2005-12-01,3182.88,3171.08
TRI63913928551003053500,Nifty 50,2005-12-02,3181.7,3169.91
TRI63913928551003053500,Nifty 50,2005-12-05,3137.53,3125.91
TRI63913928551003053500,Nifty 50,2005-12-06,3139.93,3128.29
TRI63913928551003053500,Nifty 50,2005-12-07,3176.13,3164.36
TRI63913928551003053500,Nifty 50,2005-12-08,3192.29,3180.46
TRI63913928551003053500,Nifty 50,2005-12-09,3250.97,3238.92
TRI63913928551003053500,Nifty 50,2005-12-12,3274.26,3262.13
TRI63913928551003053500,Nifty 50,2005-12-13,3316.84,3304.55
TRI63913928551003053500,Nifty 50,2005-12-14,3307.7,3295.44
TRI63913928551003053500,Nifty 50,2005-12-15,3277.03,3264.89
TRI63913928551003053500,Nifty 50,2005-12-16,3314.3,3302.02
TRI63913928551003053500,Nifty 50,2005-12-19,3352.57,3340.15
TRI63913928551003053500,Nifty 50,2005-12-20,3333.23,3320.88
TRI63913928551003053500,Nifty 50,2005-12-21,3329.34,3317.0
TRI63913928551003053500,Nifty 50,2005-12-22,3344.11,3331.72
TRI63913928551003053500,Nifty 50,2005-12-23,3308.25,3296.0
TRI63913928551003053500,Nifty 50,2005-12-26,3243.09,3231.07
TRI63913928551003053500,Nifty 50,2005-12-27,3317.13,3304.87
TRI63913928551003053500,Nifty 50,2005-12-28,3303.13,3290.91
TRI63913928551003053500,Nifty 50,2005-12-29,3336.11,3323.78
TRI63913928551003053500,Nifty 50,2005-12-30,3353.37,3340.97
TRI63913928551003053500,Nifty 50,2006-01-02,3352.66,3340.27
TRI63913928551003053500,Nifty 50,2006-01-03,3408.7,3396.09
TRI63913928551003053500,Nifty 50,2006-01-04,3433.58,3420.89
TRI63913928551003053500,Nifty 50,2006-01-05,3428.2,3415.53
TRI63913928551003053500,Nifty 50,2006-01-06,3444.93,3432.2
TRI63913928551003053500,Nifty 50,2006-01-09,3440.32,3427.6
TRI63913928551003053500,Nifty 50,2006-01-10,3393.86,3381.31
TRI63913928551003053500,Nifty 50,2006-01-12,3370.1,3357.64
TRI63913928551003053500,Nifty 50,2006-01-13,3369.92,3357.46
TRI63913928551003053500,Nifty 50,2006-01-16,3350.35,3337.97
TRI63913928551003053500,Nifty 50,2006-01-17,3345.62,3333.25
TRI63913928551003053500,Nifty 50,2006-01-18,3322.39,3310.12
TRI63913928551003053500,Nifty 50,2006-01-19,3395.3,3382.76
TRI63913928551003053500,Nifty 50,2006-01-20,3430.9,3418.23
TRI63913928551003053500,Nifty 50,2006-01-23,3410.92,3398.31
TRI63913928551003053500,Nifty 50,2006-01-24,3439.52,3426.81
TRI63913928551003053500,Nifty 50,2006-01-25,3478.06,3465.21
TRI63913928551003053500,Nifty 50,2006-01-27,3528.22,3515.18
TRI63913928551003053500,Nifty 50,2006-01-30,3518.46,3505.46
TRI63913928551003053500,Nifty 50,2006-01-31,3549.92,3536.81
TRI63913928551003053500,Nifty 50,2006-02-01,3516.06,3503.08
TRI63913928551003053500,Nifty 50,2006-02-02,3511.21,3498.24
TRI63913928551003053500,Nifty 50,2006-02-03,3479.44,3466.59
TRI63913928551003053500,Nifty 50,2006-02-06,3550.26,3537.15
TRI63913928551003053500,Nifty 50,2006-02-07,3573.51,3560.31
TRI63913928551003053500,Nifty 50,2006-02-08,3560.32,3547.17
TRI63913928551003053500,Nifty 50,2006-02-10,3582.33,3569.1
TRI63913928551003053500,Nifty 50,2006-02-13,3598.93,3585.64
TRI63913928551003053500,Nifty 50,2006-02-14,3571.01,3557.82
TRI63913928551003053500,Nifty 50,2006-02-15,3576.51,3563.3
TRI63913928551003053500,Nifty 50,2006-02-16,3575.8,3562.59
TRI63913928551003053500,Nifty 50,2006-02-17,3528.34,3515.31
TRI63913928551003053500,Nifty 50,2006-02-20,3557.93,3544.8
TRI63913928551003053500,Nifty 50,2006-02-21,3593.03,3579.76
TRI63913928551003053500,Nifty 50,2006-02-22,3611.14,3597.81
TRI63913928551003053500,Nifty 50,2006-02-23,3624.52,3611.13
TRI63913928551003053500,Nifty 50,2006-02-24,3610.25,3596.92
TRI63913928551003053500,Nifty 50,2006-02-27,3630.85,3617.44
TRI63913928551991399600,Nifty 50,2006-02-28,3639.43,3625.99
TRI63913928551991399600,Nifty 50,2006-03-01,3696.72,3683.07
TRI63913928551991399600,Nifty 50,2006-03-02,3729.39,3715.62
TRI63913928551991399600,Nifty 50,2006-03-03,3725.42,3711.67
TRI63913928551991399600,Nifty 50,2006-03-06,3776.38,3762.44
TRI63913928551991399600,Nifty 50,2006-03-07,3767.38,3753.48
TRI63913928551991399600,Nifty 50,2006-03-08,3689.14,3675.52
TRI63913928551991399600,Nifty 50,2006-03-09,3703.82,3690.15
TRI63913928551991399600,Nifty 50,2006-03-10,3768.69,3754.77
TRI63913928551991399600,Nifty 50,2006-03-13,3790.88,3776.88
TRI63913928551991399600,Nifty 50,2006-03-14,3782.24,3768.28
TRI63913928551991399600,Nifty 50,2006-03-16,3819.23,3805.13
TRI63913928551991399600,Nifty 50,2006-03-17,3828.05,3813.91
TRI63913928551991399600,Nifty 50,2006-03-20,3865.45,3851.18
TRI63913928551991399600,Nifty 50,2006-03-21,3861.49,3847.23
TRI63913928551991399600,Nifty 50,2006-03-22,3835.71,3821.55
TRI63913928551991399600,Nifty 50,2006-03-23,3844.0,3829.81
TRI63913928551991399600,Nifty 50,2006-03-24,3883.16,3868.83
TRI63913928551991399600,Nifty 50,2006-03-27,3932.71,3918.19
TRI63913928551991399600,Nifty 50,2006-03-28,3936.68,3922.15
TRI63913928551991399600,Nifty 50,2006-03-29,3971.57,3956.91
TRI63913928551991399600,Nifty 50,2006-03-30,4048.24,4033.3
TRI63913928551991399600,Nifty 50,2006-03-31,4028.82,4013.95
TRI63913928551991399600,Nifty 50,2006-04-03,4112.59,4097.41
TRI63913928551991399600,Nifty 50,2006-04-04,4124.25,4109.03
TRI63913928551991399600,Nifty 50,2006-04-05,4157.11,4141.77
TRI63913928551991399600,Nifty 50,2006-04-07,4090.68,4075.59
TRI63913928551991399600,Nifty 50,2006-04-10,4118.69,4103.49
TRI63913928551991399600,Nifty 50,2006-04-12,4002.12,3987.35
TRI63913928551991399600,Nifty 50,2006-04-13,3961.27,3946.65
TRI63913928551991399600,Nifty 50,2006-04-17,4055.58,4040.61
TRI63913928551991399600,Nifty 50,2006-04-18,4165.64,4150.26
TRI63913928551991399600,Nifty 50,2006-04-19,4186.65,4171.2
TRI63913928551991399600,Nifty 50,2006-04-20,4231.23,4215.62
TRI63913928551991399600,Nifty 50,2006-04-21,4230.7,4215.09
TRI63913928551991399600,Nifty 50,2006-04-24,4202.1,4183.81
TRI63913928551991399600,Nifty 50,2006-04-25,4100.25,4082.4
TRI63913928551991399600,Nifty 50,2006-04-26,4210.49,4192.16
TRI63913928551991399600,Nifty 50,2006-04-27,4154.07,4135.99
TRI63913928551991399600,Nifty 50,2006-04-28,4155.54,4137.46
TRI63913928551991399600,Nifty 50,2006-04-29,4213.88,4195.54
TRI63913928551991399600,Nifty 50,2006-05-02,4270.56,4251.97
TRI63913928551991399600,Nifty 50,2006-05-03,4304.67,4285.93
TRI63913928551991399600,Nifty 50,2006-05-04,4321.72,4302.91
TRI63913928551991399600,Nifty 50,2006-05-05,4340.14,4321.25
TRI63913928551991399600,Nifty 50,2006-05-08,4374.73,4355.69
TRI63913928551991399600,Nifty 50,2006-05-09,4407.18,4388.01
TRI63913928551991399600,Nifty 50,2006-05-10,4447.1,4427.75
TRI63913928551991399600,Nifty 50,2006-05-11,4384.45,4365.37
TRI63913928551991399600,Nifty 50,2006-05-12,4324.1,4305.29
TRI63913928551991399600,Nifty 50,2006-05-15,4149.84,4131.78
TRI63913928551991399600,Nifty 50,2006-05-16,4173.95,4155.78
TRI63913928551991399600,Nifty 50,2006-05-17,4306.39,4287.65
TRI63913928551991399600,Nifty 50,2006-05-18,4015.0,3997.53
TRI63913928551991399600,Nifty 50,2006-05-19,3846.76,3830.03
TRI63913928551991399600,Nifty 50,2006-05-22,3650.63,3634.75
TRI63913928551991399600,Nifty 50,2006-05-23,3790.43,3773.94
TRI63913928551991399600,Nifty 50,2006-05-24,3691.15,3675.09
TRI63913928551991399600,Nifty 50,2006-05-25,3767.26,3750.88
TRI63913928551991399600,Nifty 50,2006-05-26,3806.63,3790.09
TRI63913928553163318900,Nifty 50,2006-05-29,3812.92,3796.34
TRI63913928553163318900,Nifty 50,2006-05-30,3777.81,3761.39
TRI63913928553163318900,Nifty 50,2006-05-31,3642.31,3626.48
TRI63913928553163318900,Nifty 50,2006-06-01,3516.37,3501.1
TRI63913928553163318900,Nifty 50,2006-06-02,3669.62,3653.69
TRI63913928553163318900,Nifty 50,2006-06-05,3580.95,3565.4
TRI63913928553163318900,Nifty 50,2006-06-06,3486.76,3471.62
TRI63913928553163318900,Nifty 50,2006-06-07,3395.53,3380.79
TRI63913928553163318900,Nifty 50,2006-06-08,3233.97,3219.93
TRI63913928553163318900,Nifty 50,2006-06-09,3402.47,3387.7
TRI63913928553163318900,Nifty 50,2006-06-12,3296.29,3281.98
TRI63913928553163318900,Nifty 50,2006-06-13,3161.5,3147.77
TRI63913928553163318900,Nifty 50,2006-06-14,3125.3,3111.72
TRI63913928553163318900,Nifty 50,2006-06-15,3322.86,3308.43
TRI63913928553163318900,Nifty 50,2006-06-16,3432.03,3417.13
TRI63913928553163318900,Nifty 50,2006-06-19,3465.15,3450.11
TRI63913928553163318900,Nifty 50,2006-06-20,3399.1,3384.35
TRI63913928553163318900,Nifty 50,2006-06-21,3473.05,3457.98
TRI63913928553163318900,Nifty 50,2006-06-22,3557.96,3542.53
TRI63913928553163318900,Nifty 50,2006-06-23,3616.01,3600.33
TRI63913928553163318900,Nifty 50,2006-06-25,3625.04,3609.32
TRI63913928553163318900,Nifty 50,2006-06-26,3497.76,3482.59
TRI63913928553163318900,Nifty 50,2006-06-27,3544.41,3529.04
TRI63913928553163318900,Nifty 50,2006-06-28,3542.81,3527.44
TRI63913928553163318900,Nifty 50,2006-06-29,3565.64,3550.19
TRI63913928553163318900,Nifty 50,2006-06-30,3721.71,3705.58
TRI63913928553163318900,Nifty 50,2006-07-03,3748.77,3732.53
TRI63913928553163318900,Nifty 50,2006-07-04,3734.14,3717.96
TRI63913928553163318900,Nifty 50,2006-07-05,3803.68,3787.2
TRI63913928553163318900,Nifty 50,2006-07-06,3756.97,3740.7
TRI63913928553163318900,Nifty 50,2006-07-07,3661.52,3645.66
TRI63913928553163318900,Nifty 50,2006-07-10,3742.39,3726.19
TRI63913928553163318900,Nifty 50,2006-07-11,3711.6,3695.54
TRI63913928553163318900,Nifty 50,2006-07-12,3806.59,3790.11
TRI63913928553163318900,Nifty 50,2006-07-13,3774.9,3747.73
TRI63913928553163318900,Nifty 50,2006-07-14,3720.7,3693.92
TRI63913928553163318900,Nifty 50,2006-07-17,3582.75,3556.97
TRI63913928553163318900,Nifty 50,2006-07-18,3566.19,3540.53
TRI63913928553163318900,Nifty 50,2006-07-19,3493.65,3468.5
TRI63913928553163318900,Nifty 50,2006-07-20,3601.22,3575.3
TRI63913928553163318900,Nifty 50,2006-07-21,3508.38,3483.13
TRI63913928553163318900,Nifty 50,2006-07-24,3557.04,3531.44
TRI63913928553163318900,Nifty 50,2006-07-25,3622.15,3596.08
TRI63913928553163318900,Nifty 50,2006-07-26,3705.12,3678.45
TRI63913928553163318900,Nifty 50,2006-07-27,3759.92,3732.86
TRI63913928553163318900,Nifty 50,2006-07-28,3730.68,3693.26
TRI63913928553163318900,Nifty 50,2006-07-31,3745.46,3707.89
TRI63913928553163318900,Nifty 50,2006-08-01,3750.94,3713.32
TRI63913928553163318900,Nifty 50,2006-08-02,3791.81,3753.78
TRI63913928553163318900,Nifty 50,2006-08-03,3801.22,3763.1
TRI63913928553163318900,Nifty 50,2006-08-04,3785.43,3747.47
TRI63913928553163318900,Nifty 50,2006-08-07,3754.87,3717.21
TRI63913928553163318900,Nifty 50,2006-08-08,3829.33,3790.94
TRI63913928553163318900,Nifty 50,2006-08-09,3880.02,3841.12
TRI63913928553163318900,Nifty 50,2006-08-10,3887.22,3848.26
TRI63913928553163318900,Nifty 50,2006-08-11,3904.83,3865.7
TRI63913928553163318900,Nifty 50,2006-08-14,3952.53,3912.94
TRI63913928553163318900,Nifty 50,2006-08-16,4003.77,3963.67
TRI63913928553163318900,Nifty 50,2006-08-17,4001.21,3961.13
TRI63913928553163318900,Nifty 50,2006-08-18,4005.15,3965.03
TRI63913928553163318900,Nifty 50,2006-08-21,4016.18,3975.96
TRI63913928553163318900,Nifty 50,2006-08-22,4014.51,3974.3
TRI63913928553163318900,Nifty 50,2006-08-23,3980.36,3940.49
TRI63913928553163318900,Nifty 50,2006-08-24,4021.65,3981.37
TRI63913928553163318900,Nifty 50,2006-08-25,4040.2,3999.74
TRI63913928554194490400,Nifty 50,2006-08-28,4058.28,4016.34
TRI63913928554194490400,Nifty 50,2006-08-29,4087.63,4045.39
TRI63913928554194490400,Nifty 50,2006-08-30,4093.18,4050.88
TRI63913928554194490400,Nifty 50,2006-08-31,4073.55,4031.46
TRI63913928554194490400,Nifty 50,2006-09-01,4099.37,4057.01
TRI63913928554194490400,Nifty 50,2006-09-04,4148.77,4105.9
TRI63913928554194490400,Nifty 50,2006-09-05,4145.07,4102.23
TRI63913928554194490400,Nifty 50,2006-09-06,4155.31,4112.43
TRI63913928554194490400,Nifty 50,2006-09-07,4128.48,4085.88
TRI63913928554194490400,Nifty 50,2006-09-08,4148.68,4105.87
TRI63913928554194490400,Nifty 50,2006-09-11,4022.83,3981.33
TRI63913928554194490400,Nifty 50,2006-09-12,4051.22,4009.42
TRI63913928554194490400,Nifty 50,2006-09-13,4128.48,4085.88
TRI63913928554194490400,Nifty 50,2006-09-14,4148.85,4106.05
TRI63913928554194490400,Nifty 50,2006-09-15,4157.22,4114.33
TRI63913928554194490400,Nifty 50,2006-09-18,4174.26,4131.19
TRI63913928554194490400,Nifty 50,2006-09-19,4131.95,4089.32
TRI63913928554194490400,Nifty 50,2006-09-20,4186.27,4143.08
TRI63913928554194490400,Nifty 50,2006-09-21,4246.33,4202.52
TRI63913928554194490400,Nifty 50,2006-09-22,4235.96,4192.27
TRI63913928554194490400,Nifty 50,2006-09-25,4211.34,4167.9
TRI63913928554194490400,Nifty 50,2006-09-26,4269.07,4225.03
TRI63913928554194490400,Nifty 50,2006-09-27,4278.1,4233.96
TRI63913928554194490400,Nifty 50,2006-09-28,4269.07,4221.04
TRI63913928554194490400,Nifty 50,2006-09-29,4288.97,4240.72
TRI63913928554194490400,Nifty 50,2006-10-03,4266.5,4218.5
TRI63913928554194490400,Nifty 50,2006-10-04,4201.66,4154.39
TRI63913928554194490400,Nifty 50,2006-10-05,4260.89,4212.95
TRI63913928554194490400,Nifty 50,2006-10-06,4266.62,4218.62
TRI63913928554194490400,Nifty 50,2006-10-09,4263.57,4212.6
TRI63913928554194490400,Nifty 50,2006-10-10,4268.24,4217.21
TRI63913928554194490400,Nifty 50,2006-10-11,4253.3,4202.45
TRI63913928554194490400,Nifty 50,2006-10-12,4328.0,4276.26
TRI63913928554194490400,Nifty 50,2006-10-13,4393.74,4341.21
TRI63913928554194490400,Nifty 50,2006-10-16,4450.99,4397.78
TRI63913928554194490400,Nifty 50,2006-10-17,4440.29,4387.21
TRI63913928554194490400,Nifty 50,2006-10-18,4435.09,4382.07
TRI63913928554194490400,Nifty 50,2006-10-19,4396.38,4343.83
TRI63913928554194490400,Nifty 50,2006-10-20,4395.51,4342.97
TRI63913928554194490400,Nifty 50,2006-10-21,4403.46,4350.82
TRI63913928554194490400,Nifty 50,2006-10-23,4372.72,4320.46
TRI63913928554194490400,Nifty 50,2006-10-26,4396.93,4344.39
TRI63913928554194490400,Nifty 50,2006-10-27,4470.82,4404.47
TRI63913928554194490400,Nifty 50,2006-10-30,4506.39,4439.51
TRI63913928554194490400,Nifty 50,2006-10-31,4476.5,4410.06
TRI63913928554194490400,Nifty 50,2006-11-01,4503.94,4437.1
TRI63913928554194490400,Nifty 50,2006-11-02,4533.42,4466.14
TRI63913928554194490400,Nifty 50,2006-11-03,4550.45,4482.93
TRI63913928554194490400,Nifty 50,2006-11-06,4555.12,4487.52
TRI63913928554194490400,Nifty 50,2006-11-07,4542.56,4475.15
TRI63913928554194490400,Nifty 50,2006-11-08,4516.91,4449.88
TRI63913928554194490400,Nifty 50,2006-11-09,4539.88,4472.52
TRI63913928554194490400,Nifty 50,2006-11-10,4585.74,4517.7
TRI63913928554194490400,Nifty 50,2006-11-13,4614.44,4545.97
TRI63913928554194490400,Nifty 50,2006-11-14,4622.99,4554.39
TRI63913928554194490400,Nifty 50,2006-11-15,4635.61,4566.83
TRI63913928554194490400,Nifty 50,2006-11-16,4636.27,4567.48
TRI63913928554194490400,Nifty 50,2006-11-17,4607.51,4539.14
TRI63913928554194490400,Nifty 50,2006-11-20,4611.51,4543.09
TRI63913928554194490400,Nifty 50,2006-11-21,4685.78,4616.25
TRI63913928554194490400,Nifty 50,2006-11-22,4729.43,4659.25
TRI63913928554194490400,Nifty 50,2006-11-23,4718.31,4648.3
TRI63913928554194490400,Nifty 50,2006-11-24,4724.76,4654.66
TRI63913928555241413900,Nifty 50,2006-11-27,4746.35,4675.92
TRI63913928555241413900,Nifty 50,2006-11-28,4689.96,4620.37
TRI63913928555241413900,Nifty 50,2006-11-29,4697.68,4627.97
TRI63913928555241413900,Nifty 50,2006-11-30,4729.13,4658.96
TRI63913928555241413900,Nifty 50,2006-12-01,4780.67,4709.74
TRI63913928555241413900,Nifty 50,2006-12-04,4785.0,4714.0
TRI63913928555241413900,Nifty 50,2006-12-05,4802.64,4731.38
TRI63913928555241413900,Nifty 50,2006-12-06,4802.88,4731.62
TRI63913928555241413900,Nifty 50,2006-12-07,4802.16,4730.91
TRI63913928555241413900,Nifty 50,2006-12-08,4738.36,4668.05
TRI63913928555241413900,Nifty 50,2006-12-11,4603.81,4535.5
TRI63913928555241413900,Nifty 50,2006-12-12,4445.23,4379.27
TRI63913928555241413900,Nifty 50,2006-12-13,4502.99,4436.18
TRI63913928555241413900,Nifty 50,2006-12-14,4596.1,4527.91
TRI63913928555241413900,Nifty 50,2006-12-15,4650.63,4581.63
TRI63913928555241413900,Nifty 50,2006-12-18,4704.24,4634.52
TRI63913928555241413900,Nifty 50,2006-12-19,4588.39,4520.39
TRI63913928555241413900,Nifty 50,2006-12-20,4568.69,4500.99
TRI63913928555241413900,Nifty 50,2006-12-21,4590.19,4522.16
TRI63913928555241413900,Nifty 50,2006-12-22,4635.27,4566.58
TRI63913928555241413900,Nifty 50,2006-12-26,4718.31,4648.38
TRI63913928555241413900,Nifty 50,2006-12-27,4767.87,4697.35
TRI63913928555241413900,Nifty 50,2006-12-28,4763.43,4692.97
TRI63913928555241413900,Nifty 50,2006-12-29,4758.45,4688.07
TRI63913928555241413900,Nifty 50,2007-01-02,4807.77,4736.66
TRI63913928555241413900,Nifty 50,2007-01-03,4827.74,4756.34
TRI63913928555241413900,Nifty 50,2007-01-04,4785.45,4714.67
TRI63913928555241413900,Nifty 50,2007-01-05,4778.97,4708.29
TRI63913928555241413900,Nifty 50,2007-01-08,4718.99,4649.19
TRI63913928555241413900,Nifty 50,2007-01-09,4692.59,4623.19
TRI63913928555241413900,Nifty 50,2007-01-10,4619.29,4550.97
TRI63913928555241413900,Nifty 50,2007-01-11,4729.61,4659.65
TRI63913928555241413900,Nifty 50,2007-01-12,4861.82,4789.91
TRI63913928555241413900,Nifty 50,2007-01-15,4893.39,4821.02
TRI63913928555241413900,Nifty 50,2007-01-16,4895.91,4823.5
TRI63913928555241413900,Nifty 50,2007-01-17,4891.05,4818.71
TRI63913928555241413900,Nifty 50,2007-01-18,4930.16,4857.25
TRI63913928555241413900,Nifty 50,2007-01-19,4907.74,4835.17
TRI63913928555241413900,Nifty 50,2007-01-22,4923.09,4850.3
TRI63913928555241413900,Nifty 50,2007-01-23,4879.47,4807.32
TRI63913928555241413900,Nifty 50,2007-01-24,4908.03,4835.46
TRI63913928555241413900,Nifty 50,2007-01-25,4977.39,4903.12
TRI63913928555241413900,Nifty 50,2007-01-29,4949.49,4875.64
TRI63913928555241413900,Nifty 50,2007-01-31,4899.39,4826.28
TRI63913928555241413900,Nifty 50,2007-02-01,4966.14,4892.05
TRI63913928555241413900,Nifty 50,2007-02-02,5021.71,4946.8
TRI63913928555241413900,Nifty 50,2007-02-05,5059.94,4984.46
TRI63913928555241413900,Nifty 50,2007-02-06,5037.05,4961.91
TRI63913928555241413900,Nifty 50,2007-02-07,5071.08,4995.44
TRI63913928555241413900,Nifty 50,2007-02-08,5070.06,4994.43
TRI63913928555241413900,Nifty 50,2007-02-09,5026.84,4951.86
TRI63913928555241413900,Nifty 50,2007-02-12,4879.72,4807.05
TRI63913928555241413900,Nifty 50,2007-02-13,4863.8,4791.37
TRI63913928555241413900,Nifty 50,2007-02-14,4867.12,4794.65
TRI63913928555241413900,Nifty 50,2007-02-15,4986.3,4912.05
TRI63913928555241413900,Nifty 50,2007-02-19,5008.75,4934.17
TRI63913928555241413900,Nifty 50,2007-02-20,4939.47,4865.93
TRI63913928555241413900,Nifty 50,2007-02-21,4926.78,4853.43
TRI63913928555241413900,Nifty 50,2007-02-22,4859.19,4786.85
TRI63913928556272667200,Nifty 50,2007-02-23,4737.65,4667.12
TRI63913928556272667200,Nifty 50,2007-02-26,4741.32,4670.73
TRI63913928556272667200,Nifty 50,2007-02-27,4683.46,4613.74
TRI63913928556272667200,Nifty 50,2007-02-28,4504.73,4437.67
TRI63913928556272667200,Nifty 50,2007-03-01,4583.99,4515.75
TRI63913928556272667200,Nifty 50,2007-03-02,4482.42,4415.69
TRI63913928556272667200,Nifty 50,2007-03-05,4301.7,4237.66
TRI63913928556272667200,Nifty 50,2007-03-06,4396.9,4331.44
TRI63913928556272667200,Nifty 50,2007-03-07,4362.36,4297.42
TRI63913928556272667200,Nifty 50,2007-03-08,4524.5,4457.14
TRI63913928556272667200,Nifty 50,2007-03-09,4472.42,4405.84
TRI63913928556272667200,Nifty 50,2007-03-12,4492.39,4425.51
TRI63913928556272667200,Nifty 50,2007-03-13,4535.63,4468.11
TRI63913928556272667200,Nifty 50,2007-03-14,4380.97,4315.77
TRI63913928556272667200,Nifty 50,2007-03-15,4384.74,4317.23
TRI63913928556272667200,Nifty 50,2007-03-16,4343.36,4276.5
TRI63913928556272667200,Nifty 50,2007-03-19,4428.04,4359.87
TRI63913928556272667200,Nifty 50,2007-03-20,4450.55,4382.04
TRI63913928556272667200,Nifty 50,2007-03-21,4534.62,4464.87
TRI63913928556272667200,Nifty 50,2007-03-22,4668.95,4597.13
TRI63913928556272667200,Nifty 50,2007-03-23,4651.43,4579.89
TRI63913928556272667200,Nifty 50,2007-03-26,4603.34,4532.57
TRI63913928556272667200,Nifty 50,2007-03-28,4533.03,4463.35
TRI63913928556272667200,Nifty 50,2007-03-29,4577.63,4507.25
TRI63913928556272667200,Nifty 50,2007-03-30,4605.89,4535.08
TRI63913928556272667200,Nifty 50,2007-04-02,4379.37,4312.04
TRI63913928556272667200,Nifty 50,2007-04-03,4448.12,4379.74
TRI63913928556272667200,Nifty 50,2007-04-04,4499.91,4430.74
TRI63913928556272667200,Nifty 50,2007-04-05,4522.51,4452.99
TRI63913928556272667200,Nifty 50,2007-04-09,4632.8,4561.59
TRI63913928556272667200,Nifty 50,2007-04-10,4638.41,4567.1
TRI63913928556272667200,Nifty 50,2007-04-11,4655.88,4584.31
TRI63913928556272667200,Nifty 50,2007-04-12,4616.35,4545.39
TRI63913928556272667200,Nifty 50,2007-04-13,4721.82,4649.23
TRI63913928556272667200,Nifty 50,2007-04-16,4837.53,4763.17
TRI63913928556272667200,Nifty 50,2007-04-17,4803.3,4729.46
TRI63913928556272667200,Nifty 50,2007-04-18,4835.42,4761.09
TRI63913928556272667200,Nifty 50,2007-04-19,4818.61,4744.54
TRI63913928556272667200,Nifty 50,2007-04-20,4923.47,4847.8
TRI63913928556272667200,Nifty 50,2007-04-23,4931.08,4855.39
TRI63913928556272667200,Nifty 50,2007-04-24,4999.52,4922.78
TRI63913928556272667200,Nifty 50,2007-04-25,5030.3,4953.08
TRI63913928556272667200,Nifty 50,2007-04-26,5043.03,4965.62
TRI63913928556272667200,Nifty 50,2007-04-27,4929.15,4853.48
TRI63913928556272667200,Nifty 50,2007-04-30,4934.46,4858.71
TRI63913928556272667200,Nifty 50,2007-05-03,5010.44,4933.53
TRI63913928556272667200,Nifty 50,2007-05-04,4970.0,4893.72
TRI63913928556272667200,Nifty 50,2007-05-07,4962.52,4886.35
TRI63913928556272667200,Nifty 50,2007-05-08,4921.3,4845.76
TRI63913928556272667200,Nifty 50,2007-05-09,4924.08,4848.49
TRI63913928556272667200,Nifty 50,2007-05-10,4908.99,4833.63
TRI63913928556272667200,Nifty 50,2007-05-11,4920.88,4845.34
TRI63913928556272667200,Nifty 50,2007-05-14,4990.55,4913.95
TRI63913928556272667200,Nifty 50,2007-05-15,4973.65,4897.31
TRI63913928556272667200,Nifty 50,2007-05-16,5034.79,4957.51
TRI63913928556272667200,Nifty 50,2007-05-17,5093.9,5015.71
TRI63913928556272667200,Nifty 50,2007-05-18,5087.8,5009.71
TRI63913928556272667200,Nifty 50,2007-05-21,5143.81,5064.87
TRI63913928556272667200,Nifty 50,2007-05-22,5164.58,5085.31
TRI63913928556272667200,Nifty 50,2007-05-23,5126.07,5047.39
TRI63913928557194522600,Nifty 50,2007-05-24,5076.21,4998.3
TRI63913928557194522600,Nifty 50,2007-05-25,5128.42,5049.71
TRI63913928557194522600,Nifty 50,2007-05-28,5138.56,5059.69
TRI63913928557194522600,Nifty 50,2007-05-29,5182.87,5103.32
TRI63913928557194522600,Nifty 50,2007-05-30,5130.23,5051.49
TRI63913928557194522600,Nifty 50,2007-05-31,5185.95,5098.72
TRI63913928557194522600,Nifty 50,2007-06-01,5188.58,5101.32
TRI63913928557194522600,Nifty 50,2007-06-04,5152.36,5065.71
TRI63913928557194522600,Nifty 50,2007-06-05,5173.61,5086.6
TRI63913928557194522600,Nifty 50,2007-06-06,5069.99,4984.74
TRI63913928557194522600,Nifty 50,2007-06-07,5047.71,4962.84
TRI63913928557194522600,Nifty 50,2007-06-08,5007.87,4923.7
TRI63913928557194522600,Nifty 50,2007-06-11,5008.59,4924.41
TRI63913928557194522600,Nifty 50,2007-06-12,5021.28,4936.9
TRI63913928557194522600,Nifty 50,2007-06-13,4971.76,4888.24
TRI63913928557194522600,Nifty 50,2007-06-14,5042.38,4957.71
TRI63913928557194522600,Nifty 50,2007-06-15,5044.9,4960.19
TRI63913928557194522600,Nifty 50,2007-06-18,5015.45,4931.24
TRI63913928557194522600,Nifty 50,2007-06-19,5096.72,5011.15
TRI63913928557194522600,Nifty 50,2007-06-20,5138.26,5051.99
TRI63913928557194522600,Nifty 50,2007-06-21,5160.94,5074.29
TRI63913928557194522600,Nifty 50,2007-06-22,5142.38,5056.03
TRI63913928557194522600,Nifty 50,2007-06-25,5151.26,5064.77
TRI63913928557194522600,Nifty 50,2007-06-26,5183.07,5096.05
TRI63913928557194522600,Nifty 50,2007-06-27,5156.77,5070.18
TRI63913928557194522600,Nifty 50,2007-06-28,5179.91,5092.96
TRI63913928557194522600,Nifty 50,2007-06-29,5223.82,5136.13
TRI63913928557194522600,Nifty 50,2007-07-02,5218.32,5130.72
TRI63913928557194522600,Nifty 50,2007-07-03,5271.3,5182.82
TRI63913928557194522600,Nifty 50,2007-07-04,5273.42,5184.9
TRI63913928557194522600,Nifty 50,2007-07-05,5267.33,5178.92
TRI63913928557194522600,Nifty 50,2007-07-06,5304.84,5215.8
TRI63913928557194522600,Nifty 50,2007-07-09,5346.64,5256.9
TRI63913928557194522600,Nifty 50,2007-07-10,5331.14,5241.67
TRI63913928557194522600,Nifty 50,2007-07-11,5308.27,5219.19
TRI63913928557194522600,Nifty 50,2007-07-12,5379.66,5289.38
TRI63913928557194522600,Nifty 50,2007-07-13,5450.57,5359.1
TRI63913928557194522600,Nifty 50,2007-07-16,5462.01,5370.39
TRI63913928557194522600,Nifty 50,2007-07-17,5443.84,5352.53
TRI63913928557194522600,Nifty 50,2007-07-18,5447.23,5355.86
TRI63913928557194522600,Nifty 50,2007-07-19,5522.95,5430.32
TRI63913928557194522600,Nifty 50,2007-07-20,5527.74,5435.02
TRI63913928557194522600,Nifty 50,2007-07-23,5592.26,5498.46
TRI63913928557194522600,Nifty 50,2007-07-24,5593.96,5500.13
TRI63913928557194522600,Nifty 50,2007-07-25,5555.16,5461.98
TRI63913928557194522600,Nifty 50,2007-07-26,5592.81,5499.0
TRI63913928557194522600,Nifty 50,2007-07-27,5381.97,5291.71
TRI63913928557194522600,Nifty 50,2007-07-30,5375.74,5285.58
TRI63913928557194522600,Nifty 50,2007-07-31,5483.25,5391.29
TRI63913928557194522600,Nifty 50,2007-08-01,5261.69,5173.44
TRI63913928557194522600,Nifty 50,2007-08-02,5274.76,5186.3
TRI63913928557194522600,Nifty 50,2007-08-03,5330.23,5240.85
TRI63913928557194522600,Nifty 50,2007-08-06,5255.08,5166.97
TRI63913928557194522600,Nifty 50,2007-08-07,5276.76,5188.31
TRI63913928557194522600,Nifty 50,2007-08-08,5406.51,5315.9
TRI63913928557194522600,Nifty 50,2007-08-09,5335.14,5245.73
TRI63913928557194522600,Nifty 50,2007-08-10,5250.51,5162.51
TRI63913928557194522600,Nifty 50,2007-08-13,5299.34,5210.53
TRI63913928557194522600,Nifty 50,2007-08-14,5295.27,5206.53
TRI63913928557194522600,Nifty 50,2007-08-16,5063.42,4978.57
TRI63913928557194522600,Nifty 50,2007-08-17,4978.73,4895.28
TRI63913928557194522600,Nifty 50,2007-08-20,5101.1,5015.63
TRI63913928557194522600,Nifty 50,2007-08-21,4938.51,4855.78
TRI63913928558336359100,Nifty 50,2007-08-22,5033.64,4949.27
TRI63913928558336359100,Nifty 50,2007-08-23,4987.63,4904.07
TRI63913928558336359100,Nifty 50,2007-08-24,5078.77,4993.69
TRI63913928558336359100,Nifty 50,2007-08-27,5215.11,5127.7
TRI63913928558336359100,Nifty 50,2007-08-28,5237.01,5149.28
TRI63913928558336359100,Nifty 50,2007-08-29,5283.81,5195.28
TRI63913928558336359100,Nifty 50,2007-08-30,5348.64,5259.01
TRI63913928558336359100,Nifty 50,2007-08-31,5411.29,5320.63
TRI63913928558336359100,Nifty 50,2007-09-03,5424.33,5333.44
TRI63913928558336359100,Nifty 50,2007-09-04,5430.49,5339.5
TRI63913928558336359100,Nifty 50,2007-09-05,5426.37,5335.45
TRI63913928558336359100,Nifty 50,2007-09-06,5478.17,5386.41
TRI63913928558336359100,Nifty 50,2007-09-07,5467.13,5375.56
TRI63913928558336359100,Nifty 50,2007-09-10,5470.46,5378.91
TRI63913928558336359100,Nifty 50,2007-09-11,5457.35,5366.03
TRI63913928558336359100,Nifty 50,2007-09-12,5457.12,5365.79
TRI63913928558336359100,Nifty 50,2007-09-13,5496.07,5404.09
TRI63913928558336359100,Nifty 50,2007-09-14,5483.09,5391.33
TRI63913928558336359100,Nifty 50,2007-09-17,5454.74,5363.47
TRI63913928558336359100,Nifty 50,2007-09-18,5517.33,5424.98
TRI63913928558336359100,Nifty 50,2007-09-19,5743.32,5647.24
TRI63913928558336359100,Nifty 50,2007-09-20,5761.77,5665.38
TRI63913928558336359100,Nifty 50,2007-09-21,5871.0,5772.78
TRI63913928558336359100,Nifty 50,2007-09-24,5985.91,5885.73
TRI63913928558336359100,Nifty 50,2007-09-25,5993.99,5893.66
TRI63913928558336359100,Nifty 50,2007-09-26,5995.94,5895.63
TRI63913928558336359100,Nifty 50,2007-09-27,6068.83,5967.29
TRI63913928558336359100,Nifty 50,2007-09-28,6094.11,5992.11
TRI63913928558336359100,Nifty 50,2007-10-01,6151.88,6048.92
TRI63913928558336359100,Nifty 50,2007-10-03,6323.99,6218.19
TRI63913928558336359100,Nifty 50,2007-10-04,6321.38,6215.62
TRI63913928558336359100,Nifty 50,2007-10-05,6293.71,6188.41
TRI63913928558336359100,Nifty 50,2007-10-08,6171.46,6068.19
TRI63913928558336359100,Nifty 50,2007-10-09,6465.33,6357.15
TRI63913928558336359100,Nifty 50,2007-10-10,6603.91,6493.43
TRI63913928558336359100,Nifty 50,2007-10-11,6705.13,6592.95
TRI63913928558336359100,Nifty 50,2007-10-12,6587.9,6477.68
TRI63913928558336359100,Nifty 50,2007-10-15,6881.82,6766.64
TRI63913928558336359100,Nifty 50,2007-10-16,6878.92,6763.84
TRI63913928558336359100,Nifty 50,2007-10-17,6746.99,6634.06
TRI63913928558336359100,Nifty 50,2007-10-18,6494.74,6386.08
TRI63913928558336359100,Nifty 50,2007-10-19,6330.03,6224.13
TRI63913928558336359100,Nifty 50,2007-10-22,6292.55,6187.29
TRI63913928558336359100,Nifty 50,2007-10-23,6644.48,6533.31
TRI63913928558336359100,Nifty 50,2007-10-24,6671.7,6560.1
TRI63913928558336359100,Nifty 50,2007-10-25,6760.63,6647.52
TRI63913928558336359100,Nifty 50,2007-10-26,6922.5,6806.7
TRI63913928558336359100,Nifty 50,2007-10-29,7169.67,7049.73
TRI63913928558336359100,Nifty 50,2007-10-30,7124.58,7005.39
TRI63913928558336359100,Nifty 50,2007-10-31,7163.3,7043.46
TRI63913928558336359100,Nifty 50,2007-11-01,7121.96,7002.81
TRI63913928558336359100,Nifty 50,2007-11-02,7202.01,7081.53
TRI63913928558336359100,Nifty 50,2007-11-05,7098.67,6979.95
TRI63913928558336359100,Nifty 50,2007-11-06,7024.91,6907.37
TRI63913928558336359100,Nifty 50,2007-11-07,7021.12,6903.71
TRI63913928558336359100,Nifty 50,2007-11-08,6919.65,6803.89
TRI63913928558336359100,Nifty 50,2007-11-09,6876.51,6761.51
TRI63913928558336359100,Nifty 50,2007-11-12,6820.5,6706.41
TRI63913928558336359100,Nifty 50,2007-11-13,6915.56,6799.89
TRI63913928558336359100,Nifty 50,2007-11-14,7209.99,7089.42
TRI63913928558336359100,Nifty 50,2007-11-15,7178.71,7058.62
TRI63913928558336359100,Nifty 50,2007-11-16,7172.31,7052.35
TRI63913928558336359100,Nifty 50,2007-11-19,7173.27,7053.31
TRI63913928559320685000,Nifty 50,2007-11-20,7019.36,6901.97
TRI63913928559320685000,Nifty 50,2007-11-21,6752.41,6639.49
TRI63913928559320685000,Nifty 50,2007-11-22,6701.81,6589.7
TRI63913928559320685000,Nifty 50,2007-11-23,6810.16,6696.26
TRI63913928559320685000,Nifty 50,2007-11-26,6959.61,6843.23
TRI63913928559320685000,Nifty 50,2007-11-27,6918.92,6803.18
TRI63913928559320685000,Nifty 50,2007-11-28,6821.04,6706.95
TRI63913928559320685000,Nifty 50,2007-11-29,6841.75,6727.3
TRI63913928559320685000,Nifty 50,2007-11-30,6997.6,6880.55
TRI63913928559320685000,Nifty 50,2007-12-03,7121.74,7002.63
TRI63913928559320685000,Nifty 50,2007-12-04,7113.64,6994.69
TRI63913928559320685000,Nifty 50,2007-12-05,7212.82,7092.18
TRI63913928559320685000,Nifty 50,2007-12-06,7230.63,7109.73
TRI63913928559320685000,Nifty 50,2007-12-07,7254.45,7133.13
TRI63913928559320685000,Nifty 50,2007-12-10,7237.85,7116.77
TRI63913928559320685000,Nifty 50,2007-12-11,7403.77,7279.93
TRI63913928559320685000,Nifty 50,2007-12-12,7479.08,7354.01
TRI63913928559320685000,Nifty 50,2007-12-13,7356.2,7233.18
TRI63913928559320685000,Nifty 50,2007-12-14,7343.61,7220.77
TRI63913928559320685000,Nifty 50,2007-12-17,7014.87,6897.56
TRI63913928559320685000,Nifty 50,2007-12-18,6972.75,6856.13
TRI63913928559320685000,Nifty 50,2007-12-19,6984.11,6867.29
TRI63913928559320685000,Nifty 50,2007-12-20,7002.72,6885.62
TRI63913928559320685000,Nifty 50,2007-12-24,7268.18,7146.64
TRI63913928559320685000,Nifty 50,2007-12-26,7379.02,7255.72
TRI63913928559320685000,Nifty 50,2007-12-27,7392.06,7268.57
TRI63913928559320685000,Nifty 50,2007-12-28,7389.9,7266.42
TRI63913928559320685000,Nifty 50,2007-12-31,7461.48,7336.82
TRI63913928559320685000,Nifty 50,2008-01-01,7468.49,7343.69
TRI63913928559320685000,Nifty 50,2008-01-02,7511.06,7385.58
TRI63913928559320685000,Nifty 50,2008-01-03,7510.02,7384.56
TRI63913928559320685000,Nifty 50,2008-01-04,7626.41,7499.0
TRI63913928559320685000,Nifty 50,2008-01-07,7632.26,7504.74
TRI63913928559320685000,Nifty 50,2008-01-08,7642.89,7515.2
TRI63913928559320685000,Nifty 50,2008-01-09,7623.64,7496.25
TRI63913928559320685000,Nifty 50,2008-01-10,7483.81,7358.75
TRI63913928559320685000,Nifty 50,2008-01-11,7536.23,7410.32
TRI63913928559320685000,Nifty 50,2008-01-14,7544.53,7418.47
TRI63913928559320685000,Nifty 50,2008-01-15,7383.38,7260.04
TRI63913928559320685000,Nifty 50,2008-01-16,7215.08,7094.51
TRI63913928559320685000,Nifty 50,2008-01-17,7187.64,7067.55
TRI63913928559320685000,Nifty 50,2008-01-18,6934.95,6819.07
TRI63913928559320685000,Nifty 50,2008-01-21,6331.44,6225.64
TRI63913928559320685000,Nifty 50,2008-01-22,5955.22,5855.72
TRI63913928559320685000,Nifty 50,2008-01-23,6325.66,6219.98
TRI63913928559320685000,Nifty 50,2008-01-24,6119.07,6016.82
TRI63913928559320685000,Nifty 50,2008-01-25,6544.4,6435.08
TRI63913928559320685000,Nifty 50,2008-01-28,6411.61,6304.49
TRI63913928559320685000,Nifty 50,2008-01-29,6419.74,6312.5
TRI63913928559320685000,Nifty 50,2008-01-30,6282.15,6177.18
TRI63913928559320685000,Nifty 50,2008-01-31,6245.45,6141.14
TRI63913928559320685000,Nifty 50,2008-02-01,6465.46,6357.48
TRI63913928559320685000,Nifty 50,2008-02-04,6647.28,6536.3
TRI63913928559320685000,Nifty 50,2008-02-05,6672.07,6560.7
TRI63913928559320685000,Nifty 50,2008-02-06,6475.74,6367.67
TRI63913928559320685000,Nifty 50,2008-02-07,6245.48,6141.2
TRI63913928559320685000,Nifty 50,2008-02-08,6229.73,6125.77
TRI63913928559320685000,Nifty 50,2008-02-11,5909.35,5810.71
TRI63913928559320685000,Nifty 50,2008-02-12,5886.53,5788.28
TRI63913928559320685000,Nifty 50,2008-02-13,5998.76,5898.67
TRI63913928559320685000,Nifty 50,2008-02-14,6330.73,6225.09
TRI63913928559320685000,Nifty 50,2008-02-15,6453.55,6345.83
TRI63913928560586428900,Nifty 50,2008-02-18,6421.91,6314.72
TRI63913928560586428900,Nifty 50,2008-02-19,6426.66,6319.39
TRI63913928560586428900,Nifty 50,2008-02-20,6272.88,6168.19
TRI63913928560586428900,Nifty 50,2008-02-21,6318.3,6212.88
TRI63913928560586428900,Nifty 50,2008-02-22,6219.66,6115.89
TRI63913928560586428900,Nifty 50,2008-02-25,6329.13,6223.53
TRI63913928560586428900,Nifty 50,2008-02-26,6413.55,6306.52
TRI63913928560586428900,Nifty 50,2008-02-27,6411.53,6304.55
TRI63913928560586428900,Nifty 50,2008-02-28,6431.87,6324.53
TRI63913928560586428900,Nifty 50,2008-02-29,6356.92,6248.15
TRI63913928560586428900,Nifty 50,2008-03-03,6027.69,5924.59
TRI63913928560586428900,Nifty 50,2008-03-04,5919.69,5818.43
TRI63913928560586428900,Nifty 50,2008-03-05,5989.23,5886.79
TRI63913928560586428900,Nifty 50,2008-03-07,5806.95,5707.6
TRI63913928560586428900,Nifty 50,2008-03-10,5842.02,5742.05
TRI63913928560586428900,Nifty 50,2008-03-11,5921.71,5820.4
TRI63913928560586428900,Nifty 50,2008-03-12,5929.12,5827.7
TRI63913928560586428900,Nifty 50,2008-03-13,5626.82,5530.57
TRI63913928560586428900,Nifty 50,2008-03-14,5775.57,5676.74
TRI63913928560586428900,Nifty 50,2008-03-17,5481.22,5387.46
TRI63913928560586428900,Nifty 50,2008-03-18,5517.59,5423.24
TRI63913928560586428900,Nifty 50,2008-03-19,5567.43,5472.23
TRI63913928560586428900,Nifty 50,2008-03-24,5611.17,5515.18
TRI63913928560586428900,Nifty 50,2008-03-25,5936.92,5835.39
TRI63913928560586428900,Nifty 50,2008-03-26,5877.72,5777.19
TRI63913928560586428900,Nifty 50,2008-03-27,5879.4,5778.86
TRI63913928560586428900,Nifty 50,2008-03-28,6015.47,5912.56
TRI63913928560586428900,Nifty 50,2008-03-31,5762.88,5664.31
TRI63913928560586428900,Nifty 50,2008-04-01,5769.05,5670.35
TRI63913928560586428900,Nifty 50,2008-04-02,5786.85,5687.88
TRI63913928560586428900,Nifty 50,2008-04-03,5808.01,5708.69
TRI63913928560586428900,Nifty 50,2008-04-04,5656.4,5559.62
TRI63913928560586428900,Nifty 50,2008-04-07,5795.39,5696.25
TRI63913928560586428900,Nifty 50,2008-04-08,5732.64,5634.58
TRI63913928560586428900,Nifty 50,2008-04-09,5778.16,5679.32
TRI63913928560586428900,Nifty 50,2008-04-10,5761.35,5662.82
TRI63913928560586428900,Nifty 50,2008-04-11,5815.89,5716.43
TRI63913928560586428900,Nifty 50,2008-04-15,5939.87,5838.28
TRI63913928560586428900,Nifty 50,2008-04-16,5949.2,5847.44
TRI63913928560586428900,Nifty 50,2008-04-17,6035.71,5932.51
TRI63913928560586428900,Nifty 50,2008-04-21,6131.62,6026.77
TRI63913928560586428900,Nifty 50,2008-04-22,6146.63,6041.49
TRI63913928560586428900,Nifty 50,2008-04-23,6114.37,6009.78
TRI63913928560586428900,Nifty 50,2008-04-24,6086.43,5982.32
TRI63913928560586428900,Nifty 50,2008-04-25,6222.55,6116.15
TRI63913928560586428900,Nifty 50,2008-04-28,6195.76,6089.77
TRI63913928560586428900,Nifty 50,2008-04-29,6325.09,6216.93
TRI63913928560586428900,Nifty 50,2008-04-30,6289.07,6181.51
TRI63913928560586428900,Nifty 50,2008-05-02,6364.89,6256.06
TRI63913928560586428900,Nifty 50,2008-05-05,6321.13,6213.04
TRI63913928560586428900,Nifty 50,2008-05-06,6263.17,6156.08
TRI63913928560586428900,Nifty 50,2008-05-07,6252.05,6145.13
TRI63913928560586428900,Nifty 50,2008-05-08,6189.65,6083.86
TRI63913928560586428900,Nifty 50,2008-05-09,6068.94,5965.22
TRI63913928560586428900,Nifty 50,2008-05-12,6105.53,6001.19
TRI63913928560586428900,Nifty 50,2008-05-13,6038.76,5935.53
TRI63913928560586428900,Nifty 50,2008-05-14,6104.47,6000.11
TRI63913928560586428900,Nifty 50,2008-05-15,6230.52,6124.03
TRI63913928560586428900,Nifty 50,2008-05-16,6282.21,6174.85
TRI63913928561539464400,Nifty 50,2008-05-20,6217.98,6111.69
TRI63913928561539464400,Nifty 50,2008-05-21,6233.83,6127.27
TRI63913928561539464400,Nifty 50,2008-05-22,6121.51,6016.88
TRI63913928561539464400,Nifty 50,2008-05-23,6025.43,5922.42
TRI63913928561539464400,Nifty 50,2008-05-26,5938.4,5836.89
TRI63913928561539464400,Nifty 50,2008-05-27,5919.8,5818.63
TRI63913928561539464400,Nifty 50,2008-05-28,5991.15,5888.73
TRI63913928561539464400,Nifty 50,2008-05-29,5895.41,5794.74
TRI63913928561539464400,Nifty 50,2008-05-30,5937.81,5836.44
TRI63913928561539464400,Nifty 50,2008-06-02,5778.7,5680.05
TRI63913928561539464400,Nifty 50,2008-06-03,5749.83,5651.64
TRI63913928561539464400,Nifty 50,2008-06-04,5590.94,5495.49
TRI63913928561539464400,Nifty 50,2008-06-05,5702.34,5604.97
TRI63913928561539464400,Nifty 50,2008-06-06,5642.43,5546.06
TRI63913928561539464400,Nifty 50,2008-06-09,5487.73,5394.04
TRI63913928561539464400,Nifty 50,2008-06-10,5425.39,5332.74
TRI63913928561539464400,Nifty 50,2008-06-11,5515.36,5421.19
TRI63913928561539464400,Nifty 50,2008-06-12,5534.58,5440.06
TRI63913928561539464400,Nifty 50,2008-06-13,5507.44,5413.4
TRI63913928561539464400,Nifty 50,2008-06-16,5575.95,5480.76
TRI63913928561539464400,Nifty 50,2008-06-17,5674.15,5577.25
TRI63913928561539464400,Nifty 50,2008-06-18,5588.82,5493.43
TRI63913928561539464400,Nifty 50,2008-06-19,5493.52,5399.74
TRI63913928561539464400,Nifty 50,2008-06-20,5302.42,5211.89
TRI63913928561539464400,Nifty 50,2008-06-23,5203.42,5114.61
TRI63913928561539464400,Nifty 50,2008-06-24,5111.57,5024.33
TRI63913928561539464400,Nifty 50,2008-06-25,5186.64,5098.12
TRI63913928561539464400,Nifty 50,2008-06-26,5263.74,5173.89
TRI63913928561539464400,Nifty 50,2008-06-27,5047.27,4961.12
TRI63913928561539464400,Nifty 50,2008-06-30,4929.98,4845.87
TRI63913928561539464400,Nifty 50,2008-07-01,4754.56,4673.41
TRI63913928561539464400,Nifty 50,2008-07-02,4994.44,4909.19
TRI63913928561539464400,Nifty 50,2008-07-03,4790.37,4708.64
TRI63913928561539464400,Nifty 50,2008-07-04,4900.85,4817.24
TRI63913928561539464400,Nifty 50,2008-07-07,4917.92,4834.03
TRI63913928561539464400,Nifty 50,2008-07-08,4867.38,4784.31
TRI63913928561539464400,Nifty 50,2008-07-09,5073.06,4986.49
TRI63913928561539464400,Nifty 50,2008-07-10,5081.3,4994.64
TRI63913928561539464400,Nifty 50,2008-07-11,4943.11,4858.8
TRI63913928561539464400,Nifty 50,2008-07-14,4931.72,4847.64
TRI63913928561539464400,Nifty 50,2008-07-15,4713.68,4633.32
TRI63913928561539464400,Nifty 50,2008-07-16,4661.66,4582.19
TRI63913928561539464400,Nifty 50,2008-07-17,4821.47,4739.27
TRI63913928561539464400,Nifty 50,2008-07-18,5000.66,4915.44
TRI63913928561539464400,Nifty 50,2008-07-21,5082.83,4996.21
TRI63913928561539464400,Nifty 50,2008-07-22,5181.77,5093.49
TRI63913928561539464400,Nifty 50,2008-07-23,5471.01,5377.83
TRI63913928561539464400,Nifty 50,2008-07-24,5418.38,5326.09
TRI63913928561539464400,Nifty 50,2008-07-25,5269.68,5179.89
TRI63913928561539464400,Nifty 50,2008-07-28,5294.39,5204.21
TRI63913928561539464400,Nifty 50,2008-07-29,5120.56,5033.33
TRI63913928561539464400,Nifty 50,2008-07-30,5271.75,5181.93
TRI63913928561539464400,Nifty 50,2008-07-31,5297.47,5207.27
TRI63913928561539464400,Nifty 50,2008-08-01,5396.0,5304.13
TRI63913928561539464400,Nifty 50,2008-08-04,5375.02,5283.52
TRI63913928561539464400,Nifty 50,2008-08-05,5506.51,5412.74
TRI63913928561539464400,Nifty 50,2008-08-06,5524.49,5430.41
TRI63913928561539464400,Nifty 50,2008-08-07,5532.19,5437.98
TRI63913928561539464400,Nifty 50,2008-08-08,5539.39,5445.08
TRI63913928561539464400,Nifty 50,2008-08-11,5650.57,5554.35
TRI63913928561539464400,Nifty 50,2008-08-12,5567.46,5472.68
TRI63913928561539464400,Nifty 50,2008-08-13,5539.06,5444.79
TRI63913928561539464400,Nifty 50,2008-08-14,5419.51,5327.25
TRI63913928562570784400,Nifty 50,2008-08-18,5374.12,5282.64
TRI63913928562570784400,Nifty 50,2008-08-19,5343.76,5252.81
TRI63913928562570784400,Nifty 50,2008-08-20,5402.6,5310.67
TRI63913928562570784400,Nifty 50,2008-08-21,5242.06,5152.85
TRI63913928562570784400,Nifty 50,2008-08-22,5295.39,5205.29
TRI63913928562570784400,Nifty 50,2008-08-25,5305.47,5215.23
TRI63913928562570784400,Nifty 50,2008-08-26,5308.09,5217.81
TRI63913928562570784400,Nifty 50,2008-08-27,5252.56,5163.2
TRI63913928562570784400,Nifty 50,2008-08-28,5158.55,5070.84
TRI63913928562570784400,Nifty 50,2008-08-29,5337.28,5246.53
TRI63913928562570784400,Nifty 50,2008-09-01,5324.55,5234.02
TRI63913928562570784400,Nifty 50,2008-09-02,5514.77,5421.0
TRI63913928562570784400,Nifty 50,2008-09-04,5445.92,5353.3
TRI63913928562570784400,Nifty 50,2008-09-05,5329.03,5238.41
TRI63913928562570784400,Nifty 50,2008-09-08,5493.3,5399.97
TRI63913928562570784400,Nifty 50,2008-09-09,5477.25,5384.21
TRI63913928562570784400,Nifty 50,2008-09-10,5393.61,5301.97
TRI63913928562570784400,Nifty 50,2008-09-11,5258.8,5169.49
TRI63913928562570784400,Nifty 50,2008-09-12,5183.0,5094.97
TRI63913928562570784400,Nifty 50,2008-09-15,4992.36,4907.54
TRI63913928562570784400,Nifty 50,2008-09-16,4994.8,4909.95
TRI63913928562570784400,Nifty 50,2008-09-17,4913.11,4829.64
TRI63913928562570784400,Nifty 50,2008-09-18,4949.74,4865.67
TRI63913928562570784400,Nifty 50,2008-09-19,5204.46,5116.06
TRI63913928562570784400,Nifty 50,2008-09-22,5177.23,5089.31
TRI63913928562570784400,Nifty 50,2008-09-23,5059.37,4973.43
TRI63913928562570784400,Nifty 50,2008-09-24,5101.48,5014.83
TRI63913928562570784400,Nifty 50,2008-09-25,5039.33,4953.73
TRI63913928562570784400,Nifty 50,2008-09-26,4885.7,4802.73
TRI63913928562570784400,Nifty 50,2008-09-29,4719.95,4639.79
TRI63913928562570784400,Nifty 50,2008-09-30,4807.2,4725.54
TRI63913928562570784400,Nifty 50,2008-10-01,4843.43,4751.22
TRI63913928562570784400,Nifty 50,2008-10-03,4681.04,4591.94
TRI63913928562570784400,Nifty 50,2008-10-06,4416.27,4329.45
TRI63913928562570784400,Nifty 50,2008-10-07,4421.47,4334.56
TRI63913928562570784400,Nifty 50,2008-10-08,4307.52,4222.85
TRI63913928562570784400,Nifty 50,2008-10-10,4021.03,3941.98
TRI63913928562570784400,Nifty 50,2008-10-13,4279.38,4195.27
TRI63913928562570784400,Nifty 50,2008-10-14,4313.68,4228.86
TRI63913928562570784400,Nifty 50,2008-10-15,4092.67,4012.23
TRI63913928562570784400,Nifty 50,2008-10-16,4008.87,3930.09
TRI63913928562570784400,Nifty 50,2008-10-17,3769.83,3695.74
TRI63913928562570784400,Nifty 50,2008-10-20,3829.23,3753.98
TRI63913928562570784400,Nifty 50,2008-10-21,3966.69,3888.74
TRI63913928562570784400,Nifty 50,2008-10-22,3759.15,3685.29
TRI63913928562570784400,Nifty 50,2008-10-23,3609.55,3538.61
TRI63913928562570784400,Nifty 50,2008-10-24,3169.11,3106.8
TRI63913928562570784400,Nifty 50,2008-10-27,3095.74,3034.9
TRI63913928562570784400,Nifty 50,2008-10-28,3292.44,3227.75
TRI63913928562570784400,Nifty 50,2008-10-29,3308.29,3243.31
TRI63913928562570784400,Nifty 50,2008-10-31,3539.57,3470.04
TRI63913928562570784400,Nifty 50,2008-11-03,3733.72,3660.35
TRI63913928562570784400,Nifty 50,2008-11-04,3854.26,3778.49
TRI63913928562570784400,Nifty 50,2008-11-05,3673.76,3601.54
TRI63913928562570784400,Nifty 50,2008-11-06,3548.22,3478.52
TRI63913928562570784400,Nifty 50,2008-11-07,3646.83,3575.15
TRI63913928562570784400,Nifty 50,2008-11-10,3861.78,3785.89
TRI63913928562570784400,Nifty 50,2008-11-11,3604.66,3533.84
TRI63913928562570784400,Nifty 50,2008-11-12,3494.05,3425.37
TRI63913928563758284900,Nifty 50,2008-11-14,3447.27,3379.55
TRI63913928563758284900,Nifty 50,2008-11-17,3434.07,3366.57
TRI63913928563758284900,Nifty 50,2008-11-18,3291.25,3226.59
TRI63913928563758284900,Nifty 50,2008-11-19,3232.23,3168.69
TRI63913928563758284900,Nifty 50,2008-11-20,3131.78,3070.26
TRI63913928563758284900,Nifty 50,2008-11-21,3303.91,3238.98
TRI63913928563758284900,Nifty 50,2008-11-24,3322.07,3256.77
TRI63913928563758284900,Nifty 50,2008-11-25,3255.51,3191.54
TRI63913928563758284900,Nifty 50,2008-11-26,3376.05,3309.69
TRI63913928563758284900,Nifty 50,2008-11-28,3379.53,3313.11
TRI63913928563758284900,Nifty 50,2008-12-01,3290.95,3226.29
TRI63913928563758284900,Nifty 50,2008-12-02,3260.18,3196.11
TRI63913928563758284900,Nifty 50,2008-12-03,3258.54,3194.48
TRI63913928563758284900,Nifty 50,2008-12-04,3419.88,3352.68
TRI63913928563758284900,Nifty 50,2008-12-05,3329.57,3264.17
TRI63913928563758284900,Nifty 50,2008-12-08,3414.95,3347.87
TRI63913928563758284900,Nifty 50,2008-12-10,3591.9,3521.33
TRI63913928563758284900,Nifty 50,2008-12-11,3582.0,3511.59
TRI63913928563758284900,Nifty 50,2008-12-12,3583.48,3513.03
TRI63913928563758284900,Nifty 50,2008-12-15,3656.85,3585.01
TRI63913928563758284900,Nifty 50,2008-12-16,3731.13,3657.82
TRI63913928563758284900,Nifty 50,2008-12-17,3623.92,3552.72
TRI63913928563758284900,Nifty 50,2008-12-18,3754.43,3680.67
TRI63913928563758284900,Nifty 50,2008-12-19,3775.02,3700.81
TRI63913928563758284900,Nifty 50,2008-12-22,3728.11,3654.87
TRI63913928563758284900,Nifty 50,2008-12-23,3647.56,3575.99
TRI63913928563758284900,Nifty 50,2008-12-24,3583.91,3513.59
TRI63913928563758284900,Nifty 50,2008-12-26,3510.64,3441.8
TRI63913928563758284900,Nifty 50,2008-12-29,3590.46,3520.03
TRI63913928563758284900,Nifty 50,2008-12-30,3660.89,3589.06
TRI63913928563758284900,Nifty 50,2008-12-31,3635.87,3564.54
TRI63913928563758284900,Nifty 50,2009-01-01,3727.18,3654.04
TRI63913928563758284900,Nifty 50,2009-01-02,3743.48,3670.06
TRI63913928563758284900,Nifty 50,2009-01-05,3835.29,3760.05
TRI63913928563758284900,Nifty 50,2009-01-06,3824.63,3749.63
TRI63913928563758284900,Nifty 50,2009-01-07,3588.27,3517.87
TRI63913928563758284900,Nifty 50,2009-01-09,3530.0,3460.77
TRI63913928563758284900,Nifty 50,2009-01-12,3407.29,3340.43
TRI63913928563758284900,Nifty 50,2009-01-13,3372.7,3306.52
TRI63913928563758284900,Nifty 50,2009-01-14,3483.84,3415.52
TRI63913928563758284900,Nifty 50,2009-01-15,3362.74,3296.75
TRI63913928563758284900,Nifty 50,2009-01-16,3475.45,3407.27
TRI63913928563758284900,Nifty 50,2009-01-19,3497.27,3428.65
TRI63913928563758284900,Nifty 50,2009-01-20,3436.31,3368.9
TRI63913928563758284900,Nifty 50,2009-01-21,3325.17,3259.94
TRI63913928563758284900,Nifty 50,2009-01-22,3334.55,3269.16
TRI63913928563758284900,Nifty 50,2009-01-23,3291.24,3226.7
TRI63913928563758284900,Nifty 50,2009-01-27,3405.28,3338.49
TRI63913928563758284900,Nifty 50,2009-01-28,3502.03,3433.33
TRI63913928563758284900,Nifty 50,2009-01-29,3474.27,3406.22
TRI63913928563758284900,Nifty 50,2009-01-30,3538.57,3469.27
TRI63913928563758284900,Nifty 50,2009-02-02,3405.45,3338.75
TRI63913928563758284900,Nifty 50,2009-02-03,3426.68,3359.57
TRI63913928563758284900,Nifty 50,2009-02-04,3450.6,3383.02
TRI63913928563758284900,Nifty 50,2009-02-05,3422.28,3355.26
TRI63913928563758284900,Nifty 50,2009-02-06,3499.89,3431.36
TRI63913928563758284900,Nifty 50,2009-02-09,3594.44,3524.05
TRI63913928563758284900,Nifty 50,2009-02-10,3612.41,3541.67
TRI63913928563758284900,Nifty 50,2009-02-11,3601.57,3531.05
TRI63913928564742616900,Nifty 50,2009-02-12,3561.72,3492.0
TRI63913928564742616900,Nifty 50,2009-02-13,3629.83,3558.75
TRI63913928564742616900,Nifty 50,2009-02-16,3506.9,3438.22
TRI63913928564742616900,Nifty 50,2009-02-17,3411.56,3344.76
TRI63913928564742616900,Nifty 50,2009-02-18,3418.72,3351.83
TRI63913928564742616900,Nifty 50,2009-02-19,3435.02,3367.77
TRI63913928564742616900,Nifty 50,2009-02-20,3369.86,3303.9
TRI63913928564742616900,Nifty 50,2009-02-24,3366.73,3300.82
TRI63913928564742616900,Nifty 50,2009-02-25,3401.93,3335.35
TRI63913928564742616900,Nifty 50,2009-02-26,3430.46,3363.3
TRI63913928564742616900,Nifty 50,2009-02-27,3403.33,3336.74
TRI63913928564742616900,Nifty 50,2009-03-02,3293.68,3229.22
TRI63913928564742616900,Nifty 50,2009-03-03,3229.43,3166.2
TRI63913928564742616900,Nifty 50,2009-03-04,3257.46,3193.73
TRI63913928564742616900,Nifty 50,2009-03-05,3173.11,3111.02
TRI63913928564742616900,Nifty 50,2009-03-06,3226.63,3163.48
TRI63913928564742616900,Nifty 50,2009-03-09,3168.76,3106.74
TRI63913928564742616900,Nifty 50,2009-03-12,3223.3,3160.22
TRI63913928564742616900,Nifty 50,2009-03-13,3348.7,3283.13
TRI63913928564742616900,Nifty 50,2009-03-16,3420.13,3353.16
TRI63913928564742616900,Nifty 50,2009-03-17,3395.69,3329.25
TRI63913928564742616900,Nifty 50,2009-03-18,3441.57,3374.23
TRI63913928564742616900,Nifty 50,2009-03-19,3456.95,3389.26
TRI63913928564742616900,Nifty 50,2009-03-20,3456.79,3389.14
TRI63913928564742616900,Nifty 50,2009-03-23,3620.38,3549.54
TRI63913928564742616900,Nifty 50,2009-03-24,3619.2,3548.39
TRI63913928564742616900,Nifty 50,2009-03-25,3675.43,3603.51
TRI63913928564742616900,Nifty 50,2009-03-26,3796.04,3721.72
TRI63913928564742616900,Nifty 50,2009-03-27,3828.51,3753.6
TRI63913928564742616900,Nifty 50,2009-03-30,3667.79,3596.02
TRI63913928564742616900,Nifty 50,2009-03-31,3720.51,3647.7
TRI63913928564742616900,Nifty 50,2009-04-01,3769.02,3695.28
TRI63913928564742616900,Nifty 50,2009-04-02,3954.66,3877.24
TRI63913928564742616900,Nifty 50,2009-04-06,4010.72,3932.24
TRI63913928564742616900,Nifty 50,2009-04-08,4117.08,4036.51
TRI63913928564742616900,Nifty 50,2009-04-09,4115.95,4035.42
TRI63913928564742616900,Nifty 50,2009-04-13,4165.93,4084.38
TRI63913928564742616900,Nifty 50,2009-04-15,4290.96,4207.0
TRI63913928564742616900,Nifty 50,2009-04-16,4149.81,4068.57
TRI63913928564742616900,Nifty 50,2009-04-17,4168.14,4086.56
TRI63913928564742616900,Nifty 50,2009-04-20,4159.13,4077.74
TRI63913928564742616900,Nifty 50,2009-04-21,4144.6,4063.5
TRI63913928564742616900,Nifty 50,2009-04-22,4101.5,4021.23
TRI63913928564742616900,Nifty 50,2009-04-23,4216.52,4134.01
TRI63913928564742616900,Nifty 50,2009-04-24,4286.93,4203.01
TRI63913928564742616900,Nifty 50,2009-04-27,4273.67,4190.03
TRI63913928564742616900,Nifty 50,2009-04-28,4141.09,4060.04
TRI63913928564742616900,Nifty 50,2009-04-29,4278.54,4194.8
TRI63913928564742616900,Nifty 50,2009-05-04,4500.26,4412.21
TRI63913928564742616900,Nifty 50,2009-05-05,4510.02,4421.74
TRI63913928564742616900,Nifty 50,2009-05-06,4464.63,4377.25
TRI63913928564742616900,Nifty 50,2009-05-07,4537.12,4448.31
TRI63913928564742616900,Nifty 50,2009-05-08,4459.27,4372.0
TRI63913928564742616900,Nifty 50,2009-05-11,4377.93,4292.25
TRI63913928564742616900,Nifty 50,2009-05-12,4533.71,4445.0
TRI63913928566102964700,Nifty 50,2009-05-13,4477.25,4389.64
TRI63913928566102964700,Nifty 50,2009-05-14,4426.36,4339.73
TRI63913928566102964700,Nifty 50,2009-05-15,4522.65,4434.17
TRI63913928566102964700,Nifty 50,2009-05-18,5325.19,5220.97
TRI63913928566102964700,Nifty 50,2009-05-19,5319.42,5215.3
TRI63913928566102964700,Nifty 50,2009-05-20,5260.08,5157.15
TRI63913928566102964700,Nifty 50,2009-05-21,5186.89,5085.41
TRI63913928566102964700,Nifty 50,2009-05-22,5220.91,5118.74
TRI63913928566102964700,Nifty 50,2009-05-25,5219.76,5117.6
TRI63913928566102964700,Nifty 50,2009-05-26,5070.9,4971.65
TRI63913928566102964700,Nifty 50,2009-05-27,5267.14,5164.09
TRI63913928566102964700,Nifty 50,2009-05-28,5342.36,5237.82
TRI63913928566102964700,Nifty 50,2009-05-29,5480.11,5372.9
TRI63913928566102964700,Nifty 50,2009-06-01,5579.85,5470.66
TRI63913928566102964700,Nifty 50,2009-06-02,5574.12,5465.05
TRI63913928566102964700,Nifty 50,2009-06-03,5580.81,5471.63
TRI63913928566102964700,Nifty 50,2009-06-04,5634.78,5524.55
TRI63913928566102964700,Nifty 50,2009-06-05,5652.34,5541.77
TRI63913928566102964700,Nifty 50,2009-06-08,5458.86,5352.08
TRI63913928566102964700,Nifty 50,2009-06-09,5608.04,5498.33
TRI63913928566102964700,Nifty 50,2009-06-10,5739.53,5627.35
TRI63913928566102964700,Nifty 50,2009-06-11,5719.84,5608.08
TRI63913928566102964700,Nifty 50,2009-06-12,5654.27,5543.79
TRI63913928566102964700,Nifty 50,2009-06-15,5531.62,5423.56
TRI63913928566102964700,Nifty 50,2009-06-16,5574.9,5456.33
TRI63913928566102964700,Nifty 50,2009-06-17,5375.47,5261.1
TRI63913928566102964700,Nifty 50,2009-06-18,5246.17,5134.59
TRI63913928566102964700,Nifty 50,2009-06-19,5322.95,5209.71
TRI63913928566102964700,Nifty 50,2009-06-22,5226.95,5115.75
TRI63913928566102964700,Nifty 50,2009-06-23,5241.45,5129.94
TRI63913928566102964700,Nifty 50,2009-06-24,5298.16,5185.45
TRI63913928566102964700,Nifty 50,2009-06-25,5235.08,5123.72
TRI63913928566102964700,Nifty 50,2009-06-26,5400.02,5285.16
TRI63913928566102964700,Nifty 50,2009-06-29,5419.52,5304.27
TRI63913928566102964700,Nifty 50,2009-06-30,5296.58,5183.92
TRI63913928566102964700,Nifty 50,2009-07-01,5358.01,5244.08
TRI63913928566102964700,Nifty 50,2009-07-02,5368.2,5254.05
TRI63913928566102964700,Nifty 50,2009-07-03,5461.26,5345.14
TRI63913928566102964700,Nifty 50,2009-07-06,5147.4,5038.07
TRI63913928566102964700,Nifty 50,2009-07-07,5192.48,5082.15
TRI63913928566102964700,Nifty 50,2009-07-08,5040.16,4933.09
TRI63913928566102964700,Nifty 50,2009-07-09,5043.45,4936.3
TRI63913928566102964700,Nifty 50,2009-07-10,4948.21,4843.1
TRI63913928566102964700,Nifty 50,2009-07-13,4914.79,4810.46
TRI63913928566102964700,Nifty 50,2009-07-14,5085.26,4977.37
TRI63913928566102964700,Nifty 50,2009-07-15,5236.32,5125.19
TRI63913928566102964700,Nifty 50,2009-07-16,5233.7,5122.64
TRI63913928566102964700,Nifty 50,2009-07-17,5411.29,5296.43
TRI63913928566102964700,Nifty 50,2009-07-20,5568.72,5450.54
TRI63913928566102964700,Nifty 50,2009-07-21,5527.7,5410.41
TRI63913928566102964700,Nifty 50,2009-07-22,5441.0,5325.53
TRI63913928566102964700,Nifty 50,2009-07-23,5595.44,5476.68
TRI63913928566102964700,Nifty 50,2009-07-24,5652.04,5532.15
TRI63913928566102964700,Nifty 50,2009-07-27,5657.08,5537.03
TRI63913928566102964700,Nifty 50,2009-07-28,5646.92,5527.1
TRI63913928566102964700,Nifty 50,2009-07-29,5584.33,5465.83
TRI63913928566102964700,Nifty 50,2009-07-30,5656.66,5536.66
TRI63913928566102964700,Nifty 50,2009-07-31,5737.09,5615.39
TRI63913928566102964700,Nifty 50,2009-08-03,5830.35,5706.69
TRI63913928566102964700,Nifty 50,2009-08-04,5792.67,5669.82
TRI63913928566102964700,Nifty 50,2009-08-05,5809.57,5686.35
TRI63913928566102964700,Nifty 50,2009-08-06,5675.13,5554.79
TRI63913928566102964700,Nifty 50,2009-08-07,5546.33,5428.68
TRI63913928566102964700,Nifty 50,2009-08-10,5492.49,5376.03
TRI63913928567321985900,Nifty 50,2009-08-11,5534.22,5416.85
TRI63913928567321985900,Nifty 50,2009-08-12,5517.09,5400.07
TRI63913928567321985900,Nifty 50,2009-08-13,5699.66,5578.76
TRI63913928567321985900,Nifty 50,2009-08-14,5668.78,5548.56
TRI63913928567321985900,Nifty 50,2009-08-17,5430.95,5315.77
TRI63913928567321985900,Nifty 50,2009-08-18,5521.3,5404.23
TRI63913928567321985900,Nifty 50,2009-08-19,5441.06,5325.72
TRI63913928567321985900,Nifty 50,2009-08-20,5515.01,5398.11
TRI63913928567321985900,Nifty 50,2009-08-21,5608.87,5489.99
TRI63913928567321985900,Nifty 50,2009-08-24,5750.03,5628.16
TRI63913928567321985900,Nifty 50,2009-08-25,5770.53,5648.23
TRI63913928567321985900,Nifty 50,2009-08-26,5797.53,5674.66
TRI63913928567321985900,Nifty 50,2009-08-27,5806.62,5683.56
TRI63913928567321985900,Nifty 50,2009-08-28,5861.96,5737.74
TRI63913928567321985900,Nifty 50,2009-08-31,5774.96,5652.58
TRI63913928567321985900,Nifty 50,2009-09-01,5729.9,5608.49
TRI63913928567321985900,Nifty 50,2009-09-02,5708.82,5587.86
TRI63913928567321985900,Nifty 50,2009-09-03,5690.74,5570.16
TRI63913928567321985900,Nifty 50,2009-09-04,5798.37,5675.51
TRI63913928567321985900,Nifty 50,2009-09-07,5925.39,5799.84
TRI63913928567321985900,Nifty 50,2009-09-08,5953.08,5826.94
TRI63913928567321985900,Nifty 50,2009-09-09,5964.2,5837.83
TRI63913928567321985900,Nifty 50,2009-09-10,5971.09,5844.59
TRI63913928567321985900,Nifty 50,2009-09-11,5985.39,5858.62
TRI63913928567321985900,Nifty 50,2009-09-14,5960.63,5823.84
TRI63913928567321985900,Nifty 50,2009-09-15,6064.15,5924.99
TRI63913928567321985900,Nifty 50,2009-09-16,6146.31,6005.27
TRI63913928567321985900,Nifty 50,2009-09-17,6155.18,6013.93
TRI63913928567321985900,Nifty 50,2009-09-18,6168.19,6026.64
TRI63913928567321985900,Nifty 50,2009-09-22,6223.21,6080.4
TRI63913928567321985900,Nifty 50,2009-09-23,6160.91,6019.53
TRI63913928567321985900,Nifty 50,2009-09-24,6181.47,6039.62
TRI63913928567321985900,Nifty 50,2009-09-25,6147.23,6006.17
TRI63913928567321985900,Nifty 50,2009-09-29,6206.65,6064.22
TRI63913928567321985900,Nifty 50,2009-09-30,6302.19,6157.57
TRI63913928567321985900,Nifty 50,2009-10-01,6301.54,6156.94
TRI63913928567321985900,Nifty 50,2009-10-05,6202.09,6059.77
TRI63913928567321985900,Nifty 50,2009-10-06,6232.12,6089.11
TRI63913928567321985900,Nifty 50,2009-10-07,6180.46,6038.63
TRI63913928567321985900,Nifty 50,2009-10-08,6200.92,6058.63
TRI63913928567321985900,Nifty 50,2009-10-09,6130.2,5989.53
TRI63913928567321985900,Nifty 50,2009-10-12,6265.4,6121.62
TRI63913928567321985900,Nifty 50,2009-10-14,6344.64,6199.05
TRI63913928567321985900,Nifty 50,2009-10-15,6334.84,6189.51
TRI63913928567321985900,Nifty 50,2009-10-16,6379.5,6233.23
TRI63913928567321985900,Nifty 50,2009-10-17,6379.08,6232.82
TRI63913928567321985900,Nifty 50,2009-10-20,6345.15,6199.66
TRI63913928567321985900,Nifty 50,2009-10-21,6282.03,6137.99
TRI63913928567321985900,Nifty 50,2009-10-22,6188.98,6047.07
TRI63913928567321985900,Nifty 50,2009-10-23,6199.5,6057.35
TRI63913928567321985900,Nifty 50,2009-10-26,6167.03,6025.63
TRI63913928567321985900,Nifty 50,2009-10-27,6012.97,5875.1
TRI63913928567321985900,Nifty 50,2009-10-28,5987.82,5850.54
TRI63913928567321985900,Nifty 50,2009-10-29,5894.12,5758.99
TRI63913928567321985900,Nifty 50,2009-10-30,5846.03,5712.0
TRI63913928567321985900,Nifty 50,2009-11-03,5662.6,5532.78
TRI63913928567321985900,Nifty 50,2009-11-04,5844.86,5710.86
TRI63913928567321985900,Nifty 50,2009-11-05,5912.8,5777.23
TRI63913928567321985900,Nifty 50,2009-11-06,5951.91,5815.48
TRI63913928568650791900,Nifty 50,2009-11-09,6078.83,5939.49
TRI63913928568650791900,Nifty 50,2009-11-10,6058.1,5919.24
TRI63913928568650791900,Nifty 50,2009-11-11,6209.76,6067.42
TRI63913928568650791900,Nifty 50,2009-11-12,6146.15,6005.27
TRI63913928568650791900,Nifty 50,2009-11-13,6203.57,6061.37
TRI63913928568650791900,Nifty 50,2009-11-16,6276.92,6133.04
TRI63913928568650791900,Nifty 50,2009-11-17,6282.16,6138.16
TRI63913928568650791900,Nifty 50,2009-11-18,6272.78,6128.99
TRI63913928568650791900,Nifty 50,2009-11-19,6191.25,6049.33
TRI63913928568650791900,Nifty 50,2009-11-20,6269.95,6126.23
TRI63913928568650791900,Nifty 50,2009-11-23,6333.39,6188.21
TRI63913928568650791900,Nifty 50,2009-11-24,6317.26,6172.45
TRI63913928568650791900,Nifty 50,2009-11-25,6339.11,6193.8
TRI63913928568650791900,Nifty 50,2009-11-26,6211.8,6019.34
TRI63913928568650791900,Nifty 50,2009-11-27,6132.6,5942.59
TRI63913928568650791900,Nifty 50,2009-11-30,6245.49,6051.99
TRI63913928568650791900,Nifty 50,2009-12-01,6356.3,6159.36
TRI63913928568650791900,Nifty 50,2009-12-02,6357.9,6160.91
TRI63913928568650791900,Nifty 50,2009-12-03,6368.38,6171.07
TRI63913928568650791900,Nifty 50,2009-12-04,6340.1,6143.67
TRI63913928568650791900,Nifty 50,2009-12-07,6287.74,6092.93
TRI63913928568650791900,Nifty 50,2009-12-08,6388.56,6190.63
TRI63913928568650791900,Nifty 50,2009-12-09,6343.96,6147.41
TRI63913928568650791900,Nifty 50,2009-12-10,6372.06,6174.63
TRI63913928568650791900,Nifty 50,2009-12-11,6350.5,6153.75
TRI63913928568650791900,Nifty 50,2009-12-14,6336.14,6139.83
TRI63913928568650791900,Nifty 50,2009-12-15,6246.0,6052.48
TRI63913928568650791900,Nifty 50,2009-12-16,6257.11,6063.25
TRI63913928568650791900,Nifty 50,2009-12-17,6256.77,6059.87
TRI63913928568650791900,Nifty 50,2009-12-18,6189.66,5994.88
TRI63913928568650791900,Nifty 50,2009-12-21,6146.13,5952.71
TRI63913928568650791900,Nifty 50,2009-12-22,6189.52,5994.8
TRI63913928568650791900,Nifty 50,2009-12-23,6386.57,6185.65
TRI63913928568650791900,Nifty 50,2009-12-24,6428.86,6226.63
TRI63913928568650791900,Nifty 50,2009-12-29,6440.68,6238.07
TRI63913928568650791900,Nifty 50,2009-12-30,6417.72,6215.83
TRI63913928568650791900,Nifty 50,2009-12-31,6456.97,6253.85
TRI63913928568650791900,Nifty 50,2010-01-04,6495.62,6291.28
TRI63913928568650791900,Nifty 50,2010-01-05,6552.37,6346.24
TRI63913928568650791900,Nifty 50,2010-01-06,6557.19,6350.92
TRI63913928568650791900,Nifty 50,2010-01-07,6533.98,6328.43
TRI63913928568650791900,Nifty 50,2010-01-08,6511.18,6306.36
TRI63913928568650791900,Nifty 50,2010-01-11,6517.09,6312.08
TRI63913928568650791900,Nifty 50,2010-01-12,6468.64,6265.15
TRI63913928568650791900,Nifty 50,2010-01-13,6497.91,6293.51
TRI63913928568650791900,Nifty 50,2010-01-14,6530.11,6324.7
TRI63913928568650791900,Nifty 50,2010-01-15,6520.55,6315.43
TRI63913928568650791900,Nifty 50,2010-01-18,6548.66,6342.66
TRI63913928568650791900,Nifty 50,2010-01-19,6487.84,6283.76
TRI63913928568650791900,Nifty 50,2010-01-20,6482.96,6279.03
TRI63913928568650791900,Nifty 50,2010-01-21,6324.57,6125.62
TRI63913928568650791900,Nifty 50,2010-01-22,6252.42,6055.74
TRI63913928568650791900,Nifty 50,2010-01-25,6217.49,6021.92
TRI63913928568650791900,Nifty 50,2010-01-27,6025.64,5836.11
TRI63913928568650791900,Nifty 50,2010-01-28,6043.21,5853.12
TRI63913928568650791900,Nifty 50,2010-01-29,6061.68,5871.02
TRI63913928568650791900,Nifty 50,2010-02-01,6083.9,5892.54
TRI63913928568650791900,Nifty 50,2010-02-02,5997.46,5808.82
TRI63913928568650791900,Nifty 50,2010-02-03,6123.81,5931.2
TRI63913928568650791900,Nifty 50,2010-02-04,6016.87,5827.64
TRI63913928568650791900,Nifty 50,2010-02-05,5860.4,5676.11
TRI63913928568650791900,Nifty 50,2010-02-06,5908.36,5722.57
TRI63913928569557589800,Nifty 50,2010-02-08,5912.26,5726.35
TRI63913928569557589800,Nifty 50,2010-02-09,5952.91,5765.75
TRI63913928569557589800,Nifty 50,2010-02-10,5908.84,5723.06
TRI63913928569557589800,Nifty 50,2010-02-11,5995.36,5806.85
TRI63913928569557589800,Nifty 50,2010-02-15,5964.46,5776.92
TRI63913928569557589800,Nifty 50,2010-02-16,6031.31,5841.67
TRI63913928569557589800,Nifty 50,2010-02-17,6103.65,5911.73
TRI63913928569557589800,Nifty 50,2010-02-18,6071.38,5880.49
TRI63913928569557589800,Nifty 50,2010-02-19,6018.14,5828.92
TRI63913928569557589800,Nifty 50,2010-02-22,6032.44,5842.78
TRI63913928569557589800,Nifty 50,2010-02-23,6049.39,5859.19
TRI63913928569557589800,Nifty 50,2010-02-24,6035.17,5845.42
TRI63913928569557589800,Nifty 50,2010-02-25,6036.57,5846.78
TRI63913928569557589800,Nifty 50,2010-02-26,6114.26,5922.03
TRI63913928569557589800,Nifty 50,2010-03-02,6231.89,6035.95
TRI63913928569557589800,Nifty 50,2010-03-03,6320.23,6121.52
TRI63913928569557589800,Nifty 50,2010-03-04,6310.45,6112.05
TRI63913928569557589800,Nifty 50,2010-03-05,6320.95,6122.22
TRI63913928569557589800,Nifty 50,2010-03-08,6364.81,6164.7
TRI63913928569557589800,Nifty 50,2010-03-09,6336.9,6137.67
TRI63913928569557589800,Nifty 50,2010-03-10,6355.21,6155.4
TRI63913928569557589800,Nifty 50,2010-03-11,6376.48,6176.01
TRI63913928569557589800,Nifty 50,2010-03-12,6381.0,6180.38
TRI63913928569557589800,Nifty 50,2010-03-15,6370.91,6170.61
TRI63913928569557589800,Nifty 50,2010-03-16,6456.89,6253.89
TRI63913928569557589800,Nifty 50,2010-03-17,6498.88,6294.55
TRI63913928569557589800,Nifty 50,2010-03-18,6517.13,6312.25
TRI63913928569557589800,Nifty 50,2010-03-19,6538.14,6332.6
TRI63913928569557589800,Nifty 50,2010-03-22,6466.58,6263.3
TRI63913928569557589800,Nifty 50,2010-03-23,6491.98,6287.91
TRI63913928569557589800,Nifty 50,2010-03-25,6535.6,6330.16
TRI63913928569557589800,Nifty 50,2010-03-26,6562.47,6356.19
TRI63913928569557589800,Nifty 50,2010-03-29,6588.34,6381.24
TRI63913928569557589800,Nifty 50,2010-03-30,6538.16,6332.64
TRI63913928569557589800,Nifty 50,2010-03-31,6521.55,6316.55
TRI63913928569557589800,Nifty 50,2010-04-01,6573.0,6366.38
TRI63913928569557589800,Nifty 50,2010-04-05,6669.81,6460.16
TRI63913928569557589800,Nifty 50,2010-04-06,6666.78,6457.22
TRI63913928569557589800,Nifty 50,2010-04-07,6677.55,6467.65
TRI63913928569557589800,Nifty 50,2010-04-08,6590.34,6383.18
TRI63913928569557589800,Nifty 50,2010-04-09,6661.54,6452.14
TRI63913928569557589800,Nifty 50,2010-04-12,6634.12,6425.58
TRI63913928569557589800,Nifty 50,2010-04-13,6615.8,6407.92
TRI63913928569557589800,Nifty 50,2010-04-15,6554.45,6348.5
TRI63913928569557589800,Nifty 50,2010-04-16,6540.82,6335.29
TRI63913928569557589800,Nifty 50,2010-04-19,6467.49,6264.28
TRI63913928569557589800,Nifty 50,2010-04-20,6500.38,6296.12
TRI63913928569557589800,Nifty 50,2010-04-21,6518.8,6313.97
TRI63913928569557589800,Nifty 50,2010-04-22,6549.19,6343.4
TRI63913928569557589800,Nifty 50,2010-04-23,6592.4,6385.25
TRI63913928569557589800,Nifty 50,2010-04-26,6615.25,6407.39
TRI63913928569557589800,Nifty 50,2010-04-27,6597.71,6390.4
TRI63913928569557589800,Nifty 50,2010-04-28,6482.27,6278.59
TRI63913928569557589800,Nifty 50,2010-04-29,6530.38,6325.18
TRI63913928569557589800,Nifty 50,2010-04-30,6559.98,6353.85
TRI63913928569557589800,Nifty 50,2010-05-03,6491.43,6287.46
TRI63913928569557589800,Nifty 50,2010-05-04,6399.12,6198.05
TRI63913928569557589800,Nifty 50,2010-05-05,6369.8,6169.65
TRI63913928569557589800,Nifty 50,2010-05-06,6327.5,6128.67
TRI63913928569557589800,Nifty 50,2010-05-07,6237.0,6041.02
TRI63913928570510203600,Nifty 50,2010-05-10,6459.39,6256.56
TRI63913928570510203600,Nifty 50,2010-05-11,6387.96,6187.38
TRI63913928570510203600,Nifty 50,2010-05-12,6413.47,6212.08
TRI63913928570510203600,Nifty 50,2010-05-13,6441.15,6238.89
TRI63913928570510203600,Nifty 50,2010-05-14,6334.91,6135.98
TRI63913928570510203600,Nifty 50,2010-05-17,6293.1,6095.49
TRI63913928570510203600,Nifty 50,2010-05-18,6300.98,6103.12
TRI63913928570510203600,Nifty 50,2010-05-19,6119.53,5927.4
TRI63913928570510203600,Nifty 50,2010-05-20,6155.32,5962.09
TRI63913928570510203600,Nifty 50,2010-05-21,6134.86,5942.27
TRI63913928570510203600,Nifty 50,2010-05-24,6150.77,5957.68
TRI63913928570510203600,Nifty 50,2010-05-25,5980.08,5792.35
TRI63913928570510203600,Nifty 50,2010-05-26,6120.27,5928.24
TRI63913928570510203600,Nifty 50,2010-05-27,6227.0,6031.6
TRI63913928570510203600,Nifty 50,2010-05-28,6305.91,6108.05
TRI63913928570510203600,Nifty 50,2010-05-31,6330.54,6131.9
TRI63913928570510203600,Nifty 50,2010-06-01,6186.03,5991.93
TRI63913928570510203600,Nifty 50,2010-06-02,6247.84,6051.79
TRI63913928570510203600,Nifty 50,2010-06-03,6360.67,6161.08
TRI63913928570510203600,Nifty 50,2010-06-04,6391.73,6191.17
TRI63913928570510203600,Nifty 50,2010-06-07,6265.44,6068.84
TRI63913928570510203600,Nifty 50,2010-06-08,6207.06,6012.3
TRI63913928570510203600,Nifty 50,2010-06-09,6234.29,6039.01
TRI63913928570510203600,Nifty 50,2010-06-10,6338.1,6139.77
TRI63913928570510203600,Nifty 50,2010-06-11,6388.96,6189.03
TRI63913928570510203600,Nifty 50,2010-06-14,6486.71,6283.73
TRI63913928570510203600,Nifty 50,2010-06-15,6520.6,6312.14
TRI63913928570510203600,Nifty 50,2010-06-16,6534.36,6325.46
TRI63913928570510203600,Nifty 50,2010-06-17,6586.69,6376.14
TRI63913928570510203600,Nifty 50,2010-06-18,6571.38,6361.31
TRI63913928570510203600,Nifty 50,2010-06-21,6684.61,6466.84
TRI63913928570510203600,Nifty 50,2010-06-22,6638.74,6422.45
TRI63913928570510203600,Nifty 50,2010-06-23,6646.99,6430.44
TRI63913928570510203600,Nifty 50,2010-06-24,6643.81,6427.36
TRI63913928570510203600,Nifty 50,2010-06-25,6579.46,6365.11
TRI63913928570510203600,Nifty 50,2010-06-28,6659.94,6442.97
TRI63913928570510203600,Nifty 50,2010-06-29,6566.44,6352.61
TRI63913928570510203600,Nifty 50,2010-06-30,6636.89,6420.77
TRI63913928570510203600,Nifty 50,2010-07-01,6560.61,6346.97
TRI63913928570510203600,Nifty 50,2010-07-02,6542.72,6329.68
TRI63913928570510203600,Nifty 50,2010-07-05,6541.23,6328.23
TRI63913928570510203600,Nifty 50,2010-07-06,6607.6,6392.44
TRI63913928570510203600,Nifty 50,2010-07-07,6547.69,6334.49
TRI63913928570510203600,Nifty 50,2010-07-08,6620.64,6405.15
TRI63913928570510203600,Nifty 50,2010-07-09,6690.13,6472.38
TRI63913928570510203600,Nifty 50,2010-07-12,6729.96,6510.97
TRI63913928570510203600,Nifty 50,2010-07-13,6752.08,6532.37
TRI63913928570510203600,Nifty 50,2010-07-14,6733.92,6514.8
TRI63913928570510203600,Nifty 50,2010-07-15,6724.67,6505.86
TRI63913928570510203600,Nifty 50,2010-07-16,6743.58,6524.16
TRI63913928570510203600,Nifty 50,2010-07-19,6734.28,6515.16
TRI63913928570510203600,Nifty 50,2010-07-20,6711.23,6492.86
TRI63913928570510203600,Nifty 50,2010-07-21,6750.4,6530.75
TRI63913928570510203600,Nifty 50,2010-07-22,6803.67,6582.28
TRI63913928570510203600,Nifty 50,2010-07-23,6812.99,6591.32
TRI63913928570510203600,Nifty 50,2010-07-26,6774.85,6554.42
TRI63913928570510203600,Nifty 50,2010-07-27,6789.82,6568.9
TRI63913928570510203600,Nifty 50,2010-07-28,6748.86,6529.28
TRI63913928570510203600,Nifty 50,2010-07-29,6763.76,6543.71
TRI63913928570510203600,Nifty 50,2010-07-30,6712.14,6493.77
TRI63913928570510203600,Nifty 50,2010-08-02,6792.23,6571.26
TRI63913928570510203600,Nifty 50,2010-08-03,6802.06,6558.73
TRI63913928570510203600,Nifty 50,2010-08-04,6837.5,6592.9
TRI63913928570510203600,Nifty 50,2010-08-05,6811.88,6568.22
TRI63913928571541465200,Nifty 50,2010-08-06,6802.05,6558.74
TRI63913928571541465200,Nifty 50,2010-08-09,6860.7,6615.29
TRI63913928571541465200,Nifty 50,2010-08-10,6830.53,6586.25
TRI63913928571541465200,Nifty 50,2010-08-11,6780.37,6537.88
TRI63913928571541465200,Nifty 50,2010-08-12,6775.14,6532.84
TRI63913928571541465200,Nifty 50,2010-08-13,6819.78,6575.89
TRI63913928571541465200,Nifty 50,2010-08-16,6778.13,6535.75
TRI63913928571541465200,Nifty 50,2010-08-17,6775.24,6533.05
TRI63913928571541465200,Nifty 50,2010-08-18,6856.99,6611.89
TRI63913928571541465200,Nifty 50,2010-08-19,6933.41,6685.58
TRI63913928571541465200,Nifty 50,2010-08-20,6921.44,6674.03
TRI63913928571541465200,Nifty 50,2010-08-23,6937.5,6689.52
TRI63913928571541465200,Nifty 50,2010-08-24,6890.37,6644.11
TRI63913928571541465200,Nifty 50,2010-08-25,6836.82,6592.48
TRI63913928571541465200,Nifty 50,2010-08-26,6856.27,6611.23
TRI63913928571541465200,Nifty 50,2010-08-27,6769.67,6527.73
TRI63913928571541465200,Nifty 50,2010-08-30,6779.13,6536.87
TRI63913928571541465200,Nifty 50,2010-08-31,6762.76,6521.1
TRI63913928571541465200,Nifty 50,2010-09-01,6850.39,6605.62
TRI63913928571541465200,Nifty 50,2010-09-02,6869.28,6623.87
TRI63913928571541465200,Nifty 50,2010-09-03,6860.96,6615.86
TRI63913928571541465200,Nifty 50,2010-09-06,6983.1,6733.63
TRI63913928571541465200,Nifty 50,2010-09-07,7017.14,6766.46
TRI63913928571541465200,Nifty 50,2010-09-08,7022.98,6772.12
TRI63913928571541465200,Nifty 50,2010-09-09,7065.39,6813.1
TRI63913928571541465200,Nifty 50,2010-09-13,7216.3,6958.64
TRI63913928571541465200,Nifty 50,2010-09-14,7260.81,7001.56
TRI63913928571541465200,Nifty 50,2010-09-15,7342.96,7080.79
TRI63913928571541465200,Nifty 50,2010-09-16,7302.56,7041.82
TRI63913928571541465200,Nifty 50,2010-09-17,7373.29,7110.03
TRI63913928571541465200,Nifty 50,2010-09-20,7492.96,7225.44
TRI63913928571541465200,Nifty 50,2010-09-21,7528.8,7260.0
TRI63913928571541465200,Nifty 50,2010-09-22,7506.18,7238.18
TRI63913928571541465200,Nifty 50,2010-09-23,7466.79,7200.2
TRI63913928571541465200,Nifty 50,2010-09-24,7540.4,7271.18
TRI63913928571541465200,Nifty 50,2010-09-27,7562.13,7292.13
TRI63913928571541465200,Nifty 50,2010-09-28,7554.38,7284.66
TRI63913928571541465200,Nifty 50,2010-09-29,7506.56,7238.55
TRI63913928571541465200,Nifty 50,2010-09-30,7554.94,7285.21
TRI63913928571541465200,Nifty 50,2010-10-01,7697.13,7422.31
TRI63913928571541465200,Nifty 50,2010-10-04,7717.23,7441.7
TRI63913928571541465200,Nifty 50,2010-10-05,7700.1,7425.19
TRI63913928571541465200,Nifty 50,2010-10-06,7751.06,7474.32
TRI63913928571541465200,Nifty 50,2010-10-07,7668.16,7394.38
TRI63913928571541465200,Nifty 50,2010-10-08,7647.04,7374.02
TRI63913928571541465200,Nifty 50,2010-10-11,7687.67,7413.2
TRI63913928571541465200,Nifty 50,2010-10-12,7631.32,7358.86
TRI63913928571541465200,Nifty 50,2010-10-13,7810.52,7531.66
TRI63913928571541465200,Nifty 50,2010-10-14,7739.62,7463.29
TRI63913928571541465200,Nifty 50,2010-10-15,7595.92,7324.71
TRI63913928571541465200,Nifty 50,2010-10-18,7612.59,7340.79
TRI63913928571541465200,Nifty 50,2010-10-19,7551.66,7282.04
TRI63913928571541465200,Nifty 50,2010-10-20,7495.03,7227.43
TRI63913928571541465200,Nifty 50,2010-10-21,7651.23,7378.3
TRI63913928571541465200,Nifty 50,2010-10-22,7607.0,7335.64
TRI63913928571541465200,Nifty 50,2010-10-25,7656.86,7383.73
TRI63913928571541465200,Nifty 50,2010-10-26,7627.0,7354.94
TRI63913928571541465200,Nifty 50,2010-10-27,7540.06,7271.1
TRI63913928571541465200,Nifty 50,2010-10-28,7508.74,7240.9
TRI63913928571541465200,Nifty 50,2010-10-29,7546.4,7277.21
TRI63913928571541465200,Nifty 50,2010-11-01,7673.05,7399.39
TRI63913928571541465200,Nifty 50,2010-11-02,7674.81,7401.09
TRI63913928571541465200,Nifty 50,2010-11-03,7726.88,7451.3
TRI63913928572775858000,Nifty 50,2010-11-04,7879.02,7598.02
TRI63913928572775858000,Nifty 50,2010-11-05,7917.48,7635.1
TRI63913928572775858000,Nifty 50,2010-11-08,7868.23,7587.61
TRI63913928572775858000,Nifty 50,2010-11-09,7903.81,7621.92
TRI63913928572775858000,Nifty 50,2010-11-10,7871.4,7590.66
TRI63913928572775858000,Nifty 50,2010-11-11,7769.23,7492.13
TRI63913928572775858000,Nifty 50,2010-11-12,7615.47,7343.87
TRI63913928572775858000,Nifty 50,2010-11-15,7678.13,7404.29
TRI63913928572775858000,Nifty 50,2010-11-16,7511.38,7243.49
TRI63913928572775858000,Nifty 50,2010-11-18,7524.11,7255.76
TRI63913928572775858000,Nifty 50,2010-11-19,7388.0,7124.51
TRI63913928572775858000,Nifty 50,2010-11-22,7538.12,7269.28
TRI63913928572775858000,Nifty 50,2010-11-23,7443.73,7178.25
TRI63913928572775858000,Nifty 50,2010-11-24,7357.21,7094.82
TRI63913928572775858000,Nifty 50,2010-11-25,7274.4,7014.96
TRI63913928572775858000,Nifty 50,2010-11-26,7214.47,6957.17
TRI63913928572775858000,Nifty 50,2010-11-29,7312.38,7051.59
TRI63913928572775858000,Nifty 50,2010-11-30,7353.36,7091.1
TRI63913928572775858000,Nifty 50,2010-12-01,7476.57,7209.91
TRI63913928572775858000,Nifty 50,2010-12-02,7540.24,7271.32
TRI63913928572775858000,Nifty 50,2010-12-03,7516.53,7248.45
TRI63913928572775858000,Nifty 50,2010-12-06,7515.86,7247.81
TRI63913928572775858000,Nifty 50,2010-12-07,7496.19,7228.83
TRI63913928572775858000,Nifty 50,2010-12-08,7404.78,7140.68
TRI63913928572775858000,Nifty 50,2010-12-09,7232.7,6974.75
TRI63913928572775858000,Nifty 50,2010-12-10,7346.68,7084.67
TRI63913928572775858000,Nifty 50,2010-12-13,7409.77,7145.51
TRI63913928572775858000,Nifty 50,2010-12-14,7455.48,7189.58
TRI63913928572775858000,Nifty 50,2010-12-15,7390.53,7126.94
TRI63913928572775858000,Nifty 50,2010-12-16,7461.32,7195.21
TRI63913928572775858000,Nifty 50,2010-12-20,7462.81,7196.77
TRI63913928572775858000,Nifty 50,2010-12-21,7530.04,7261.61
TRI63913928572775858000,Nifty 50,2010-12-22,7509.68,7241.98
TRI63913928572775858000,Nifty 50,2010-12-23,7504.13,7236.64
TRI63913928572775858000,Nifty 50,2010-12-24,7543.8,7274.88
TRI63913928572775858000,Nifty 50,2010-12-27,7527.17,7258.85
TRI63913928572775858000,Nifty 50,2010-12-28,7524.52,7256.31
TRI63913928572775858000,Nifty 50,2010-12-29,7605.29,7334.2
TRI63913928572775858000,Nifty 50,2010-12-30,7657.38,7384.42
TRI63913928572775858000,Nifty 50,2010-12-31,7698.29,7423.89
TRI63913928572775858000,Nifty 50,2011-01-03,7727.31,7451.86
TRI63913928572775858000,Nifty 50,2011-01-04,7713.22,7438.27
TRI63913928572775858000,Nifty 50,2011-01-05,7629.67,7357.7
TRI63913928572775858000,Nifty 50,2011-01-06,7590.1,7319.54
TRI63913928572775858000,Nifty 50,2011-01-07,7409.81,7145.67
TRI63913928572775858000,Nifty 50,2011-01-10,7231.93,6974.14
TRI63913928572775858000,Nifty 50,2011-01-11,7220.95,6963.55
TRI63913928572775858000,Nifty 50,2011-01-12,7357.95,7095.67
TRI63913928572775858000,Nifty 50,2011-01-13,7218.21,6960.9
TRI63913928572775858000,Nifty 50,2011-01-14,7096.04,6843.09
TRI63913928572775858000,Nifty 50,2011-01-17,7096.3,6843.35
TRI63913928572775858000,Nifty 50,2011-01-18,7183.71,6927.66
TRI63913928572775858000,Nifty 50,2011-01-19,7142.3,6887.73
TRI63913928572775858000,Nifty 50,2011-01-20,7168.11,6912.61
TRI63913928572775858000,Nifty 50,2011-01-21,7149.19,6894.36
TRI63913928572775858000,Nifty 50,2011-01-24,7207.96,6951.06
TRI63913928572775858000,Nifty 50,2011-01-25,7137.87,6883.46
TRI63913928572775858000,Nifty 50,2011-01-27,7034.29,6783.59
TRI63913928572775858000,Nifty 50,2011-01-28,6918.59,6672.01
TRI63913928572775858000,Nifty 50,2011-01-31,6910.76,6664.46
TRI63913928572775858000,Nifty 50,2011-02-01,6799.42,6557.1
TRI63913928573775859400,Nifty 50,2011-02-02,6817.99,6575.0
TRI63913928573775859400,Nifty 50,2011-02-03,6936.95,6689.72
TRI63913928573775859400,Nifty 50,2011-02-04,6773.79,6532.41
TRI63913928573775859400,Nifty 50,2011-02-07,6774.07,6532.69
TRI63913928573775859400,Nifty 50,2011-02-08,6669.45,6426.83
TRI63913928573775859400,Nifty 50,2011-02-09,6595.38,6355.45
TRI63913928573775859400,Nifty 50,2011-02-10,6560.54,6321.88
TRI63913928573775859400,Nifty 50,2011-02-11,6666.91,6424.41
TRI63913928573775859400,Nifty 50,2011-02-14,6850.18,6601.01
TRI63913928573775859400,Nifty 50,2011-02-15,6881.62,6631.31
TRI63913928573775859400,Nifty 50,2011-02-16,6882.48,6632.13
TRI63913928573775859400,Nifty 50,2011-02-17,6963.79,6710.48
TRI63913928573775859400,Nifty 50,2011-02-18,6853.93,6604.62
TRI63913928573775859400,Nifty 50,2011-02-21,6928.8,6676.78
TRI63913928573775859400,Nifty 50,2011-02-22,6866.76,6616.98
TRI63913928573775859400,Nifty 50,2011-02-23,6826.81,6578.49
TRI63913928573775859400,Nifty 50,2011-02-24,6607.55,6367.2
TRI63913928573775859400,Nifty 50,2011-02-25,6658.78,6416.57
TRI63913928573775859400,Nifty 50,2011-02-28,6696.09,6452.52
TRI63913928573775859400,Nifty 50,2011-03-01,6933.43,6681.23
TRI63913928573775859400,Nifty 50,2011-03-03,6950.94,6698.09
TRI63913928573775859400,Nifty 50,2011-03-04,6954.14,6701.18
TRI63913928573775859400,Nifty 50,2011-03-07,6859.22,6609.71
TRI63913928573775859400,Nifty 50,2011-03-08,6931.56,6679.43
TRI63913928573775859400,Nifty 50,2011-03-09,6944.39,6691.79
TRI63913928573775859400,Nifty 50,2011-03-10,6898.4,6647.47
TRI63913928573775859400,Nifty 50,2011-03-11,6836.95,6588.25
TRI63913928573775859400,Nifty 50,2011-03-14,6945.55,6692.93
TRI63913928573775859400,Nifty 50,2011-03-15,6842.78,6593.9
TRI63913928573775859400,Nifty 50,2011-03-16,6919.99,6668.31
TRI63913928573775859400,Nifty 50,2011-03-17,6840.27,6591.52
TRI63913928573775859400,Nifty 50,2011-03-18,6749.34,6503.92
TRI63913928573775859400,Nifty 50,2011-03-21,6738.1,6493.09
TRI63913928573775859400,Nifty 50,2011-03-22,6799.8,6552.55
TRI63913928573775859400,Nifty 50,2011-03-23,6883.21,6632.93
TRI63913928573775859400,Nifty 50,2011-03-24,6936.12,6683.92
TRI63913928573775859400,Nifty 50,2011-03-25,7101.72,6843.5
TRI63913928573775859400,Nifty 50,2011-03-28,7143.2,6883.47
TRI63913928573775859400,Nifty 50,2011-03-29,7205.54,6943.56
TRI63913928573775859400,Nifty 50,2011-03-30,7269.95,7005.63
TRI63913928573775859400,Nifty 50,2011-03-31,7327.83,7061.41
TRI63913928573775859400,Nifty 50,2011-04-01,7318.19,7052.11
TRI63913928573775859400,Nifty 50,2011-04-04,7421.7,7151.87
TRI63913928573775859400,Nifty 50,2011-04-05,7423.72,7153.81
TRI63913928573775859400,Nifty 50,2011-04-06,7400.7,7131.63
TRI63913928573775859400,Nifty 50,2011-04-07,7393.11,7124.3
TRI63913928573775859400,Nifty 50,2011-04-08,7338.25,7071.44
TRI63913928573775859400,Nifty 50,2011-04-11,7267.5,7003.27
TRI63913928573775859400,Nifty 50,2011-04-13,7425.52,7155.53
TRI63913928573775859400,Nifty 50,2011-04-15,7316.33,7050.32
TRI63913928573775859400,Nifty 50,2011-04-18,7196.4,6934.75
TRI63913928573775859400,Nifty 50,2011-04-19,7211.02,6948.84
TRI63913928573775859400,Nifty 50,2011-04-20,7352.62,7085.38
TRI63913928573775859400,Nifty 50,2011-04-21,7394.15,7125.41
TRI63913928573775859400,Nifty 50,2011-04-25,7381.47,7113.18
TRI63913928573775859400,Nifty 50,2011-04-26,7373.82,7105.82
TRI63913928573775859400,Nifty 50,2011-04-27,7330.46,7064.03
TRI63913928573775859400,Nifty 50,2011-04-28,7269.68,7005.45
TRI63913928573775859400,Nifty 50,2011-04-29,7224.51,6961.93
TRI63913928573775859400,Nifty 50,2011-05-02,7163.96,6903.58
TRI63913928575010255300,Nifty 50,2011-05-03,6992.97,6738.81
TRI63913928575010255300,Nifty 50,2011-05-04,6957.66,6704.78
TRI63913928575010255300,Nifty 50,2011-05-05,6864.99,6615.64
TRI63913928575010255300,Nifty 50,2011-05-06,6980.18,6726.64
TRI63913928575010255300,Nifty 50,2011-05-09,6979.72,6726.2
TRI63913928575010255300,Nifty 50,2011-05-10,6967.35,6714.28
TRI63913928575010255300,Nifty 50,2011-05-11,6997.25,6743.11
TRI63913928575010255300,Nifty 50,2011-05-12,6898.01,6647.47
TRI63913928575010255300,Nifty 50,2011-05-13,6971.75,6718.52
TRI63913928575010255300,Nifty 50,2011-05-16,6914.17,6663.04
TRI63913928575010255300,Nifty 50,2011-05-17,6838.67,6590.28
TRI63913928575010255300,Nifty 50,2011-05-18,6815.62,6568.06
TRI63913928575010255300,Nifty 50,2011-05-19,6825.06,6577.15
TRI63913928575010255300,Nifty 50,2011-05-20,6900.9,6650.34
TRI63913928575010255300,Nifty 50,2011-05-23,6775.36,6529.36
TRI63913928575010255300,Nifty 50,2011-05-24,6785.81,6539.43
TRI63913928575010255300,Nifty 50,2011-05-25,6728.08,6483.79
TRI63913928575010255300,Nifty 50,2011-05-26,6811.1,6563.92
TRI63913928575010255300,Nifty 50,2011-05-27,6891.28,6641.19
TRI63913928575010255300,Nifty 50,2011-05-30,6887.52,6637.56
TRI63913928575010255300,Nifty 50,2011-05-31,6997.07,6743.14
TRI63913928575010255300,Nifty 50,2011-06-01,7037.13,6781.75
TRI63913928575010255300,Nifty 50,2011-06-02,6992.05,6738.57
TRI63913928575010255300,Nifty 50,2011-06-03,6949.73,6697.78
TRI63913928575010255300,Nifty 50,2011-06-06,6968.95,6716.31
TRI63913928575010255300,Nifty 50,2011-06-07,6999.36,6745.6
TRI63913928575010255300,Nifty 50,2011-06-08,6965.0,6712.59
TRI63913928575010255300,Nifty 50,2011-06-09,6957.66,6705.52
TRI63913928575010255300,Nifty 50,2011-06-10,6921.08,6670.54
TRI63913928575010255300,Nifty 50,2011-06-13,6917.31,6666.91
TRI63913928575010255300,Nifty 50,2011-06-14,6939.63,6688.42
TRI63913928575010255300,Nifty 50,2011-06-15,6872.76,6623.97
TRI63913928575010255300,Nifty 50,2011-06-16,6809.72,6563.26
TRI63913928575010255300,Nifty 50,2011-06-17,6771.41,6526.32
TRI63913928575010255300,Nifty 50,2011-06-20,6634.54,6394.41
TRI63913928575010255300,Nifty 50,2011-06-21,6657.17,6416.23
TRI63913928575010255300,Nifty 50,2011-06-22,6664.16,6423.1
TRI63913928575010255300,Nifty 50,2011-06-23,6716.82,6473.86
TRI63913928575010255300,Nifty 50,2011-06-24,6907.76,6657.89
TRI63913928575010255300,Nifty 50,2011-06-27,6977.68,6725.28
TRI63913928575010255300,Nifty 50,2011-06-28,7001.28,6748.03
TRI63913928575010255300,Nifty 50,2011-06-29,7073.37,6817.6
TRI63913928575010255300,Nifty 50,2011-06-30,7133.6,6875.68
TRI63913928575010255300,Nifty 50,2011-07-01,7108.11,6851.11
TRI63913928575010255300,Nifty 50,2011-07-04,7140.22,6882.17
TRI63913928575010255300,Nifty 50,2011-07-05,7116.93,6859.72
TRI63913928575010255300,Nifty 50,2011-07-06,7108.53,6851.62
TRI63913928575010255300,Nifty 50,2011-07-07,7239.36,6977.72
TRI63913928575010255300,Nifty 50,2011-07-08,7154.24,6895.72
TRI63913928575010255300,Nifty 50,2011-07-11,7097.91,6841.42
TRI63913928575010255300,Nifty 50,2011-07-12,6984.29,6731.91
TRI63913928575010255300,Nifty 50,2011-07-13,7059.25,6804.16
TRI63913928575010255300,Nifty 50,2011-07-14,7079.92,6824.18
TRI63913928575010255300,Nifty 50,2011-07-15,7056.84,6801.95
TRI63913928575010255300,Nifty 50,2011-07-18,7039.08,6784.84
TRI63913928575010255300,Nifty 50,2011-07-19,7100.23,6843.86
TRI63913928575010255300,Nifty 50,2011-07-20,7041.38,6787.13
TRI63913928575010255300,Nifty 50,2011-07-21,7009.19,6756.1
TRI63913928575010255300,Nifty 50,2011-07-22,7126.02,6868.72
TRI63913928575010255300,Nifty 50,2011-07-25,7184.65,6925.24
TRI63913928575010255300,Nifty 50,2011-07-26,7051.3,6796.69
TRI63913928575010255300,Nifty 50,2011-07-27,7016.02,6762.7
TRI63913928575010255300,Nifty 50,2011-07-28,6941.81,6691.19
TRI63913928575010255300,Nifty 50,2011-07-29,6934.57,6684.21
TRI63913928575963389900,Nifty 50,2011-08-01,6978.58,6726.64
TRI63913928575963389900,Nifty 50,2011-08-02,6903.07,6653.87
TRI63913928575963389900,Nifty 50,2011-08-03,6837.89,6591.06
TRI63913928575963389900,Nifty 50,2011-08-04,6745.54,6502.04
TRI63913928575963389900,Nifty 50,2011-08-05,6593.07,6355.08
TRI63913928575963389900,Nifty 50,2011-08-08,6476.05,6242.29
TRI63913928575963389900,Nifty 50,2011-08-09,6418.63,6186.95
TRI63913928575963389900,Nifty 50,2011-08-10,6531.35,6295.65
TRI63913928575963389900,Nifty 50,2011-08-11,6502.61,6267.94
TRI63913928575963389900,Nifty 50,2011-08-12,6419.9,6188.23
TRI63913928575963389900,Nifty 50,2011-08-16,6372.92,6142.95
TRI63913928575963389900,Nifty 50,2011-08-17,6403.06,6172.13
TRI63913928575963389900,Nifty 50,2011-08-18,6260.98,6035.19
TRI63913928575963389900,Nifty 50,2011-08-19,6136.28,5914.99
TRI63913928575963389900,Nifty 50,2011-08-22,6203.57,5979.85
TRI63913928575963389900,Nifty 50,2011-08-23,6267.03,6041.01
TRI63913928575963389900,Nifty 50,2011-08-24,6191.34,5968.07
TRI63913928575963389900,Nifty 50,2011-08-25,6130.05,5909.03
TRI63913928575963389900,Nifty 50,2011-08-26,6013.78,5796.94
TRI63913928575963389900,Nifty 50,2011-08-29,6231.38,6006.7
TRI63913928575963389900,Nifty 50,2011-08-30,6334.48,6106.09
TRI63913928575963389900,Nifty 50,2011-09-02,6384.31,6154.14
TRI63913928575963389900,Nifty 50,2011-09-05,6356.06,6126.92
TRI63913928575963389900,Nifty 50,2011-09-06,6416.74,6185.45
TRI63913928575963389900,Nifty 50,2011-09-07,6493.2,6259.16
TRI63913928575963389900,Nifty 50,2011-09-08,6529.77,6294.42
TRI63913928575963389900,Nifty 50,2011-09-09,6410.92,6179.85
TRI63913928575963389900,Nifty 50,2011-09-12,6268.36,6042.43
TRI63913928575963389900,Nifty 50,2011-09-13,6260.97,6035.32
TRI63913928575963389900,Nifty 50,2011-09-14,6352.32,6123.4
TRI63913928575963389900,Nifty 50,2011-09-15,6432.93,6201.12
TRI63913928575963389900,Nifty 50,2011-09-16,6443.78,6211.57
TRI63913928575963389900,Nifty 50,2011-09-19,6377.64,6147.82
TRI63913928575963389900,Nifty 50,2011-09-20,6514.86,6280.1
TRI63913928575963389900,Nifty 50,2011-09-21,6506.04,6271.6
TRI63913928575963389900,Nifty 50,2011-09-22,6240.39,6015.52
TRI63913928575963389900,Nifty 50,2011-09-23,6169.52,5947.21
TRI63913928575963389900,Nifty 50,2011-09-26,6128.56,5907.72
TRI63913928575963389900,Nifty 50,2011-09-27,6300.72,6073.68
TRI63913928575963389900,Nifty 50,2011-09-28,6268.57,6042.69
TRI63913928575963389900,Nifty 50,2011-09-29,6356.74,6127.67
TRI63913928575963389900,Nifty 50,2011-09-30,6265.26,6039.5
TRI63913928575963389900,Nifty 50,2011-10-03,6146.41,5924.92
TRI63913928575963389900,Nifty 50,2011-10-04,6048.39,5830.44
TRI63913928575963389900,Nifty 50,2011-10-05,6021.97,5804.98
TRI63913928575963389900,Nifty 50,2011-10-07,6195.25,5972.01
TRI63913928575963389900,Nifty 50,2011-10-10,6311.32,6083.9
TRI63913928575963389900,Nifty 50,2011-10-11,6304.63,6077.45
TRI63913928575963389900,Nifty 50,2011-10-12,6463.15,6230.25
TRI63913928575963389900,Nifty 50,2011-10-13,6435.81,6203.9
TRI63913928575963389900,Nifty 50,2011-10-14,6504.84,6270.45
TRI63913928575963389900,Nifty 50,2011-10-17,6487.02,6253.27
TRI63913928575963389900,Nifty 50,2011-10-18,6384.7,6154.64
TRI63913928575963389900,Nifty 50,2011-10-19,6513.51,6278.79
TRI63913928575963389900,Nifty 50,2011-10-20,6456.03,6223.47
TRI63913928575963389900,Nifty 50,2011-10-21,6403.32,6172.68
TRI63913928575963389900,Nifty 50,2011-10-24,6464.65,6231.81
TRI63913928575963389900,Nifty 50,2011-10-25,6583.4,6346.29
TRI63913928575963389900,Nifty 50,2011-10-26,6596.36,6358.79
TRI63913928575963389900,Nifty 50,2011-10-28,6797.88,6553.05
TRI63913928577229034300,Nifty 50,2011-10-31,6755.07,6511.8
TRI63913928577229034300,Nifty 50,2011-11-01,6668.03,6427.9
TRI63913928577229034300,Nifty 50,2011-11-02,6668.66,6428.5
TRI63913928577229034300,Nifty 50,2011-11-03,6677.9,6437.41
TRI63913928577229034300,Nifty 50,2011-11-04,6702.49,6461.16
TRI63913928577229034300,Nifty 50,2011-11-08,6708.99,6467.42
TRI63913928577229034300,Nifty 50,2011-11-09,6622.39,6383.93
TRI63913928577229034300,Nifty 50,2011-11-11,6556.16,6320.1
TRI63913928577229034300,Nifty 50,2011-11-14,6530.19,6295.05
TRI63913928577229034300,Nifty 50,2011-11-15,6428.89,6197.41
TRI63913928577229034300,Nifty 50,2011-11-16,6380.65,6150.91
TRI63913928577229034300,Nifty 50,2011-11-17,6259.25,6033.88
TRI63913928577229034300,Nifty 50,2011-11-18,6222.51,5998.46
TRI63913928577229034300,Nifty 50,2011-11-21,6060.84,5842.61
TRI63913928577229034300,Nifty 50,2011-11-22,6103.96,5884.18
TRI63913928577229034300,Nifty 50,2011-11-23,5969.67,5754.73
TRI63913928577229034300,Nifty 50,2011-11-24,6033.07,5815.84
TRI63913928577229034300,Nifty 50,2011-11-25,5974.21,5759.11
TRI63913928577229034300,Nifty 50,2011-11-28,6153.37,5931.81
TRI63913928577229034300,Nifty 50,2011-11-29,6094.79,5875.34
TRI63913928577229034300,Nifty 50,2011-11-30,6128.97,5908.28
TRI63913928577229034300,Nifty 50,2011-12-01,6261.88,6036.41
TRI63913928577229034300,Nifty 50,2011-12-02,6405.62,6174.97
TRI63913928577229034300,Nifty 50,2011-12-05,6391.63,6161.49
TRI63913928577229034300,Nifty 50,2011-12-07,6421.38,6190.17
TRI63913928577229034300,Nifty 50,2011-12-08,6270.52,6044.74
TRI63913928577229034300,Nifty 50,2011-12-09,6172.94,5950.67
TRI63913928577229034300,Nifty 50,2011-12-12,6043.39,5825.79
TRI63913928577229034300,Nifty 50,2011-12-13,6089.1,5869.85
TRI63913928577229034300,Nifty 50,2011-12-14,6041.71,5824.17
TRI63913928577229034300,Nifty 50,2011-12-15,6020.27,5803.49
TRI63913928577229034300,Nifty 50,2011-12-16,5900.11,5687.67
TRI63913928577229034300,Nifty 50,2011-12-19,5851.25,5640.56
TRI63913928577229034300,Nifty 50,2011-12-20,5763.88,5556.34
TRI63913928577229034300,Nifty 50,2011-12-21,5952.82,5738.48
TRI63913928577229034300,Nifty 50,2011-12-22,6004.44,5788.23
TRI63913928577229034300,Nifty 50,2011-12-23,5979.25,5763.96
TRI63913928577229034300,Nifty 50,2011-12-26,6061.7,5843.44
TRI63913928577229034300,Nifty 50,2011-12-27,6025.54,5808.58
TRI63913928577229034300,Nifty 50,2011-12-28,5968.84,5753.92
TRI63913928577229034300,Nifty 50,2011-12-29,5893.29,5681.1
TRI63913928577229034300,Nifty 50,2011-12-30,5865.49,5654.29
TRI63913928577229034300,Nifty 50,2012-01-02,5881.28,5669.52
TRI63913928577229034300,Nifty 50,2012-01-03,6044.28,5826.65
TRI63913928577229034300,Nifty 50,2012-01-04,6024.43,5807.51
TRI63913928577229034300,Nifty 50,2012-01-05,6024.82,5807.88
TRI63913928577229034300,Nifty 50,2012-01-06,6032.88,5815.76
TRI63913928577229034300,Nifty 50,2012-01-07,6023.77,5806.97
TRI63913928577229034300,Nifty 50,2012-01-09,6018.56,5801.95
TRI63913928577229034300,Nifty 50,2012-01-10,6153.98,5932.5
TRI63913928577229034300,Nifty 50,2012-01-11,6168.48,5946.48
TRI63913928577229034300,Nifty 50,2012-01-12,6130.81,5910.16
TRI63913928577229034300,Nifty 50,2012-01-13,6174.88,5952.65
TRI63913928577229034300,Nifty 50,2012-01-16,6185.06,5962.47
TRI63913928577229034300,Nifty 50,2012-01-17,6303.61,6076.75
TRI63913928577229034300,Nifty 50,2012-01-18,6289.01,6062.68
TRI63913928577229034300,Nifty 50,2012-01-19,6368.43,6139.24
TRI63913928577229034300,Nifty 50,2012-01-20,6406.93,6176.36
TRI63913928577229034300,Nifty 50,2012-01-23,6403.94,6173.47
TRI63913928577229034300,Nifty 50,2012-01-24,6507.2,6273.03
TRI63913928577229034300,Nifty 50,2012-01-25,6547.44,6311.85
TRI63913928577229034300,Nifty 50,2012-01-27,6606.36,6368.65
TRI63913928578182221000,Nifty 50,2012-01-30,6457.3,6224.96
TRI63913928578182221000,Nifty 50,2012-01-31,6600.95,6363.5
TRI63913928578182221000,Nifty 50,2012-02-01,6647.46,6408.34
TRI63913928578182221000,Nifty 50,2012-02-02,6690.89,6450.21
TRI63913928578182221000,Nifty 50,2012-02-03,6761.89,6518.66
TRI63913928578182221000,Nifty 50,2012-02-06,6807.35,6562.48
TRI63913928578182221000,Nifty 50,2012-02-07,6773.74,6530.08
TRI63913928578182221000,Nifty 50,2012-02-08,6815.63,6570.46
TRI63913928578182221000,Nifty 50,2012-02-09,6871.73,6624.55
TRI63913928578182221000,Nifty 50,2012-02-10,6832.73,6586.94
TRI63913928578182221000,Nifty 50,2012-02-13,6844.45,6598.28
TRI63913928578182221000,Nifty 50,2012-02-14,6877.25,6629.9
TRI63913928578182221000,Nifty 50,2012-02-15,7024.67,6772.02
TRI63913928578182221000,Nifty 50,2012-02-16,7011.96,6759.77
TRI63913928578182221000,Nifty 50,2012-02-17,7065.73,6811.6
TRI63913928578182221000,Nifty 50,2012-02-21,7120.15,6864.07
TRI63913928578182221000,Nifty 50,2012-02-22,6990.92,6739.48
TRI63913928578182221000,Nifty 50,2012-02-23,6962.87,6712.44
TRI63913928578182221000,Nifty 50,2012-02-24,6894.3,6646.34
TRI63913928578182221000,Nifty 50,2012-02-27,6706.26,6465.06
TRI63913928578182221000,Nifty 50,2012-02-28,6826.0,6580.49
TRI63913928578182221000,Nifty 50,2012-02-29,6838.32,6592.38
TRI63913928578182221000,Nifty 50,2012-03-01,6780.64,6536.76
TRI63913928578182221000,Nifty 50,2012-03-02,6805.51,6560.74
TRI63913928578182221000,Nifty 50,2012-03-03,6805.53,6560.77
TRI63913928578182221000,Nifty 50,2012-03-05,6705.16,6464.0
TRI63913928578182221000,Nifty 50,2012-03-06,6632.31,6393.79
TRI63913928578182221000,Nifty 50,2012-03-07,6629.8,6391.38
TRI63913928578182221000,Nifty 50,2012-03-09,6773.46,6529.87
TRI63913928578182221000,Nifty 50,2012-03-12,6806.96,6562.19
TRI63913928578182221000,Nifty 50,2012-03-13,6895.82,6647.85
TRI63913928578182221000,Nifty 50,2012-03-14,6939.53,6689.99
TRI63913928578182221000,Nifty 50,2012-03-15,6835.49,6589.76
TRI63913928578182221000,Nifty 50,2012-03-16,6755.99,6513.12
TRI63913928578182221000,Nifty 50,2012-03-19,6679.55,6439.45
TRI63913928578182221000,Nifty 50,2012-03-20,6702.15,6461.24
TRI63913928578182221000,Nifty 50,2012-03-21,6816.62,6571.59
TRI63913928578182221000,Nifty 50,2012-03-22,6643.19,6404.4
TRI63913928578182221000,Nifty 50,2012-03-23,6706.42,6465.35
TRI63913928578182221000,Nifty 50,2012-03-26,6587.03,6350.26
TRI63913928578182221000,Nifty 50,2012-03-27,6661.84,6422.38
TRI63913928578182221000,Nifty 50,2012-03-28,6600.4,6363.15
TRI63913928578182221000,Nifty 50,2012-03-29,6580.17,6343.65
TRI63913928578182221000,Nifty 50,2012-03-30,6728.46,6486.61
TRI63913928578182221000,Nifty 50,2012-04-02,6756.86,6513.98
TRI63913928578182221000,Nifty 50,2012-04-03,6808.45,6563.73
TRI63913928578182221000,Nifty 50,2012-04-04,6763.19,6520.1
TRI63913928578182221000,Nifty 50,2012-04-09,6650.73,6411.67
TRI63913928578182221000,Nifty 50,2012-04-10,6662.44,6422.96
TRI63913928578182221000,Nifty 50,2012-04-11,6641.17,6402.46
TRI63913928578182221000,Nifty 50,2012-04-12,6704.66,6463.66
TRI63913928578182221000,Nifty 50,2012-04-13,6616.53,6378.7
TRI63913928578182221000,Nifty 50,2012-04-16,6640.32,6401.63
TRI63913928578182221000,Nifty 50,2012-04-17,6721.02,6479.43
TRI63913928578182221000,Nifty 50,2012-04-18,6734.11,6492.06
TRI63913928578182221000,Nifty 50,2012-04-19,6775.3,6531.76
TRI63913928578182221000,Nifty 50,2012-04-20,6722.5,6480.86
TRI63913928578182221000,Nifty 50,2012-04-23,6607.94,6370.42
TRI63913928578182221000,Nifty 50,2012-04-24,6635.96,6397.43
TRI63913928578182221000,Nifty 50,2012-04-25,6609.73,6372.15
TRI63913928578182221000,Nifty 50,2012-04-26,6593.23,6356.24
TRI63913928579219488600,Nifty 50,2012-04-27,6595.24,6358.19
TRI63913928579219488600,Nifty 50,2012-04-28,6618.61,6380.71
TRI63913928579219488600,Nifty 50,2012-04-30,6668.4,6428.71
TRI63913928579219488600,Nifty 50,2012-05-02,6656.95,6417.67
TRI63913928579219488600,Nifty 50,2012-05-03,6592.46,6355.5
TRI63913928579219488600,Nifty 50,2012-05-04,6463.43,6231.11
TRI63913928579219488600,Nifty 50,2012-05-07,6498.13,6264.56
TRI63913928579219488600,Nifty 50,2012-05-08,6353.04,6124.69
TRI63913928579219488600,Nifty 50,2012-05-09,6321.08,6093.88
TRI63913928579219488600,Nifty 50,2012-05-10,6309.49,6082.7
TRI63913928579219488600,Nifty 50,2012-05-11,6262.72,6037.62
TRI63913928579219488600,Nifty 50,2012-05-14,6235.96,6011.81
TRI63913928579219488600,Nifty 50,2012-05-15,6280.42,6054.68
TRI63913928579219488600,Nifty 50,2012-05-16,6172.98,5951.1
TRI63913928579219488600,Nifty 50,2012-05-17,6188.15,5965.73
TRI63913928579219488600,Nifty 50,2012-05-18,6215.17,5991.77
TRI63913928579219488600,Nifty 50,2012-05-21,6233.67,6009.62
TRI63913928579219488600,Nifty 50,2012-05-22,6175.83,5953.84
TRI63913928579219488600,Nifty 50,2012-05-23,6144.23,5923.38
TRI63913928579219488600,Nifty 50,2012-05-24,6261.15,6036.39
TRI63913928579219488600,Nifty 50,2012-05-25,6259.88,6035.16
TRI63913928579219488600,Nifty 50,2012-05-28,6342.94,6115.23
TRI63913928579219488600,Nifty 50,2012-05-29,6348.56,6120.67
TRI63913928579219488600,Nifty 50,2012-05-30,6298.54,6072.44
TRI63913928579219488600,Nifty 50,2012-05-31,6275.4,6050.51
TRI63913928579219488600,Nifty 50,2012-06-01,6170.1,5948.98
TRI63913928579219488600,Nifty 50,2012-06-04,6178.44,5957.02
TRI63913928579219488600,Nifty 50,2012-06-05,6197.76,5975.65
TRI63913928579219488600,Nifty 50,2012-06-06,6368.28,6140.05
TRI63913928579219488600,Nifty 50,2012-06-07,6438.32,6207.7
TRI63913928579219488600,Nifty 50,2012-06-08,6462.38,6230.91
TRI63913928579219488600,Nifty 50,2012-06-11,6452.0,6221.18
TRI63913928579219488600,Nifty 50,2012-06-12,6530.92,6297.27
TRI63913928579219488600,Nifty 50,2012-06-13,6537.98,6304.08
TRI63913928579219488600,Nifty 50,2012-06-14,6456.09,6225.23
TRI63913928579219488600,Nifty 50,2012-06-15,6563.76,6329.06
TRI63913928579219488600,Nifty 50,2012-06-18,6468.24,6236.95
TRI63913928579219488600,Nifty 50,2012-06-19,6518.78,6285.68
TRI63913928579219488600,Nifty 50,2012-06-20,6540.1,6306.25
TRI63913928579219488600,Nifty 50,2012-06-21,6596.87,6360.98
TRI63913928579219488600,Nifty 50,2012-06-22,6577.9,6342.88
TRI63913928579219488600,Nifty 50,2012-06-25,6538.21,6304.62
TRI63913928579219488600,Nifty 50,2012-06-26,6546.07,6312.2
TRI63913928579219488600,Nifty 50,2012-06-27,6573.05,6338.21
TRI63913928579219488600,Nifty 50,2012-06-28,6586.92,6351.75
TRI63913928579219488600,Nifty 50,2012-06-29,6752.88,6511.79
TRI63913928579219488600,Nifty 50,2012-07-02,6752.48,6511.4
TRI63913928579219488600,Nifty 50,2012-07-03,6764.45,6522.94
TRI63913928579219488600,Nifty 50,2012-07-04,6784.43,6542.26
TRI63913928579219488600,Nifty 50,2012-07-05,6818.05,6574.75
TRI63913928579219488600,Nifty 50,2012-07-06,6804.87,6562.03
TRI63913928579219488600,Nifty 50,2012-07-09,6751.41,6510.48
TRI63913928579219488600,Nifty 50,2012-07-10,6841.21,6597.09
TRI63913928579219488600,Nifty 50,2012-07-11,6791.25,6548.92
TRI63913928579219488600,Nifty 50,2012-07-12,6702.12,6463.03
TRI63913928579219488600,Nifty 50,2012-07-13,6692.35,6451.1
TRI63913928579219488600,Nifty 50,2012-07-16,6656.5,6416.64
TRI63913928579219488600,Nifty 50,2012-07-17,6650.87,6411.2
TRI63913928579219488600,Nifty 50,2012-07-18,6683.15,6442.41
TRI63913928579219488600,Nifty 50,2012-07-19,6717.0,6475.04
TRI63913928579219488600,Nifty 50,2012-07-20,6668.78,6428.56
TRI63913928579219488600,Nifty 50,2012-07-23,6557.61,6321.4
TRI63913928579219488600,Nifty 50,2012-07-24,6571.43,6334.76
TRI63913928579219488600,Nifty 50,2012-07-25,6547.56,6311.73
TRI63913928580453882800,Nifty 50,2012-07-26,6462.24,6229.5
TRI63913928580453882800,Nifty 50,2012-07-27,6535.1,6299.73
TRI63913928580453882800,Nifty 50,2012-07-30,6663.48,6423.5
TRI63913928580453882800,Nifty 50,2012-07-31,6700.96,6459.62
TRI63913928580453882800,Nifty 50,2012-08-01,6716.34,6474.47
TRI63913928580453882800,Nifty 50,2012-08-02,6700.0,6458.72
TRI63913928580453882800,Nifty 50,2012-08-03,6684.52,6443.81
TRI63913928580453882800,Nifty 50,2012-08-06,6770.18,6526.39
TRI63913928580453882800,Nifty 50,2012-08-07,6841.0,6594.7
TRI63913928580453882800,Nifty 50,2012-08-08,6842.69,6596.33
TRI63913928580453882800,Nifty 50,2012-08-09,6823.55,6577.88
TRI63913928580453882800,Nifty 50,2012-08-10,6820.25,6574.71
TRI63913928580453882800,Nifty 50,2012-08-13,6855.51,6608.69
TRI63913928580453882800,Nifty 50,2012-08-14,6900.81,6652.49
TRI63913928580453882800,Nifty 50,2012-08-16,6879.67,6632.15
TRI63913928580453882800,Nifty 50,2012-08-17,6883.95,6636.28
TRI63913928580453882800,Nifty 50,2012-08-21,6954.13,6703.94
TRI63913928580453882800,Nifty 50,2012-08-22,6943.66,6693.85
TRI63913928580453882800,Nifty 50,2012-08-23,6947.2,6697.27
TRI63913928580453882800,Nifty 50,2012-08-24,6910.7,6662.09
TRI63913928580453882800,Nifty 50,2012-08-27,6864.4,6617.46
TRI63913928580453882800,Nifty 50,2012-08-28,6844.29,6598.08
TRI63913928580453882800,Nifty 50,2012-08-29,6784.26,6540.22
TRI63913928580453882800,Nifty 50,2012-08-30,6819.22,6573.91
TRI63913928580453882800,Nifty 50,2012-08-31,6747.3,6504.61
TRI63913928580453882800,Nifty 50,2012-09-03,6741.21,6498.74
TRI63913928580453882800,Nifty 50,2012-09-04,6767.2,6523.8
TRI63913928580453882800,Nifty 50,2012-09-05,6705.82,6464.64
TRI63913928580453882800,Nifty 50,2012-09-06,6723.35,6481.58
TRI63913928580453882800,Nifty 50,2012-09-07,6856.41,6609.86
TRI63913928580453882800,Nifty 50,2012-09-08,6877.73,6630.41
TRI63913928580453882800,Nifty 50,2012-09-10,6883.99,6636.46
TRI63913928580453882800,Nifty 50,2012-09-11,6918.08,6669.33
TRI63913928580453882800,Nifty 50,2012-09-12,6970.74,6720.08
TRI63913928580453882800,Nifty 50,2012-09-13,6976.32,6725.47
TRI63913928580453882800,Nifty 50,2012-09-14,7160.08,6902.66
TRI63913928580453882800,Nifty 50,2012-09-17,7201.64,6942.72
TRI63913928580453882800,Nifty 50,2012-09-18,7189.06,6930.6
TRI63913928580453882800,Nifty 50,2012-09-20,7130.28,6873.93
TRI63913928580453882800,Nifty 50,2012-09-21,7306.02,7043.36
TRI63913928580453882800,Nifty 50,2012-09-24,7278.36,7016.69
TRI63913928580453882800,Nifty 50,2012-09-25,7283.88,7022.01
TRI63913928580453882800,Nifty 50,2012-09-26,7270.42,7009.04
TRI63913928580453882800,Nifty 50,2012-09-27,7252.52,6991.78
TRI63913928580453882800,Nifty 50,2012-09-28,7321.57,7058.36
TRI63913928580453882800,Nifty 50,2012-10-01,7341.48,7077.54
TRI63913928580453882800,Nifty 50,2012-10-03,7357.46,7092.95
TRI63913928580453882800,Nifty 50,2012-10-04,7429.84,7162.73
TRI63913928580453882800,Nifty 50,2012-10-05,7377.63,7112.39
TRI63913928580453882800,Nifty 50,2012-10-08,7286.55,7024.6
TRI63913928580453882800,Nifty 50,2012-10-09,7323.27,7059.99
TRI63913928580453882800,Nifty 50,2012-10-10,7255.95,6995.09
TRI63913928580453882800,Nifty 50,2012-10-11,7327.71,7064.26
TRI63913928580453882800,Nifty 50,2012-10-12,7286.61,7024.65
TRI63913928580453882800,Nifty 50,2012-10-15,7301.01,7038.53
TRI63913928580453882800,Nifty 50,2012-10-16,7250.57,6989.91
TRI63913928580453882800,Nifty 50,2012-10-17,7266.35,7005.12
TRI63913928580453882800,Nifty 50,2012-10-18,7343.66,7079.73
TRI63913928580453882800,Nifty 50,2012-10-19,7299.96,7037.61
TRI63913928580453882800,Nifty 50,2012-10-22,7342.16,7078.3
TRI63913928580453882800,Nifty 50,2012-10-23,7309.1,7046.43
TRI63913928582703925500,Nifty 50,2012-10-25,7326.99,7063.68
TRI63913928582703925500,Nifty 50,2012-10-26,7274.3,7012.89
TRI63913928582703925500,Nifty 50,2012-10-29,7276.13,7014.65
TRI63913928582703925500,Nifty 50,2012-10-30,7189.16,6930.8
TRI63913928582703925500,Nifty 50,2012-10-31,7217.67,6958.32
TRI63913928582703925500,Nifty 50,2012-11-01,7254.29,6993.76
TRI63913928582703925500,Nifty 50,2012-11-02,7321.93,7058.97
TRI63913928582703925500,Nifty 50,2012-11-05,7331.02,7067.76
TRI63913928582703925500,Nifty 50,2012-11-06,7356.96,7092.77
TRI63913928582703925500,Nifty 50,2012-11-07,7402.84,7137.0
TRI63913928582703925500,Nifty 50,2012-11-08,7375.37,7110.52
TRI63913928582703925500,Nifty 50,2012-11-09,7307.93,7045.5
TRI63913928582703925500,Nifty 50,2012-11-12,7304.62,7042.31
TRI63913928582703925500,Nifty 50,2012-11-13,7283.11,7021.57
TRI63913928582703925500,Nifty 50,2012-11-15,7236.91,6977.03
TRI63913928582703925500,Nifty 50,2012-11-16,7163.71,6906.45
TRI63913928582703925500,Nifty 50,2012-11-19,7160.33,6903.2
TRI63913928582703925500,Nifty 50,2012-11-20,7160.51,6903.37
TRI63913928582703925500,Nifty 50,2012-11-21,7216.12,6956.99
TRI63913928582703925500,Nifty 50,2012-11-22,7232.74,6973.01
TRI63913928582703925500,Nifty 50,2012-11-23,7231.29,6971.61
TRI63913928582703925500,Nifty 50,2012-11-26,7243.22,6983.11
TRI63913928582703925500,Nifty 50,2012-11-27,7360.9,7096.57
TRI63913928582703925500,Nifty 50,2012-11-29,7486.27,7217.43
TRI63913928582703925500,Nifty 50,2012-11-30,7556.73,7285.36
TRI63913928582703925500,Nifty 50,2012-12-03,7545.33,7274.37
TRI63913928582703925500,Nifty 50,2012-12-04,7568.85,7297.05
TRI63913928582703925500,Nifty 50,2012-12-05,7583.31,7310.99
TRI63913928582703925500,Nifty 50,2012-12-06,7622.38,7348.65
TRI63913928582703925500,Nifty 50,2012-12-07,7592.16,7319.52
TRI63913928582703925500,Nifty 50,2012-12-10,7594.1,7321.39
TRI63913928582703925500,Nifty 50,2012-12-11,7581.11,7308.87
TRI63913928582703925500,Nifty 50,2012-12-12,7567.19,7295.45
TRI63913928582703925500,Nifty 50,2012-12-13,7520.33,7250.27
TRI63913928582703925500,Nifty 50,2012-12-14,7556.43,7285.08
TRI63913928582703925500,Nifty 50,2012-12-17,7528.5,7258.15
TRI63913928582703925500,Nifty 50,2012-12-18,7578.55,7306.4
TRI63913928582703925500,Nifty 50,2012-12-19,7620.71,7347.04
TRI63913928582703925500,Nifty 50,2012-12-20,7603.72,7330.66
TRI63913928582703925500,Nifty 50,2012-12-21,7515.43,7245.55
TRI63913928582703925500,Nifty 50,2012-12-24,7528.54,7258.29
TRI63913928582703925500,Nifty 50,2012-12-26,7592.65,7320.09
TRI63913928582703925500,Nifty 50,2012-12-27,7547.04,7276.12
TRI63913928582703925500,Nifty 50,2012-12-28,7596.16,7323.48
TRI63913928582703925500,Nifty 50,2012-12-31,7591.99,7319.46
TRI63913928582703925500,Nifty 50,2013-01-01,7650.82,7376.18
TRI63913928582703925500,Nifty 50,2013-01-02,7705.36,7428.75
TRI63913928582703925500,Nifty 50,2013-01-03,7726.21,7448.87
TRI63913928582703925500,Nifty 50,2013-01-04,7734.77,7457.11
TRI63913928582703925500,Nifty 50,2013-01-07,7699.11,7422.73
TRI63913928582703925500,Nifty 50,2013-01-08,7716.21,7439.22
TRI63913928582703925500,Nifty 50,2013-01-09,7677.35,7401.75
TRI63913928582703925500,Nifty 50,2013-01-10,7673.71,7398.25
TRI63913928582703925500,Nifty 50,2013-01-11,7651.4,7376.74
TRI63913928582703925500,Nifty 50,2013-01-14,7744.94,7466.92
TRI63913928582703925500,Nifty 50,2013-01-15,7786.81,7507.29
TRI63913928582703925500,Nifty 50,2013-01-16,7716.56,7439.56
TRI63913928582703925500,Nifty 50,2013-01-17,7764.62,7485.89
TRI63913928582703925500,Nifty 50,2013-01-18,7797.01,7517.13
TRI63913928582703925500,Nifty 50,2013-01-21,7820.19,7539.47
TRI63913928583719626100,Nifty 50,2013-01-22,7776.72,7497.57
TRI63913928583719626100,Nifty 50,2013-01-23,7784.96,7505.54
TRI63913928583719626100,Nifty 50,2013-01-24,7740.06,7462.26
TRI63913928583719626100,Nifty 50,2013-01-25,7811.15,7530.79
TRI63913928583719626100,Nifty 50,2013-01-28,7811.35,7530.99
TRI63913928583719626100,Nifty 50,2013-01-29,7779.35,7500.13
TRI63913928583719626100,Nifty 50,2013-01-30,7786.82,7507.33
TRI63913928583719626100,Nifty 50,2013-01-31,7759.87,7481.35
TRI63913928583719626100,Nifty 50,2013-02-01,7713.77,7436.9
TRI63913928583719626100,Nifty 50,2013-02-04,7698.77,7422.45
TRI63913928583719626100,Nifty 50,2013-02-05,7660.27,7385.35
TRI63913928583719626100,Nifty 50,2013-02-06,7663.23,7388.2
TRI63913928583719626100,Nifty 50,2013-02-07,7636.96,7362.87
TRI63913928583719626100,Nifty 50,2013-02-08,7591.59,7319.13
TRI63913928583719626100,Nifty 50,2013-02-11,7584.32,7312.12
TRI63913928583719626100,Nifty 50,2013-02-12,7616.02,7342.69
TRI63913928583719626100,Nifty 50,2013-02-13,7629.44,7355.62
TRI63913928583719626100,Nifty 50,2013-02-14,7583.16,7311.0
TRI63913928583719626100,Nifty 50,2013-02-15,7571.62,7299.9
TRI63913928583719626100,Nifty 50,2013-02-18,7586.56,7314.35
TRI63913928583719626100,Nifty 50,2013-02-19,7639.97,7365.83
TRI63913928583719626100,Nifty 50,2013-02-20,7644.25,7369.96
TRI63913928583719626100,Nifty 50,2013-02-21,7527.48,7257.39
TRI63913928583719626100,Nifty 50,2013-02-22,7524.96,7254.96
TRI63913928583719626100,Nifty 50,2013-02-25,7530.72,7260.51
TRI63913928583719626100,Nifty 50,2013-02-26,7410.58,7144.68
TRI63913928583719626100,Nifty 50,2013-02-27,7456.27,7188.72
TRI63913928583719626100,Nifty 50,2013-02-28,7322.68,7059.94
TRI63913928583719626100,Nifty 50,2013-03-01,7358.52,7094.54
TRI63913928583719626100,Nifty 50,2013-03-04,7331.23,7068.23
TRI63913928583719626100,Nifty 50,2013-03-05,7441.56,7174.6
TRI63913928583719626100,Nifty 50,2013-03-06,7485.73,7217.2
TRI63913928583719626100,Nifty 50,2013-03-07,7543.27,7272.66
TRI63913928583719626100,Nifty 50,2013-03-08,7649.23,7374.82
TRI63913928583719626100,Nifty 50,2013-03-11,7644.93,7370.68
TRI63913928583719626100,Nifty 50,2013-03-12,7608.59,7335.64
TRI63913928583719626100,Nifty 50,2013-03-13,7527.68,7257.63
TRI63913928583719626100,Nifty 50,2013-03-14,7602.0,7329.29
TRI63913928583719626100,Nifty 50,2013-03-15,7555.2,7284.16
TRI63913928583719626100,Nifty 50,2013-03-18,7509.07,7239.76
TRI63913928583719626100,Nifty 50,2013-03-19,7394.14,7128.95
TRI63913928583719626100,Nifty 50,2013-03-20,7327.78,7064.97
TRI63913928583719626100,Nifty 50,2013-03-21,7282.51,7021.34
TRI63913928583719626100,Nifty 50,2013-03-22,7275.17,7014.35
TRI63913928583719626100,Nifty 50,2013-03-25,7252.66,6992.64
TRI63913928583719626100,Nifty 50,2013-03-26,7262.6,7002.22
TRI63913928583719626100,Nifty 50,2013-03-28,7315.35,7053.08
TRI63913928583719626100,Nifty 50,2013-04-01,7343.48,7080.2
TRI63913928583719626100,Nifty 50,2013-04-02,7399.69,7134.41
TRI63913928583719626100,Nifty 50,2013-04-03,7302.9,7041.08
TRI63913928583719626100,Nifty 50,2013-04-04,7176.54,6919.26
TRI63913928583719626100,Nifty 50,2013-04-05,7148.89,6892.59
TRI63913928583719626100,Nifty 50,2013-04-08,7135.58,6879.77
TRI63913928583719626100,Nifty 50,2013-04-09,7073.99,6820.38
TRI63913928583719626100,Nifty 50,2013-04-10,7155.87,6899.33
TRI63913928583719626100,Nifty 50,2013-04-11,7201.33,6943.15
TRI63913928583719626100,Nifty 50,2013-04-12,7117.1,6861.94
TRI63913928583719626100,Nifty 50,2013-04-15,7168.34,6911.35
TRI63913928583719626100,Nifty 50,2013-04-16,7323.57,7061.01
TRI63913928583719626100,Nifty 50,2013-04-17,7323.26,7060.72
TRI63913928583719626100,Nifty 50,2013-04-18,7444.78,7177.87
TRI63913928584985460500,Nifty 50,2013-04-22,7510.98,7241.71
TRI63913928584985460500,Nifty 50,2013-04-23,7514.16,7244.78
TRI63913928584985460500,Nifty 50,2013-04-25,7616.38,7343.33
TRI63913928584985460500,Nifty 50,2013-04-26,7558.67,7287.68
TRI63913928584985460500,Nifty 50,2013-04-29,7600.72,7328.23
TRI63913928584985460500,Nifty 50,2013-04-30,7634.29,7360.61
TRI63913928584985460500,Nifty 50,2013-05-02,7723.29,7446.41
TRI63913928584985460500,Nifty 50,2013-05-03,7652.03,7377.71
TRI63913928584985460500,Nifty 50,2013-05-06,7686.88,7411.3
TRI63913928584985460500,Nifty 50,2013-05-07,7780.19,7501.27
TRI63913928584985460500,Nifty 50,2013-05-08,7813.38,7533.27
TRI63913928584985460500,Nifty 50,2013-05-09,7788.74,7509.51
TRI63913928584985460500,Nifty 50,2013-05-10,7850.77,7569.48
TRI63913928584985460500,Nifty 50,2013-05-11,7866.9,7585.03
TRI63913928584985460500,Nifty 50,2013-05-13,7703.53,7427.51
TRI63913928584985460500,Nifty 50,2013-05-14,7722.79,7446.08
TRI63913928584985460500,Nifty 50,2013-05-15,7917.77,7634.09
TRI63913928584985460500,Nifty 50,2013-05-16,7947.55,7662.8
TRI63913928584985460500,Nifty 50,2013-05-17,7969.96,7684.4
TRI63913928584985460500,Nifty 50,2013-05-20,7930.79,7646.65
TRI63913928584985460500,Nifty 50,2013-05-21,7875.68,7593.5
TRI63913928584985460500,Nifty 50,2013-05-22,7850.45,7569.17
TRI63913928584985460500,Nifty 50,2013-05-23,7686.64,7411.25
TRI63913928584985460500,Nifty 50,2013-05-24,7707.91,7431.75
TRI63913928584985460500,Nifty 50,2013-05-27,7836.22,7555.47
TRI63913928584985460500,Nifty 50,2013-05-28,7875.77,7593.72
TRI63913928584985460500,Nifty 50,2013-05-29,7866.77,7585.05
TRI63913928584985460500,Nifty 50,2013-05-30,7903.53,7620.89
TRI63913928584985460500,Nifty 50,2013-05-31,7734.03,7457.77
TRI63913928584985460500,Nifty 50,2013-06-03,7673.77,7399.66
TRI63913928584985460500,Nifty 50,2013-06-04,7648.12,7374.92
TRI63913928584985460500,Nifty 50,2013-06-05,7653.81,7380.41
TRI63913928584985460500,Nifty 50,2013-06-06,7653.22,7379.93
TRI63913928584985460500,Nifty 50,2013-06-07,7601.03,7329.61
TRI63913928584985460500,Nifty 50,2013-06-10,7597.17,7325.88
TRI63913928584985460500,Nifty 50,2013-06-11,7481.85,7214.68
TRI63913928584985460500,Nifty 50,2013-06-12,7444.9,7179.05
TRI63913928584985460500,Nifty 50,2013-06-13,7371.5,7108.48
TRI63913928584985460500,Nifty 50,2013-06-14,7512.87,7244.81
TRI63913928584985460500,Nifty 50,2013-06-17,7567.15,7297.15
TRI63913928584985460500,Nifty 50,2013-06-18,7520.01,7251.7
TRI63913928584985460500,Nifty 50,2013-06-19,7531.16,7262.45
TRI63913928584985460500,Nifty 50,2013-06-20,7316.02,7054.99
TRI63913928584985460500,Nifty 50,2013-06-21,7331.23,7069.66
TRI63913928584985460500,Nifty 50,2013-06-24,7231.09,6973.09
TRI63913928584985460500,Nifty 50,2013-06-25,7255.47,6996.6
TRI63913928584985460500,Nifty 50,2013-06-26,7229.08,6971.15
TRI63913928584985460500,Nifty 50,2013-06-27,7356.32,7094.07
TRI63913928584985460500,Nifty 50,2013-06-28,7563.28,7293.65
TRI63913928584985460500,Nifty 50,2013-07-01,7636.62,7364.37
TRI63913928584985460500,Nifty 50,2013-07-02,7583.16,7312.82
TRI63913928584985460500,Nifty 50,2013-07-03,7470.96,7204.62
TRI63913928584985460500,Nifty 50,2013-07-04,7558.46,7289.06
TRI63913928584985460500,Nifty 50,2013-07-05,7600.32,7329.49
TRI63913928584985460500,Nifty 50,2013-07-08,7527.28,7259.06
TRI63913928584985460500,Nifty 50,2013-07-09,7588.74,7318.33
TRI63913928584985460500,Nifty 50,2013-07-10,7537.06,7268.6
TRI63913928584985460500,Nifty 50,2013-07-11,7690.45,7402.46
TRI63913928584985460500,Nifty 50,2013-07-12,7786.81,7495.24
TRI63913928584985460500,Nifty 50,2013-07-15,7816.76,7524.11
TRI63913928584985460500,Nifty 50,2013-07-16,7718.83,7429.86
TRI63913928584985460500,Nifty 50,2013-07-17,7742.47,7452.62
TRI63913928584985460500,Nifty 50,2013-07-18,7829.28,7536.3
TRI63913928584985460500,Nifty 50,2013-07-19,7818.03,7525.47
TRI63913928586266788400,Nifty 50,2013-07-22,7821.43,7528.74
TRI63913928586266788400,Nifty 50,2013-07-23,7881.06,7586.14
TRI63913928586266788400,Nifty 50,2013-07-24,7767.88,7477.19
TRI63913928586266788400,Nifty 50,2013-07-25,7660.22,7373.57
TRI63913928586266788400,Nifty 50,2013-07-26,7633.2,7347.58
TRI63913928586266788400,Nifty 50,2013-07-29,7563.35,7269.05
TRI63913928586266788400,Nifty 50,2013-07-30,7466.04,7175.6
TRI63913928586266788400,Nifty 50,2013-07-31,7449.52,7159.74
TRI63913928586266788400,Nifty 50,2013-08-01,7431.15,7142.09
TRI63913928586266788400,Nifty 50,2013-08-02,7366.39,7079.85
TRI63913928586266788400,Nifty 50,2013-08-05,7376.13,7089.2
TRI63913928586266788400,Nifty 50,2013-08-06,7190.68,6910.98
TRI63913928586266788400,Nifty 50,2013-08-07,7160.66,6882.13
TRI63913928586266788400,Nifty 50,2013-08-08,7221.08,6940.2
TRI63913928586266788400,Nifty 50,2013-08-12,7281.67,6998.45
TRI63913928586266788400,Nifty 50,2013-08-13,7397.98,7110.37
TRI63913928586266788400,Nifty 50,2013-08-14,7454.14,7164.35
TRI63913928586266788400,Nifty 50,2013-08-16,7149.75,6871.79
TRI63913928586266788400,Nifty 50,2013-08-19,7028.92,6755.66
TRI63913928586266788400,Nifty 50,2013-08-20,7011.64,6739.06
TRI63913928586266788400,Nifty 50,2013-08-21,6883.31,6615.7
TRI63913928586266788400,Nifty 50,2013-08-22,7020.77,6747.83
TRI63913928586266788400,Nifty 50,2013-08-23,7102.92,6826.79
TRI63913928586266788400,Nifty 50,2013-08-26,7109.11,6832.73
TRI63913928586266788400,Nifty 50,2013-08-27,6863.65,6596.81
TRI63913928586266788400,Nifty 50,2013-08-28,6860.5,6593.78
TRI63913928586266788400,Nifty 50,2013-08-29,7021.53,6748.56
TRI63913928586266788400,Nifty 50,2013-08-30,7103.56,6827.43
TRI63913928586266788400,Nifty 50,2013-09-02,7206.03,6925.91
TRI63913928586266788400,Nifty 50,2013-09-03,6936.07,6666.51
TRI63913928586266788400,Nifty 50,2013-09-04,7074.56,6799.62
TRI63913928586266788400,Nifty 50,2013-09-05,7265.29,6983.05
TRI63913928586266788400,Nifty 50,2013-09-06,7381.47,7094.81
TRI63913928586266788400,Nifty 50,2013-09-10,7662.66,7365.08
TRI63913928586266788400,Nifty 50,2013-09-11,7683.92,7385.52
TRI63913928586266788400,Nifty 50,2013-09-12,7602.81,7307.54
TRI63913928586266788400,Nifty 50,2013-09-13,7602.85,7307.61
TRI63913928586266788400,Nifty 50,2013-09-16,7589.78,7295.03
TRI63913928586266788400,Nifty 50,2013-09-17,7602.59,7307.36
TRI63913928586266788400,Nifty 50,2013-09-18,7666.62,7368.9
TRI63913928586266788400,Nifty 50,2013-09-19,7949.11,7640.48
TRI63913928586266788400,Nifty 50,2013-09-20,7814.61,7511.2
TRI63913928586266788400,Nifty 50,2013-09-23,7655.56,7358.33
TRI63913928586266788400,Nifty 50,2013-09-24,7659.09,7361.71
TRI63913928586266788400,Nifty 50,2013-09-25,7634.9,7338.48
TRI63913928586266788400,Nifty 50,2013-09-26,7645.82,7348.97
TRI63913928586266788400,Nifty 50,2013-09-27,7582.1,7287.72
TRI63913928586266788400,Nifty 50,2013-09-30,7454.82,7165.39
TRI63913928586266788400,Nifty 50,2013-10-01,7512.98,7221.29
TRI63913928586266788400,Nifty 50,2013-10-03,7681.5,7383.27
TRI63913928586266788400,Nifty 50,2013-10-04,7678.38,7380.27
TRI63913928586266788400,Nifty 50,2013-10-07,7676.89,7378.83
TRI63913928586266788400,Nifty 50,2013-10-08,7705.81,7406.63
TRI63913928586266788400,Nifty 50,2013-10-09,7808.59,7505.41
TRI63913928586266788400,Nifty 50,2013-10-10,7826.14,7522.29
TRI63913928586266788400,Nifty 50,2013-10-11,7923.95,7616.29
TRI63913928586266788400,Nifty 50,2013-10-14,7945.36,7636.88
TRI63913928586266788400,Nifty 50,2013-10-15,7914.65,7607.36
TRI63913928586266788400,Nifty 50,2013-10-17,7861.46,7556.34
TRI63913928586266788400,Nifty 50,2013-10-18,8048.0,7735.64
TRI63913928587539573500,Nifty 50,2013-10-21,8068.29,7755.15
TRI63913928587539573500,Nifty 50,2013-10-22,8065.66,7752.63
TRI63913928587539573500,Nifty 50,2013-10-23,8033.91,7722.11
TRI63913928587539573500,Nifty 50,2013-10-24,8015.83,7704.74
TRI63913928587539573500,Nifty 50,2013-10-25,7992.27,7682.16
TRI63913928587539573500,Nifty 50,2013-10-28,7935.25,7627.36
TRI63913928587539573500,Nifty 50,2013-10-29,8091.08,7777.14
TRI63913928587539573500,Nifty 50,2013-10-30,8131.16,7815.67
TRI63913928587539573500,Nifty 50,2013-10-31,8194.06,7876.17
TRI63913928587539573500,Nifty 50,2013-11-01,8204.56,7886.26
TRI63913928587539573500,Nifty 50,2013-11-03,8217.74,7898.94
TRI63913928587539573500,Nifty 50,2013-11-05,8134.24,7818.68
TRI63913928587539573500,Nifty 50,2013-11-06,8085.36,7771.72
TRI63913928587539573500,Nifty 50,2013-11-07,8049.77,7737.53
TRI63913928587539573500,Nifty 50,2013-11-08,7989.31,7679.42
TRI63913928587539573500,Nifty 50,2013-11-11,7908.71,7601.94
TRI63913928587539573500,Nifty 50,2013-11-12,7829.7,7525.99
TRI63913928587539573500,Nifty 50,2013-11-13,7792.65,7490.38
TRI63913928587539573500,Nifty 50,2013-11-14,7879.25,7573.62
TRI63913928587539573500,Nifty 50,2013-11-18,8052.07,7739.74
TRI63913928587539573500,Nifty 50,2013-11-19,8070.73,7757.68
TRI63913928587539573500,Nifty 50,2013-11-20,7966.08,7657.09
TRI63913928587539573500,Nifty 50,2013-11-21,7804.93,7502.19
TRI63913928587539573500,Nifty 50,2013-11-22,7800.26,7497.7
TRI63913928587539573500,Nifty 50,2013-11-25,7956.26,7647.64
TRI63913928587539573500,Nifty 50,2013-11-26,7883.1,7577.32
TRI63913928587539573500,Nifty 50,2013-11-27,7880.49,7574.82
TRI63913928587539573500,Nifty 50,2013-11-28,7925.71,7618.28
TRI63913928587539573500,Nifty 50,2013-11-29,8035.27,7723.6
TRI63913928587539573500,Nifty 50,2013-12-02,8089.61,7775.82
TRI63913928587539573500,Nifty 50,2013-12-03,8068.78,7755.8
TRI63913928587539573500,Nifty 50,2013-12-04,8015.59,7704.68
TRI63913928587539573500,Nifty 50,2013-12-05,8119.89,7804.92
TRI63913928587539573500,Nifty 50,2013-12-06,8144.32,7828.41
TRI63913928587539573500,Nifty 50,2013-12-09,8279.62,7958.47
TRI63913928587539573500,Nifty 50,2013-12-10,8241.92,7922.32
TRI63913928587539573500,Nifty 50,2013-12-11,8209.43,7891.09
TRI63913928587539573500,Nifty 50,2013-12-12,8117.22,7802.46
TRI63913928587539573500,Nifty 50,2013-12-13,8027.89,7716.61
TRI63913928587539573500,Nifty 50,2013-12-16,8010.05,7699.46
TRI63913928587539573500,Nifty 50,2013-12-17,7989.69,7679.88
TRI63913928587539573500,Nifty 50,2013-12-18,8091.83,7778.08
TRI63913928587539573500,Nifty 50,2013-12-19,8026.09,7714.88
TRI63913928587539573500,Nifty 50,2013-12-20,8166.18,7849.55
TRI63913928587539573500,Nifty 50,2013-12-23,8179.48,7862.32
TRI63913928587539573500,Nifty 50,2013-12-24,8158.51,7842.18
TRI63913928587539573500,Nifty 50,2013-12-26,8172.2,7855.33
TRI63913928587539573500,Nifty 50,2013-12-27,8217.63,7899.0
TRI63913928587539573500,Nifty 50,2013-12-30,8188.11,7870.62
TRI63913928587539573500,Nifty 50,2013-12-31,8204.85,7886.72
TRI63913928587539573500,Nifty 50,2014-01-01,8201.82,7883.8
TRI63913928587539573500,Nifty 50,2014-01-02,8097.05,7783.09
TRI63913928587539573500,Nifty 50,2014-01-03,8084.05,7770.59
TRI63913928587539573500,Nifty 50,2014-01-06,8058.38,7745.92
TRI63913928587539573500,Nifty 50,2014-01-07,8020.38,7709.4
TRI63913928587539573500,Nifty 50,2014-01-08,8036.43,7724.83
TRI63913928587539573500,Nifty 50,2014-01-09,8028.3,7717.01
TRI63913928587539573500,Nifty 50,2014-01-10,8032.39,7720.94
TRI63913928587539573500,Nifty 50,2014-01-13,8164.22,7847.66
TRI63913928587539573500,Nifty 50,2014-01-14,8124.0,7809.0
TRI63913928587539573500,Nifty 50,2014-01-15,8226.89,7907.9
TRI63913928587539573500,Nifty 50,2014-01-16,8224.29,7905.4
TRI63913928588727175600,Nifty 50,2014-01-17,8149.77,7833.77
TRI63913928588727175600,Nifty 50,2014-01-20,8205.44,7887.32
TRI63913928588727175600,Nifty 50,2014-01-21,8218.29,7899.66
TRI63913928588727175600,Nifty 50,2014-01-22,8251.94,7932.03
TRI63913928588727175600,Nifty 50,2014-01-23,8260.68,7940.44
TRI63913928588727175600,Nifty 50,2014-01-24,8157.94,7841.69
TRI63913928588727175600,Nifty 50,2014-01-27,7988.17,7678.53
TRI63913928588727175600,Nifty 50,2014-01-28,7975.67,7666.5
TRI63913928588727175600,Nifty 50,2014-01-29,7967.86,7659.0
TRI63913928588727175600,Nifty 50,2014-01-30,7907.25,7600.74
TRI63913928588727175600,Nifty 50,2014-01-31,7930.34,7623.03
TRI63913928588727175600,Nifty 50,2014-02-03,7816.09,7513.21
TRI63913928588727175600,Nifty 50,2014-02-04,7814.96,7512.12
TRI63913928588727175600,Nifty 50,2014-02-05,7842.98,7539.05
TRI63913928588727175600,Nifty 50,2014-02-06,7861.05,7556.42
TRI63913928588727175600,Nifty 50,2014-02-07,7896.41,7590.43
TRI63913928588727175600,Nifty 50,2014-02-10,7884.34,7578.85
TRI63913928588727175600,Nifty 50,2014-02-11,7896.79,7590.83
TRI63913928588727175600,Nifty 50,2014-02-12,7925.09,7618.06
TRI63913928588727175600,Nifty 50,2014-02-13,7817.32,7514.47
TRI63913928588727175600,Nifty 50,2014-02-14,7878.87,7573.63
TRI63913928588727175600,Nifty 50,2014-02-17,7912.71,7606.22
TRI63913928588727175600,Nifty 50,2014-02-18,7982.78,7673.57
TRI63913928588727175600,Nifty 50,2014-02-19,8016.2,7705.7
TRI63913928588727175600,Nifty 50,2014-02-20,7936.34,7628.92
TRI63913928588727175600,Nifty 50,2014-02-21,8019.69,7709.05
TRI63913928588727175600,Nifty 50,2014-02-24,8059.67,7747.49
TRI63913928588727175600,Nifty 50,2014-02-25,8077.85,7764.96
TRI63913928588727175600,Nifty 50,2014-02-26,8128.29,7813.45
TRI63913928588727175600,Nifty 50,2014-02-28,8178.01,7861.23
TRI63913928588727175600,Nifty 50,2014-03-03,8105.73,7791.76
TRI63913928588727175600,Nifty 50,2014-03-04,8206.23,7888.39
TRI63913928588727175600,Nifty 50,2014-03-05,8246.22,7926.84
TRI63913928588727175600,Nifty 50,2014-03-06,8340.71,8017.68
TRI63913928588727175600,Nifty 50,2014-03-07,8504.22,8174.86
TRI63913928588727175600,Nifty 50,2014-03-10,8518.03,8188.12
TRI63913928588727175600,Nifty 50,2014-03-11,8486.39,8157.76
TRI63913928588727175600,Nifty 50,2014-03-12,8492.91,8164.03
TRI63913928588727175600,Nifty 50,2014-03-13,8461.93,8134.25
TRI63913928588727175600,Nifty 50,2014-03-14,8476.35,8148.12
TRI63913928588727175600,Nifty 50,2014-03-18,8492.62,8163.75
TRI63913928588727175600,Nifty 50,2014-03-19,8502.28,8173.03
TRI63913928588727175600,Nifty 50,2014-03-20,8448.89,8121.71
TRI63913928588727175600,Nifty 50,2014-03-21,8462.06,8134.37
TRI63913928588727175600,Nifty 50,2014-03-22,8464.28,8136.52
TRI63913928588727175600,Nifty 50,2014-03-24,8580.26,8248.02
TRI63913928588727175600,Nifty 50,2014-03-25,8588.44,8255.89
TRI63913928588727175600,Nifty 50,2014-03-26,8603.63,8270.48
TRI63913928588727175600,Nifty 50,2014-03-27,8658.46,8323.28
TRI63913928588727175600,Nifty 50,2014-03-28,8729.05,8391.14
TRI63913928588727175600,Nifty 50,2014-03-31,8739.91,8401.58
TRI63913928588727175600,Nifty 50,2014-04-01,8761.86,8422.67
TRI63913928588727175600,Nifty 50,2014-04-02,8802.95,8462.17
TRI63913928588727175600,Nifty 50,2014-04-03,8781.47,8441.53
TRI63913928588727175600,Nifty 50,2014-04-04,8727.03,8389.2
TRI63913928588727175600,Nifty 50,2014-04-07,8727.98,8390.11
TRI63913928588727175600,Nifty 50,2014-04-09,8859.81,8516.83
TRI63913928588727175600,Nifty 50,2014-04-10,8860.09,8517.1
TRI63913928588727175600,Nifty 50,2014-04-11,8833.88,8491.91
TRI63913928588727175600,Nifty 50,2014-04-15,8777.57,8437.77
TRI63913928588727175600,Nifty 50,2014-04-16,8702.22,8365.35
TRI63913928589695782700,Nifty 50,2014-04-17,8837.92,8495.79
TRI63913928589695782700,Nifty 50,2014-04-21,8887.78,8543.73
TRI63913928589695782700,Nifty 50,2014-04-22,8885.09,8541.15
TRI63913928589695782700,Nifty 50,2014-04-23,8918.3,8573.07
TRI63913928589695782700,Nifty 50,2014-04-25,8842.62,8500.32
TRI63913928589695782700,Nifty 50,2014-04-28,8814.59,8473.38
TRI63913928589695782700,Nifty 50,2014-04-29,8754.65,8415.75
TRI63913928589695782700,Nifty 50,2014-04-30,8730.05,8392.11
TRI63913928589695782700,Nifty 50,2014-05-02,8727.93,8390.07
TRI63913928589695782700,Nifty 50,2014-05-05,8733.92,8395.83
TRI63913928589695782700,Nifty 50,2014-05-06,8754.69,8415.79
TRI63913928589695782700,Nifty 50,2014-05-07,8672.88,8337.15
TRI63913928589695782700,Nifty 50,2014-05-08,8682.37,8346.27
TRI63913928589695782700,Nifty 50,2014-05-09,8941.77,8595.64
TRI63913928589695782700,Nifty 50,2014-05-12,9144.41,8790.43
TRI63913928589695782700,Nifty 50,2014-05-13,9267.61,8908.86
TRI63913928589695782700,Nifty 50,2014-05-14,9267.61,8908.86
TRI63913928589695782700,Nifty 50,2014-05-15,9286.39,8926.92
TRI63913928589695782700,Nifty 50,2014-05-16,9395.18,9031.68
TRI63913928589695782700,Nifty 50,2014-05-19,9474.16,9107.6
TRI63913928589695782700,Nifty 50,2014-05-20,9489.73,9122.57
TRI63913928589695782700,Nifty 50,2014-05-21,9460.28,9094.26
TRI63913928589695782700,Nifty 50,2014-05-22,9490.91,9123.71
TRI63913928589695782700,Nifty 50,2014-05-23,9609.25,9237.46
TRI63913928589695782700,Nifty 50,2014-05-26,9598.75,9227.37
TRI63913928589695782700,Nifty 50,2014-05-27,9545.2,9175.9
TRI63913928589695782700,Nifty 50,2014-05-28,9560.4,9190.5
TRI63913928589695782700,Nifty 50,2014-05-29,9445.23,9080.07
TRI63913928589695782700,Nifty 50,2014-05-30,9437.81,9072.94
TRI63913928589695782700,Nifty 50,2014-06-02,9610.85,9239.29
TRI63913928589695782700,Nifty 50,2014-06-03,9690.44,9316.2
TRI63913928589695782700,Nifty 50,2014-06-04,9672.68,9299.12
TRI63913928589695782700,Nifty 50,2014-06-05,9778.32,9401.14
TRI63913928589695782700,Nifty 50,2014-06-06,9924.43,9541.73
TRI63913928589695782700,Nifty 50,2014-06-09,10017.59,9631.29
TRI63913928589695782700,Nifty 50,2014-06-10,10019.94,9633.56
TRI63913928589695782700,Nifty 50,2014-06-11,9982.86,9597.96
TRI63913928589695782700,Nifty 50,2014-06-12,10015.59,9629.53
TRI63913928589695782700,Nifty 50,2014-06-13,9874.46,9493.85
TRI63913928589695782700,Nifty 50,2014-06-16,9864.29,9484.11
TRI63913928589695782700,Nifty 50,2014-06-17,9992.78,9607.64
TRI63913928589695782700,Nifty 50,2014-06-18,9896.55,9515.11
TRI63913928589695782700,Nifty 50,2014-06-19,9873.61,9493.07
TRI63913928589695782700,Nifty 50,2014-06-20,9835.35,9456.27
TRI63913928589695782700,Nifty 50,2014-06-23,9811.62,9433.46
TRI63913928589695782700,Nifty 50,2014-06-24,9925.34,9542.81
TRI63913928589695782700,Nifty 50,2014-06-25,9911.03,9529.05
TRI63913928589695782700,Nifty 50,2014-06-26,9811.48,9433.32
TRI63913928589695782700,Nifty 50,2014-06-27,9831.9,9452.96
TRI63913928589695782700,Nifty 50,2014-06-30,9966.14,9582.03
TRI63913928589695782700,Nifty 50,2014-07-01,9996.74,9611.45
TRI63913928589695782700,Nifty 50,2014-07-02,10115.19,9725.33
TRI63913928589695782700,Nifty 50,2014-07-03,10105.89,9716.56
TRI63913928589695782700,Nifty 50,2014-07-04,10161.42,9770.23
TRI63913928589695782700,Nifty 50,2014-07-07,10208.02,9815.03
TRI63913928589695782700,Nifty 50,2014-07-08,9993.08,9608.38
TRI63913928589695782700,Nifty 50,2014-07-09,9945.17,9562.39
TRI63913928589695782700,Nifty 50,2014-07-10,9922.6,9540.68
TRI63913928589695782700,Nifty 50,2014-07-11,9781.62,9405.16
TRI63913928589695782700,Nifty 50,2014-07-14,9776.46,9400.27
TRI63913928589695782700,Nifty 50,2014-07-15,9871.51,9491.68
TRI63913928590680270600,Nifty 50,2014-07-16,9999.71,9614.95
TRI63913928590680270600,Nifty 50,2014-07-17,10023.67,9638.09
TRI63913928590680270600,Nifty 50,2014-07-18,10054.4,9667.65
TRI63913928590680270600,Nifty 50,2014-07-21,10082.28,9694.49
TRI63913928590680270600,Nifty 50,2014-07-22,10191.98,9799.98
TRI63913928590680270600,Nifty 50,2014-07-23,10229.29,9835.86
TRI63913928590680270600,Nifty 50,2014-07-24,10275.33,9880.15
TRI63913928590680270600,Nifty 50,2014-07-25,10223.52,9830.37
TRI63913928590680270600,Nifty 50,2014-07-28,10175.95,9784.91
TRI63913928590680270600,Nifty 50,2014-07-30,10232.41,9839.21
TRI63913928590680270600,Nifty 50,2014-07-31,10140.34,9750.68
TRI63913928590680270600,Nifty 50,2014-08-01,9984.48,9600.82
TRI63913928590680270600,Nifty 50,2014-08-04,10090.88,9703.12
TRI63913928590680270600,Nifty 50,2014-08-05,10174.47,9783.54
TRI63913928590680270600,Nifty 50,2014-08-06,10076.95,9689.77
TRI63913928590680270600,Nifty 50,2014-08-07,10046.98,9660.95
TRI63913928590680270600,Nifty 50,2014-08-08,9942.03,9560.08
TRI63913928590680270600,Nifty 50,2014-08-11,10017.44,9632.59
TRI63913928590680270600,Nifty 50,2014-08-12,10150.24,9760.28
TRI63913928590680270600,Nifty 50,2014-08-13,10171.22,9780.64
TRI63913928590680270600,Nifty 50,2014-08-14,10239.76,9846.54
TRI63913928590680270600,Nifty 50,2014-08-18,10348.22,9950.84
TRI63913928590680270600,Nifty 50,2014-08-19,10379.05,9980.5
TRI63913928590680270600,Nifty 50,2014-08-20,10350.28,9952.85
TRI63913928590680270600,Nifty 50,2014-08-21,10372.44,9974.2
TRI63913928590680270600,Nifty 50,2014-08-22,10401.48,10002.14
TRI63913928590680270600,Nifty 50,2014-08-25,10392.41,9993.4
TRI63913928590680270600,Nifty 50,2014-08-26,10390.39,9991.47
TRI63913928590680270600,Nifty 50,2014-08-27,10432.78,10032.28
TRI63913928590680270600,Nifty 50,2014-08-28,10456.85,10055.43
TRI63913928590680270600,Nifty 50,2014-09-01,10553.26,10148.14
TRI63913928590680270600,Nifty 50,2014-09-02,10626.05,10218.13
TRI63913928590680270600,Nifty 50,2014-09-03,10667.5,10258.0
TRI63913928590680270600,Nifty 50,2014-09-04,10643.88,10235.31
TRI63913928590680270600,Nifty 50,2014-09-05,10633.24,10225.12
TRI63913928590680270600,Nifty 50,2014-09-08,10748.49,10335.99
TRI63913928590680270600,Nifty 50,2014-09-09,10720.95,10309.5
TRI63913928590680270600,Nifty 50,2014-09-10,10643.54,10235.07
TRI63913928590680270600,Nifty 50,2014-09-11,10632.96,10224.91
TRI63913928590680270600,Nifty 50,2014-09-12,10658.96,10249.91
TRI63913928590680270600,Nifty 50,2014-09-15,10575.5,10169.65
TRI63913928590680270600,Nifty 50,2014-09-16,10432.03,10031.69
TRI63913928590680270600,Nifty 50,2014-09-17,10488.05,10085.56
TRI63913928590680270600,Nifty 50,2014-09-18,10671.16,10261.65
TRI63913928590680270600,Nifty 50,2014-09-19,10679.98,10270.12
TRI63913928590680270600,Nifty 50,2014-09-22,10713.74,10302.63
TRI63913928590680270600,Nifty 50,2014-09-23,10544.42,10139.81
TRI63913928590680270600,Nifty 50,2014-09-24,10524.5,10120.65
TRI63913928590680270600,Nifty 50,2014-09-25,10405.39,10006.11
TRI63913928590680270600,Nifty 50,2014-09-26,10480.36,10078.2
TRI63913928590680270600,Nifty 50,2014-09-29,10467.25,10065.6
TRI63913928590680270600,Nifty 50,2014-09-30,10475.04,10073.09
TRI63913928590680270600,Nifty 50,2014-10-01,10449.7,10048.72
TRI63913928590680270600,Nifty 50,2014-10-07,10327.23,9930.95
TRI63913928590680270600,Nifty 50,2014-10-08,10314.44,9918.64
TRI63913928590680270600,Nifty 50,2014-10-09,10469.45,10067.71
TRI63913928590680270600,Nifty 50,2014-10-10,10337.14,9940.49
TRI63913928590680270600,Nifty 50,2014-10-13,10369.11,9971.23
TRI63913928591633310000,Nifty 50,2014-10-14,10342.43,9945.57
TRI63913928591633310000,Nifty 50,2014-10-16,10194.41,9803.39
TRI63913928591633310000,Nifty 50,2014-10-17,10235.83,9843.22
TRI63913928591633310000,Nifty 50,2014-10-20,10367.03,9969.39
TRI63913928591633310000,Nifty 50,2014-10-21,10431.1,10031.02
TRI63913928591633310000,Nifty 50,2014-10-22,10520.79,10117.28
TRI63913928591633310000,Nifty 50,2014-10-23,10545.31,10140.85
TRI63913928591633310000,Nifty 50,2014-10-27,10515.22,10111.91
TRI63913928591633310000,Nifty 50,2014-10-28,10562.48,10157.36
TRI63913928591633310000,Nifty 50,2014-10-29,10645.96,10237.67
TRI63913928591633310000,Nifty 50,2014-10-30,10749.57,10337.31
TRI63913928591633310000,Nifty 50,2014-10-31,10952.14,10532.16
TRI63913928591633310000,Nifty 50,2014-11-03,10955.32,10535.24
TRI63913928591633310000,Nifty 50,2014-11-05,10973.95,10553.16
TRI63913928591633310000,Nifty 50,2014-11-07,10972.24,10551.51
TRI63913928591633310000,Nifty 50,2014-11-10,10981.77,10560.68
TRI63913928591633310000,Nifty 50,2014-11-11,11006.04,10584.01
TRI63913928591633310000,Nifty 50,2014-11-12,11033.19,10610.12
TRI63913928591633310000,Nifty 50,2014-11-13,11000.37,10578.59
TRI63913928591633310000,Nifty 50,2014-11-14,11042.61,10619.21
TRI63913928591633310000,Nifty 50,2014-11-17,11096.32,10670.86
TRI63913928591633310000,Nifty 50,2014-11-18,11089.98,10664.76
TRI63913928591633310000,Nifty 50,2014-11-19,11032.59,10609.58
TRI63913928591633310000,Nifty 50,2014-11-20,11058.39,10634.38
TRI63913928591633310000,Nifty 50,2014-11-21,11157.68,10729.87
TRI63913928591633310000,Nifty 50,2014-11-24,11227.19,10796.71
TRI63913928591633310000,Nifty 50,2014-11-25,11138.95,10711.86
TRI63913928591633310000,Nifty 50,2014-11-26,11155.59,10727.86
TRI63913928591633310000,Nifty 50,2014-11-27,11179.89,10751.22
TRI63913928591633310000,Nifty 50,2014-11-28,11303.65,10870.24
TRI63913928591633310000,Nifty 50,2014-12-01,11261.08,10829.3
TRI63913928591633310000,Nifty 50,2014-12-02,11219.98,10738.32
TRI63913928591633310000,Nifty 50,2014-12-03,11237.05,10754.66
TRI63913928591633310000,Nifty 50,2014-12-04,11272.28,10788.38
TRI63913928591633310000,Nifty 50,2014-12-05,11237.89,10755.46
TRI63913928591633310000,Nifty 50,2014-12-08,11106.22,10629.44
TRI63913928591633310000,Nifty 50,2014-12-09,10977.83,10506.56
TRI63913928591633310000,Nifty 50,2014-12-10,10997.53,10525.42
TRI63913928591633310000,Nifty 50,2014-12-11,10914.91,10446.35
TRI63913928591633310000,Nifty 50,2014-12-12,10824.36,10359.68
TRI63913928591633310000,Nifty 50,2014-12-15,10818.45,10354.03
TRI63913928591633310000,Nifty 50,2014-12-16,10620.96,10165.13
TRI63913928591633310000,Nifty 50,2014-12-17,10571.25,10117.55
TRI63913928591633310000,Nifty 50,2014-12-18,10741.73,10280.72
TRI63913928591633310000,Nifty 50,2014-12-19,10828.45,10363.71
TRI63913928591633310000,Nifty 50,2014-12-22,10958.56,10488.24
TRI63913928591633310000,Nifty 50,2014-12-23,10883.52,10416.42
TRI63913928591633310000,Nifty 50,2014-12-24,10761.16,10299.32
TRI63913928591633310000,Nifty 50,2014-12-26,10796.22,10332.87
TRI63913928591633310000,Nifty 50,2014-12-29,10856.23,10390.3
TRI63913928591633310000,Nifty 50,2014-12-30,10858.82,10392.78
TRI63913928591633310000,Nifty 50,2014-12-31,10904.18,10436.19
TRI63913928591633310000,Nifty 50,2015-01-01,10905.87,10437.81
TRI63913928591633310000,Nifty 50,2015-01-02,11052.57,10578.22
TRI63913928591633310000,Nifty 50,2015-01-05,11030.18,10556.78
TRI63913928591633310000,Nifty 50,2015-01-06,10699.62,10240.41
TRI63913928591633310000,Nifty 50,2015-01-07,10666.38,10208.6
TRI63913928591633310000,Nifty 50,2015-01-08,10840.84,10375.57
TRI63913928591633310000,Nifty 50,2015-01-09,10906.56,10438.47
TRI63913928592633324300,Nifty 50,2015-01-12,10957.22,10486.95
TRI63913928592633324300,Nifty 50,2015-01-13,10926.16,10457.23
TRI63913928592633324300,Nifty 50,2015-01-14,10897.36,10429.66
TRI63913928592633324300,Nifty 50,2015-01-15,11182.52,10702.59
TRI63913928592633324300,Nifty 50,2015-01-16,11208.42,10727.37
TRI63913928592633324300,Nifty 50,2015-01-19,11257.01,10773.88
TRI63913928592633324300,Nifty 50,2015-01-20,11447.77,10956.45
TRI63913928592633324300,Nifty 50,2015-01-21,11492.4,10999.17
TRI63913928592633324300,Nifty 50,2015-01-22,11535.32,11040.28
TRI63913928592633324300,Nifty 50,2015-01-23,11633.06,11133.84
TRI63913928592633324300,Nifty 50,2015-01-27,11732.39,11228.93
TRI63913928592633324300,Nifty 50,2015-01-28,11737.42,11233.74
TRI63913928592633324300,Nifty 50,2015-01-29,11787.53,11281.71
TRI63913928592633324300,Nifty 50,2015-01-30,11598.64,11100.92
TRI63913928592633324300,Nifty 50,2015-02-02,11583.49,11086.43
TRI63913928592633324300,Nifty 50,2015-02-03,11529.72,11034.96
TRI63913928592633324300,Nifty 50,2015-02-04,11487.57,10994.67
TRI63913928592633324300,Nifty 50,2015-02-05,11471.77,10979.55
TRI63913928592633324300,Nifty 50,2015-02-06,11405.06,10915.7
TRI63913928592633324300,Nifty 50,2015-02-09,11227.7,10745.94
TRI63913928592633324300,Nifty 50,2015-02-10,11279.29,10795.32
TRI63913928592633324300,Nifty 50,2015-02-11,11360.75,10873.29
TRI63913928592633324300,Nifty 50,2015-02-12,11471.52,10979.31
TRI63913928592633324300,Nifty 50,2015-02-13,11595.25,11097.73
TRI63913928592633324300,Nifty 50,2015-02-16,11600.46,11102.72
TRI63913928592633324300,Nifty 50,2015-02-18,11680.18,11179.06
TRI63913928592633324300,Nifty 50,2015-02-19,11714.65,11212.05
TRI63913928592633324300,Nifty 50,2015-02-20,11633.41,11134.3
TRI63913928592633324300,Nifty 50,2015-02-23,11529.79,11035.13
TRI63913928592633324300,Nifty 50,2015-02-24,11539.22,11044.15
TRI63913928592633324300,Nifty 50,2015-02-25,11546.02,11050.65
TRI63913928592633324300,Nifty 50,2015-02-26,11436.2,10945.55
TRI63913928592633324300,Nifty 50,2015-02-27,11647.9,11148.16
TRI63913928592633324300,Nifty 50,2015-02-28,11723.28,11220.31
TRI63913928592633324300,Nifty 50,2015-03-02,11796.73,11290.66
TRI63913928592633324300,Nifty 50,2015-03-03,11856.58,11348.28
TRI63913928592633324300,Nifty 50,2015-03-04,11759.58,11255.44
TRI63913928592633324300,Nifty 50,2015-03-05,11779.43,11274.43
TRI63913928592633324300,Nifty 50,2015-03-09,11541.34,11046.57
TRI63913928592633324300,Nifty 50,2015-03-10,11482.4,10990.16
TRI63913928592633324300,Nifty 50,2015-03-11,11466.5,10974.93
TRI63913928592633324300,Nifty 50,2015-03-12,11567.25,11071.39
TRI63913928592633324300,Nifty 50,2015-03-13,11398.21,10909.6
TRI63913928592633324300,Nifty 50,2015-03-16,11378.97,10891.18
TRI63913928592633324300,Nifty 50,2015-03-17,11497.78,11004.9
TRI63913928592633324300,Nifty 50,2015-03-18,11448.46,10957.69
TRI63913928592633324300,Nifty 50,2015-03-19,11380.91,10869.65
TRI63913928592633324300,Nifty 50,2015-03-20,11304.37,10796.89
TRI63913928592633324300,Nifty 50,2015-03-23,11277.98,10771.68
TRI63913928592633324300,Nifty 50,2015-03-24,11269.62,10763.8
TRI63913928592633324300,Nifty 50,2015-03-25,11254.51,10749.41
TRI63913928592633324300,Nifty 50,2015-03-26,11005.59,10511.66
TRI63913928592633324300,Nifty 50,2015-03-27,11004.63,10510.74
TRI63913928592633324300,Nifty 50,2015-03-30,11203.71,10700.88
TRI63913928592633324300,Nifty 50,2015-03-31,11201.99,10699.24
TRI63913928592633324300,Nifty 50,2015-04-01,11327.63,10819.24
TRI63913928592633324300,Nifty 50,2015-04-06,11424.83,10912.08
TRI63913928592633324300,Nifty 50,2015-04-07,11425.33,10912.56
TRI63913928592633324300,Nifty 50,2015-04-08,11496.74,10980.77
TRI63913928592633324300,Nifty 50,2015-04-09,11581.01,11061.25
TRI63913928592633324300,Nifty 50,2015-04-10,11583.75,11063.87
TRI63913928593945844600,Nifty 50,2015-04-13,11654.49,11131.44
TRI63913928593945844600,Nifty 50,2015-04-15,11543.96,11025.87
TRI63913928593945844600,Nifty 50,2015-04-16,11486.56,10971.04
TRI63913928593945844600,Nifty 50,2015-04-17,11353.68,10844.13
TRI63913928593945844600,Nifty 50,2015-04-20,11145.37,10645.16
TRI63913928593945844600,Nifty 50,2015-04-21,11052.56,10556.52
TRI63913928593945844600,Nifty 50,2015-04-22,11121.12,10622.0
TRI63913928593945844600,Nifty 50,2015-04-23,11079.67,10582.41
TRI63913928593945844600,Nifty 50,2015-04-24,10957.58,10465.83
TRI63913928593945844600,Nifty 50,2015-04-27,10836.88,10350.55
TRI63913928593945844600,Nifty 50,2015-04-28,10931.63,10441.04
TRI63913928593945844600,Nifty 50,2015-04-29,10871.15,10383.28
TRI63913928593945844600,Nifty 50,2015-04-30,10794.27,10309.85
TRI63913928593945844600,Nifty 50,2015-05-04,10992.81,10499.47
TRI63913928593945844600,Nifty 50,2015-05-05,10983.33,10490.43
TRI63913928593945844600,Nifty 50,2015-05-06,10682.81,10203.39
TRI63913928593945844600,Nifty 50,2015-05-07,10630.43,10153.36
TRI63913928593945844600,Nifty 50,2015-05-08,10812.25,10327.24
TRI63913928593945844600,Nifty 50,2015-05-11,10988.82,10495.88
TRI63913928593945844600,Nifty 50,2015-05-12,10727.03,10245.84
TRI63913928593945844600,Nifty 50,2015-05-13,10870.3,10382.68
TRI63913928593945844600,Nifty 50,2015-05-14,10855.42,10368.47
TRI63913928593945844600,Nifty 50,2015-05-15,10905.75,10416.55
TRI63913928593945844600,Nifty 50,2015-05-18,11052.7,10556.9
TRI63913928593945844600,Nifty 50,2015-05-19,11042.12,10546.79
TRI63913928593945844600,Nifty 50,2015-05-20,11118.14,10619.41
TRI63913928593945844600,Nifty 50,2015-05-21,11116.0,10617.4
TRI63913928593945844600,Nifty 50,2015-05-22,11166.12,10665.27
TRI63913928593945844600,Nifty 50,2015-05-25,11049.0,10553.4
TRI63913928593945844600,Nifty 50,2015-05-26,11008.25,10514.48
TRI63913928593945844600,Nifty 50,2015-05-27,11001.96,10508.48
TRI63913928593945844600,Nifty 50,2015-05-28,10984.45,10491.89
TRI63913928593945844600,Nifty 50,2015-05-29,11135.85,10636.5
TRI63913928593945844600,Nifty 50,2015-06-01,11136.64,10637.3
TRI63913928593945844600,Nifty 50,2015-06-02,10876.52,10388.85
TRI63913928593945844600,Nifty 50,2015-06-03,10752.52,10270.84
TRI63913928593945844600,Nifty 50,2015-06-04,10754.83,10273.42
TRI63913928593945844600,Nifty 50,2015-06-05,10737.17,10256.7
TRI63913928593945844600,Nifty 50,2015-06-08,10643.82,10167.53
TRI63913928593945844600,Nifty 50,2015-06-09,10615.01,10140.01
TRI63913928593945844600,Nifty 50,2015-06-10,10750.07,10269.02
TRI63913928593945844600,Nifty 50,2015-06-11,10539.53,10067.9
TRI63913928593945844600,Nifty 50,2015-06-12,10562.76,10090.1
TRI63913928593945844600,Nifty 50,2015-06-15,10612.12,10089.07
TRI63913928593945844600,Nifty 50,2015-06-16,10657.23,10132.0
TRI63913928593945844600,Nifty 50,2015-06-17,10715.85,10187.72
TRI63913928593945844600,Nifty 50,2015-06-18,10825.96,10292.42
TRI63913928593945844600,Nifty 50,2015-06-19,10894.44,10357.62
TRI63913928593945844600,Nifty 50,2015-06-22,11064.89,10519.7
TRI63913928593945844600,Nifty 50,2015-06-23,11102.6,10555.55
TRI63913928593945844600,Nifty 50,2015-06-24,11075.71,10530.01
TRI63913928593945844600,Nifty 50,2015-06-25,11124.95,10576.82
TRI63913928593945844600,Nifty 50,2015-06-26,11102.52,10555.5
TRI63913928593945844600,Nifty 50,2015-06-29,11019.47,10476.55
TRI63913928593945844600,Nifty 50,2015-06-30,11085.87,10539.67
TRI63913928593945844600,Nifty 50,2015-07-01,11197.83,10646.12
TRI63913928593945844600,Nifty 50,2015-07-02,11191.5,10640.32
TRI63913928593945844600,Nifty 50,2015-07-03,11244.49,10690.69
TRI63913928593945844600,Nifty 50,2015-07-06,11294.6,10738.37
TRI63913928593945844600,Nifty 50,2015-07-07,11279.56,10724.07
TRI63913928593945844600,Nifty 50,2015-07-08,11084.34,10521.13
TRI63913928593945844600,Nifty 50,2015-07-09,11043.14,10482.25
TRI63913928593945844600,Nifty 50,2015-07-10,11086.29,10523.25
TRI63913928595164613300,Nifty 50,2015-07-13,11217.67,10647.96
TRI63913928595164613300,Nifty 50,2015-07-14,11210.85,10641.51
TRI63913928595164613300,Nifty 50,2015-07-15,11309.1,10735.07
TRI63913928595164613300,Nifty 50,2015-07-16,11422.48,10842.77
TRI63913928595164613300,Nifty 50,2015-07-17,11424.87,10845.03
TRI63913928595164613300,Nifty 50,2015-07-20,11419.13,10839.73
TRI63913928595164613300,Nifty 50,2015-07-21,11320.88,10746.47
TRI63913928595164613300,Nifty 50,2015-07-22,11459.27,10877.84
TRI63913928595164613300,Nifty 50,2015-07-23,11403.83,10825.34
TRI63913928595164613300,Nifty 50,2015-07-24,11313.22,10739.33
TRI63913928595164613300,Nifty 50,2015-07-27,11100.03,10536.96
TRI63913928595164613300,Nifty 50,2015-07-28,11068.18,10506.73
TRI63913928595164613300,Nifty 50,2015-07-29,11118.71,10554.69
TRI63913928595164613300,Nifty 50,2015-07-30,11180.79,10613.62
TRI63913928595164613300,Nifty 50,2015-07-31,11328.56,10753.91
TRI63913928595164613300,Nifty 50,2015-08-03,11342.11,10766.78
TRI63913928595164613300,Nifty 50,2015-08-04,11307.41,10733.84
TRI63913928595164613300,Nifty 50,2015-08-05,11375.18,10798.17
TRI63913928595164613300,Nifty 50,2015-08-06,11402.67,10824.26
TRI63913928595164613300,Nifty 50,2015-08-07,11372.02,10795.24
TRI63913928595164613300,Nifty 50,2015-08-10,11320.25,10746.1
TRI63913928595164613300,Nifty 50,2015-08-11,11236.57,10666.67
TRI63913928595164613300,Nifty 50,2015-08-12,11086.67,10524.37
TRI63913928595164613300,Nifty 50,2015-08-13,11095.98,10533.26
TRI63913928595164613300,Nifty 50,2015-08-14,11312.32,10738.63
TRI63913928595164613300,Nifty 50,2015-08-17,11257.56,10686.66
TRI63913928595164613300,Nifty 50,2015-08-18,11243.28,10673.09
TRI63913928595164613300,Nifty 50,2015-08-19,11281.26,10709.15
TRI63913928595164613300,Nifty 50,2015-08-20,11118.95,10555.09
TRI63913928595164613300,Nifty 50,2015-08-21,11022.22,10463.26
TRI63913928595164613300,Nifty 50,2015-08-24,10370.27,9844.37
TRI63913928595164613300,Nifty 50,2015-08-25,10465.46,9934.74
TRI63913928595164613300,Nifty 50,2015-08-26,10348.4,9823.65
TRI63913928595164613300,Nifty 50,2015-08-27,10557.5,10022.17
TRI63913928595164613300,Nifty 50,2015-08-28,10629.49,10090.6
TRI63913928595164613300,Nifty 50,2015-08-31,10588.8,10051.97
TRI63913928595164613300,Nifty 50,2015-09-01,10346.16,9821.81
TRI63913928595164613300,Nifty 50,2015-09-02,10254.61,9734.91
TRI63913928595164613300,Nifty 50,2015-09-03,10396.83,9869.99
TRI63913928595164613300,Nifty 50,2015-09-04,10173.65,9658.12
TRI63913928595164613300,Nifty 50,2015-09-07,10047.15,9538.1
TRI63913928595164613300,Nifty 50,2015-09-08,10219.21,9701.45
TRI63913928595164613300,Nifty 50,2015-09-09,10392.45,9865.9
TRI63913928595164613300,Nifty 50,2015-09-10,10351.93,9827.44
TRI63913928595164613300,Nifty 50,2015-09-11,10353.54,9828.97
TRI63913928595164613300,Nifty 50,2015-09-14,10463.93,9933.77
TRI63913928595164613300,Nifty 50,2015-09-15,10406.56,9879.31
TRI63913928595164613300,Nifty 50,2015-09-16,10499.73,9967.76
TRI63913928595164613300,Nifty 50,2015-09-18,10609.87,10072.33
TRI63913928595164613300,Nifty 50,2015-09-21,10603.8,10066.58
TRI63913928595164613300,Nifty 50,2015-09-22,10384.35,9858.25
TRI63913928595164613300,Nifty 50,2015-09-23,10429.44,9901.05
TRI63913928595164613300,Nifty 50,2015-09-24,10459.44,9929.53
TRI63913928595164613300,Nifty 50,2015-09-28,10362.68,9837.68
TRI63913928595164613300,Nifty 50,2015-09-29,10425.93,9897.72
TRI63913928595164613300,Nifty 50,2015-09-30,10566.29,10030.97
TRI63913928595164613300,Nifty 50,2015-10-01,10568.94,10033.49
TRI63913928595164613300,Nifty 50,2015-10-05,10792.79,10246.0
TRI63913928595164613300,Nifty 50,2015-10-06,10837.5,10288.44
TRI63913928595164613300,Nifty 50,2015-10-07,10870.04,10319.33
TRI63913928595164613300,Nifty 50,2015-10-08,10806.18,10258.71
TRI63913928596102195000,Nifty 50,2015-10-09,10886.38,10334.84
TRI63913928596102195000,Nifty 50,2015-10-12,10825.14,10276.7
TRI63913928596102195000,Nifty 50,2015-10-13,10809.32,10261.69
TRI63913928596102195000,Nifty 50,2015-10-14,10777.67,10231.64
TRI63913928596102195000,Nifty 50,2015-10-15,10872.82,10321.97
TRI63913928596102195000,Nifty 50,2015-10-16,10956.47,10401.67
TRI63913928596102195000,Nifty 50,2015-10-19,11006.79,10449.51
TRI63913928596102195000,Nifty 50,2015-10-20,10989.0,10432.61
TRI63913928596102195000,Nifty 50,2015-10-21,10976.65,10420.94
TRI63913928596102195000,Nifty 50,2015-10-23,11036.44,10477.78
TRI63913928596102195000,Nifty 50,2015-10-26,10990.02,10433.71
TRI63913928596102195000,Nifty 50,2015-10-27,10953.26,10398.81
TRI63913928596102195000,Nifty 50,2015-10-28,10871.42,10321.13
TRI63913928596102195000,Nifty 50,2015-10-29,10792.35,10246.07
TRI63913928596102195000,Nifty 50,2015-10-30,10732.25,10189.06
TRI63913928596102195000,Nifty 50,2015-11-02,10712.32,10170.14
TRI63913928596102195000,Nifty 50,2015-11-03,10725.48,10182.63
TRI63913928596102195000,Nifty 50,2015-11-04,10698.19,10156.72
TRI63913928596102195000,Nifty 50,2015-11-05,10585.41,10049.65
TRI63913928596102195000,Nifty 50,2015-11-06,10583.88,10048.2
TRI63913928596102195000,Nifty 50,2015-11-09,10531.91,9998.86
TRI63913928596102195000,Nifty 50,2015-11-10,10358.65,9834.48
TRI63913928596102195000,Nifty 50,2015-11-11,10414.07,9887.1
TRI63913928596102195000,Nifty 50,2015-11-13,10330.6,9807.85
TRI63913928596102195000,Nifty 50,2015-11-16,10389.64,9863.9
TRI63913928596102195000,Nifty 50,2015-11-17,10430.78,9902.96
TRI63913928596102195000,Nifty 50,2015-11-18,10290.03,9769.34
TRI63913928596102195000,Nifty 50,2015-11-19,10437.71,9909.54
TRI63913928596102195000,Nifty 50,2015-11-20,10456.11,9927.01
TRI63913928596102195000,Nifty 50,2015-11-23,10446.4,9917.79
TRI63913928596102195000,Nifty 50,2015-11-24,10422.86,9895.44
TRI63913928596102195000,Nifty 50,2015-11-26,10492.35,9961.42
TRI63913928596102195000,Nifty 50,2015-11-27,10570.76,10035.85
TRI63913928596102195000,Nifty 50,2015-11-30,10560.84,10026.44
TRI63913928596102195000,Nifty 50,2015-12-01,10586.99,10051.27
TRI63913928596102195000,Nifty 50,2015-12-02,10555.62,10021.49
TRI63913928596102195000,Nifty 50,2015-12-03,10466.19,9936.58
TRI63913928596102195000,Nifty 50,2015-12-04,10356.71,9832.64
TRI63913928596102195000,Nifty 50,2015-12-07,10334.77,9811.8
TRI63913928596102195000,Nifty 50,2015-12-08,10250.03,9731.36
TRI63913928596102195000,Nifty 50,2015-12-09,10131.26,9618.6
TRI63913928596102195000,Nifty 50,2015-12-10,10225.54,9708.11
TRI63913928596102195000,Nifty 50,2015-12-11,10128.57,9616.05
TRI63913928596102195000,Nifty 50,2015-12-14,10181.25,9666.06
TRI63913928596102195000,Nifty 50,2015-12-15,10248.91,9730.29
TRI63913928596102195000,Nifty 50,2015-12-16,10315.45,9793.47
TRI63913928596102195000,Nifty 50,2015-12-17,10439.83,9911.55
TRI63913928596102195000,Nifty 50,2015-12-18,10330.16,9807.43
TRI63913928596102195000,Nifty 50,2015-12-21,10426.69,9899.08
TRI63913928596102195000,Nifty 50,2015-12-22,10362.35,9838.0
TRI63913928596102195000,Nifty 50,2015-12-23,10468.61,9938.88
TRI63913928596102195000,Nifty 50,2015-12-24,10462.08,9932.67
TRI63913928596102195000,Nifty 50,2015-12-28,10547.37,10013.65
TRI63913928596102195000,Nifty 50,2015-12-29,10552.46,10018.48
TRI63913928596102195000,Nifty 50,2015-12-30,10508.91,9977.14
TRI63913928596102195000,Nifty 50,2015-12-31,10575.63,10040.48
TRI63913928596102195000,Nifty 50,2016-01-01,10598.0,10061.72
TRI63913928596102195000,Nifty 50,2016-01-04,10369.24,9844.53
TRI63913928596102195000,Nifty 50,2016-01-05,10360.42,9836.16
TRI63913928596102195000,Nifty 50,2016-01-06,10302.32,9781.0
TRI63913928597149016900,Nifty 50,2016-01-07,10072.45,9562.76
TRI63913928597149016900,Nifty 50,2016-01-08,10116.45,9604.53
TRI63913928597149016900,Nifty 50,2016-01-11,10066.57,9557.18
TRI63913928597149016900,Nifty 50,2016-01-12,9995.25,9489.46
TRI63913928597149016900,Nifty 50,2016-01-13,10064.62,9555.33
TRI63913928597149016900,Nifty 50,2016-01-14,10030.53,9522.96
TRI63913928597149016900,Nifty 50,2016-01-15,9898.8,9397.9
TRI63913928597149016900,Nifty 50,2016-01-18,9783.26,9288.21
TRI63913928597149016900,Nifty 50,2016-01-19,9895.18,9394.46
TRI63913928597149016900,Nifty 50,2016-01-20,9727.77,9235.52
TRI63913928597149016900,Nifty 50,2016-01-21,9685.29,9195.23
TRI63913928597149016900,Nifty 50,2016-01-22,9879.13,9379.27
TRI63913928597149016900,Nifty 50,2016-01-25,9898.28,9397.5
TRI63913928597149016900,Nifty 50,2016-01-27,9901.35,9400.45
TRI63913928597149016900,Nifty 50,2016-01-28,9883.94,9383.92
TRI63913928597149016900,Nifty 50,2016-01-29,10068.86,9559.49
TRI63913928597149016900,Nifty 50,2016-02-01,10058.69,9549.83
TRI63913928597149016900,Nifty 50,2016-02-02,9925.98,9423.88
TRI63913928597149016900,Nifty 50,2016-02-03,9801.62,9305.84
TRI63913928597149016900,Nifty 50,2016-02-04,9857.82,9359.2
TRI63913928597149016900,Nifty 50,2016-02-05,9972.05,9467.69
TRI63913928597149016900,Nifty 50,2016-02-08,9836.41,9338.91
TRI63913928597149016900,Nifty 50,2016-02-09,9717.87,9226.37
TRI63913928597149016900,Nifty 50,2016-02-10,9607.98,9122.04
TRI63913928597149016900,Nifty 50,2016-02-11,9289.29,8819.47
TRI63913928597149016900,Nifty 50,2016-02-12,9295.41,8825.28
TRI63913928597149016900,Nifty 50,2016-02-15,9537.74,9055.35
TRI63913928597149016900,Nifty 50,2016-02-16,9385.36,8910.69
TRI63913928597149016900,Nifty 50,2016-02-17,9465.52,8986.8
TRI63913928597149016900,Nifty 50,2016-02-18,9576.46,9092.13
TRI63913928597149016900,Nifty 50,2016-02-19,9601.77,9116.16
TRI63913928597149016900,Nifty 50,2016-02-22,9633.83,9146.62
TRI63913928597149016900,Nifty 50,2016-02-23,9467.41,8988.62
TRI63913928597149016900,Nifty 50,2016-02-24,9346.39,8873.72
TRI63913928597149016900,Nifty 50,2016-02-25,9282.38,8812.94
TRI63913928597149016900,Nifty 50,2016-02-26,9361.1,8887.69
TRI63913928597149016900,Nifty 50,2016-02-29,9304.26,8833.71
TRI63913928597149016900,Nifty 50,2016-03-01,9617.51,9131.13
TRI63913928597149016900,Nifty 50,2016-03-02,9812.68,9316.42
TRI63913928597149016900,Nifty 50,2016-03-03,9955.1,9451.66
TRI63913928597149016900,Nifty 50,2016-03-04,9968.09,9463.99
TRI63913928597149016900,Nifty 50,2016-03-08,9967.99,9463.9
TRI63913928597149016900,Nifty 50,2016-03-09,10029.96,9522.73
TRI63913928597149016900,Nifty 50,2016-03-10,9969.15,9465.0
TRI63913928597149016900,Nifty 50,2016-03-11,10001.18,9495.4
TRI63913928597149016900,Nifty 50,2016-03-14,10048.89,9541.19
TRI63913928597149016900,Nifty 50,2016-03-15,9944.76,9442.32
TRI63913928597149016900,Nifty 50,2016-03-16,9997.9,9492.89
TRI63913928597149016900,Nifty 50,2016-03-17,10021.13,9515.2
TRI63913928597149016900,Nifty 50,2016-03-18,10143.6,9631.49
TRI63913928597149016900,Nifty 50,2016-03-21,10278.3,9759.45
TRI63913928597149016900,Nifty 50,2016-03-22,10292.77,9773.21
TRI63913928597149016900,Nifty 50,2016-03-23,10294.93,9775.26
TRI63913928597149016900,Nifty 50,2016-03-28,10159.66,9646.82
TRI63913928597149016900,Nifty 50,2016-03-29,10135.49,9623.87
TRI63913928597149016900,Nifty 50,2016-03-30,10321.2,9800.27
TRI63913928597149016900,Nifty 50,2016-03-31,10325.5,9804.35
TRI63913928597149016900,Nifty 50,2016-04-01,10291.69,9772.25
TRI63913928597149016900,Nifty 50,2016-04-04,10352.69,9830.17
TRI63913928597149016900,Nifty 50,2016-04-05,10145.1,9633.06
TRI63913928598336545500,Nifty 50,2016-04-06,10159.98,9647.19
TRI63913928598336545500,Nifty 50,2016-04-07,10069.36,9561.14
TRI63913928598336545500,Nifty 50,2016-04-08,10081.01,9572.21
TRI63913928598336545500,Nifty 50,2016-04-11,10236.11,9719.48
TRI63913928598336545500,Nifty 50,2016-04-12,10286.18,9767.02
TRI63913928598336545500,Nifty 50,2016-04-13,10475.02,9946.33
TRI63913928598336545500,Nifty 50,2016-04-18,10560.74,10027.72
TRI63913928598336545500,Nifty 50,2016-04-20,10560.79,10027.77
TRI63913928598336545500,Nifty 50,2016-04-21,10557.22,10024.38
TRI63913928598336545500,Nifty 50,2016-04-22,10540.19,10008.21
TRI63913928598336545500,Nifty 50,2016-04-25,10481.12,9952.12
TRI63913928598336545500,Nifty 50,2016-04-26,10624.72,10088.47
TRI63913928598336545500,Nifty 50,2016-04-27,10647.74,10110.33
TRI63913928598336545500,Nifty 50,2016-04-28,10470.71,9942.24
TRI63913928598336545500,Nifty 50,2016-04-29,10474.15,9945.51
TRI63913928598336545500,Nifty 50,2016-05-02,10415.52,9889.84
TRI63913928598336545500,Nifty 50,2016-05-03,10336.97,9815.25
TRI63913928598336545500,Nifty 50,2016-05-04,10283.01,9764.01
TRI63913928598336545500,Nifty 50,2016-05-05,10322.82,9801.81
TRI63913928598336545500,Nifty 50,2016-05-06,10320.12,9799.24
TRI63913928598336545500,Nifty 50,2016-05-09,10497.09,9967.29
TRI63913928598336545500,Nifty 50,2016-05-10,10526.11,9994.84
TRI63913928598336545500,Nifty 50,2016-05-11,10474.1,9945.46
TRI63913928598336545500,Nifty 50,2016-05-12,10542.93,10010.81
TRI63913928598336545500,Nifty 50,2016-05-13,10428.78,9902.42
TRI63913928598336545500,Nifty 50,2016-05-16,10489.97,9960.52
TRI63913928598336545500,Nifty 50,2016-05-17,10530.03,9998.56
TRI63913928598336545500,Nifty 50,2016-05-18,10502.51,9972.43
TRI63913928598336545500,Nifty 50,2016-05-19,10386.75,9862.51
TRI63913928598336545500,Nifty 50,2016-05-20,10341.79,9819.82
TRI63913928598336545500,Nifty 50,2016-05-23,10316.91,9796.2
TRI63913928598336545500,Nifty 50,2016-05-24,10340.65,9818.74
TRI63913928598336545500,Nifty 50,2016-05-25,10588.92,10054.48
TRI63913928598336545500,Nifty 50,2016-05-26,10768.78,10225.26
TRI63913928598336545500,Nifty 50,2016-05-27,10884.88,10335.5
TRI63913928598336545500,Nifty 50,2016-05-30,10932.7,10380.91
TRI63913928598336545500,Nifty 50,2016-05-31,10908.07,10357.53
TRI63913928598336545500,Nifty 50,2016-06-01,10934.62,10382.73
TRI63913928598336545500,Nifty 50,2016-06-02,10986.77,10432.25
TRI63913928598336545500,Nifty 50,2016-06-03,10992.21,10437.41
TRI63913928598336545500,Nifty 50,2016-06-06,10972.45,10418.65
TRI63913928598336545500,Nifty 50,2016-06-07,11059.93,10501.72
TRI63913928598336545500,Nifty 50,2016-06-08,11068.75,10510.09
TRI63913928598336545500,Nifty 50,2016-06-09,10986.64,10432.12
TRI63913928598336545500,Nifty 50,2016-06-10,10941.7,10389.46
TRI63913928598336545500,Nifty 50,2016-06-13,10862.06,10313.83
TRI63913928598336545500,Nifty 50,2016-06-14,10859.76,10311.65
TRI63913928598336545500,Nifty 50,2016-06-15,10990.64,10435.92
TRI63913928598336545500,Nifty 50,2016-06-16,10913.97,10363.12
TRI63913928598336545500,Nifty 50,2016-06-17,10953.44,10400.6
TRI63913928598336545500,Nifty 50,2016-06-20,11045.03,10487.57
TRI63913928598336545500,Nifty 50,2016-06-21,11020.11,10463.91
TRI63913928598336545500,Nifty 50,2016-06-22,11000.82,10445.59
TRI63913928598336545500,Nifty 50,2016-06-23,11091.16,10531.37
TRI63913928598336545500,Nifty 50,2016-06-24,10847.29,10299.81
TRI63913928598336545500,Nifty 50,2016-06-27,10855.5,10307.6
TRI63913928598336545500,Nifty 50,2016-06-28,10899.91,10349.78
TRI63913928598336545500,Nifty 50,2016-06-29,11009.02,10453.38
TRI63913928598336545500,Nifty 50,2016-06-30,11121.39,10560.08
TRI63913928598336545500,Nifty 50,2016-07-01,11175.85,10567.81
TRI63913928598336545500,Nifty 50,2016-07-04,11233.09,10621.94
TRI63913928599367817000,Nifty 50,2016-07-05,11186.41,10577.79
TRI63913928599367817000,Nifty 50,2016-07-07,11192.11,10583.19
TRI63913928599367817000,Nifty 50,2016-07-08,11172.39,10564.54
TRI63913928599367817000,Nifty 50,2016-07-11,11366.82,10748.39
TRI63913928599367817000,Nifty 50,2016-07-12,11438.19,10815.88
TRI63913928599367817000,Nifty 50,2016-07-13,11436.09,10805.14
TRI63913928599367817000,Nifty 50,2016-07-14,11497.65,10863.3
TRI63913928599367817000,Nifty 50,2016-07-15,11474.04,10841.0
TRI63913928599367817000,Nifty 50,2016-07-18,11431.25,10800.57
TRI63913928599367817000,Nifty 50,2016-07-19,11457.95,10825.79
TRI63913928599367817000,Nifty 50,2016-07-20,11508.07,10873.15
TRI63913928599367817000,Nifty 50,2016-07-21,11435.64,10804.71
TRI63913928599367817000,Nifty 50,2016-07-22,11477.47,10844.24
TRI63913928599367817000,Nifty 50,2016-07-25,11606.29,10965.95
TRI63913928599367817000,Nifty 50,2016-07-26,11545.78,10908.78
TRI63913928599367817000,Nifty 50,2016-07-27,11579.64,10940.77
TRI63913928599367817000,Nifty 50,2016-07-28,11652.18,11009.31
TRI63913928599367817000,Nifty 50,2016-07-29,11614.8,10973.99
TRI63913928599367817000,Nifty 50,2016-08-01,11612.19,10971.53
TRI63913928599367817000,Nifty 50,2016-08-02,11594.65,10954.95
TRI63913928599367817000,Nifty 50,2016-08-03,11489.74,10855.83
TRI63913928599367817000,Nifty 50,2016-08-04,11498.13,10863.76
TRI63913928599367817000,Nifty 50,2016-08-05,11675.68,11031.51
TRI63913928599367817000,Nifty 50,2016-08-08,11713.58,11067.32
TRI63913928599367817000,Nifty 50,2016-08-09,11669.7,11025.86
TRI63913928599367817000,Nifty 50,2016-08-10,11532.49,10896.22
TRI63913928599367817000,Nifty 50,2016-08-11,11555.84,10918.28
TRI63913928599367817000,Nifty 50,2016-08-12,11663.43,11019.94
TRI63913928599367817000,Nifty 50,2016-08-16,11623.61,10982.31
TRI63913928599367817000,Nifty 50,2016-08-17,11598.72,10958.79
TRI63913928599367817000,Nifty 50,2016-08-18,11670.37,11026.5
TRI63913928599367817000,Nifty 50,2016-08-19,11661.82,11018.41
TRI63913928599367817000,Nifty 50,2016-08-22,11611.02,10970.42
TRI63913928599367817000,Nifty 50,2016-08-23,11615.7,10974.84
TRI63913928599367817000,Nifty 50,2016-08-24,11639.48,10997.31
TRI63913928599367817000,Nifty 50,2016-08-25,11561.34,10923.48
TRI63913928599367817000,Nifty 50,2016-08-26,11534.92,10898.51
TRI63913928599367817000,Nifty 50,2016-08-29,11581.83,10942.84
TRI63913928599367817000,Nifty 50,2016-08-30,11766.04,11116.89
TRI63913928599367817000,Nifty 50,2016-08-31,11826.19,11173.72
TRI63913928599367817000,Nifty 50,2016-09-01,11810.69,11159.07
TRI63913928599367817000,Nifty 50,2016-09-02,11857.76,11203.54
TRI63913928599367817000,Nifty 50,2016-09-06,12037.72,11373.57
TRI63913928599367817000,Nifty 50,2016-09-07,12005.43,11343.07
TRI63913928599367817000,Nifty 50,2016-09-08,12055.6,11390.47
TRI63913928599367817000,Nifty 50,2016-09-09,11940.12,11281.36
TRI63913928599367817000,Nifty 50,2016-09-12,11737.0,11089.45
TRI63913928599367817000,Nifty 50,2016-09-14,11751.93,11103.56
TRI63913928599367817000,Nifty 50,2016-09-15,11774.9,11125.25
TRI63913928599367817000,Nifty 50,2016-09-16,11825.12,11172.71
TRI63913928599367817000,Nifty 50,2016-09-19,11863.61,11209.08
TRI63913928599367817000,Nifty 50,2016-09-20,11819.83,11167.71
TRI63913928599367817000,Nifty 50,2016-09-21,11821.52,11169.31
TRI63913928599367817000,Nifty 50,2016-09-22,11943.44,11284.49
TRI63913928599367817000,Nifty 50,2016-09-23,11895.07,11238.8
TRI63913928599367817000,Nifty 50,2016-09-26,11748.91,11100.7
TRI63913928599367817000,Nifty 50,2016-09-27,11726.49,11079.52
TRI63913928599367817000,Nifty 50,2016-09-28,11778.71,11128.86
TRI63913928599367817000,Nifty 50,2016-09-29,11571.4,10932.98
TRI63913928599367817000,Nifty 50,2016-09-30,11598.22,10958.32
TRI63913928600602204600,Nifty 50,2016-10-03,11769.16,11119.84
TRI63913928600602204600,Nifty 50,2016-10-04,11811.04,11159.4
TRI63913928600602204600,Nifty 50,2016-10-05,11777.1,11127.33
TRI63913928600602204600,Nifty 50,2016-10-06,11730.75,11083.54
TRI63913928600602204600,Nifty 50,2016-10-07,11714.65,11068.34
TRI63913928600602204600,Nifty 50,2016-10-10,11729.75,11082.6
TRI63913928600602204600,Nifty 50,2016-10-13,11547.3,10910.22
TRI63913928600602204600,Nifty 50,2016-10-14,11560.81,10922.98
TRI63913928600602204600,Nifty 50,2016-10-17,11475.97,10842.82
TRI63913928600602204600,Nifty 50,2016-10-18,11688.13,11043.28
TRI63913928600602204600,Nifty 50,2016-10-19,11662.81,11019.35
TRI63913928600602204600,Nifty 50,2016-10-20,11717.04,11070.59
TRI63913928600602204600,Nifty 50,2016-10-21,11716.57,11070.14
TRI63913928600602204600,Nifty 50,2016-10-24,11739.24,11091.56
TRI63913928600602204600,Nifty 50,2016-10-25,11715.45,11069.09
TRI63913928600602204600,Nifty 50,2016-10-26,11612.99,10972.28
TRI63913928600602204600,Nifty 50,2016-10-27,11614.18,10973.4
TRI63913928600602204600,Nifty 50,2016-10-28,11644.89,11002.42
TRI63913928600602204600,Nifty 50,2016-10-30,11628.32,10986.76
TRI63913928600602204600,Nifty 50,2016-11-01,11631.33,10989.61
TRI63913928600602204600,Nifty 50,2016-11-02,11479.94,10846.57
TRI63913928600602204600,Nifty 50,2016-11-03,11443.72,10812.35
TRI63913928600602204600,Nifty 50,2016-11-04,11374.71,10747.14
TRI63913928600602204600,Nifty 50,2016-11-07,11460.08,10827.81
TRI63913928600602204600,Nifty 50,2016-11-08,11522.76,10887.02
TRI63913928600602204600,Nifty 50,2016-11-09,11372.35,10744.91
TRI63913928600602204600,Nifty 50,2016-11-10,11498.79,10864.38
TRI63913928600602204600,Nifty 50,2016-11-11,11189.3,10571.97
TRI63913928600602204600,Nifty 50,2016-11-15,10935.99,10332.63
TRI63913928600602204600,Nifty 50,2016-11-16,10940.23,10336.64
TRI63913928600602204600,Nifty 50,2016-11-17,10897.55,10296.31
TRI63913928600602204600,Nifty 50,2016-11-18,10889.64,10288.84
TRI63913928600602204600,Nifty 50,2016-11-21,10694.09,10104.08
TRI63913928600602204600,Nifty 50,2016-11-22,10792.82,10197.36
TRI63913928600602204600,Nifty 50,2016-11-23,10834.59,10236.83
TRI63913928600602204600,Nifty 50,2016-11-24,10743.28,10150.56
TRI63913928600602204600,Nifty 50,2016-11-25,10943.99,10340.19
TRI63913928600602204600,Nifty 50,2016-11-28,10960.97,10356.23
TRI63913928600602204600,Nifty 50,2016-11-29,10981.54,10375.66
TRI63913928600602204600,Nifty 50,2016-11-30,11092.59,10480.59
TRI63913928600602204600,Nifty 50,2016-12-01,11050.0,10440.35
TRI63913928600602204600,Nifty 50,2016-12-02,10906.86,10305.11
TRI63913928600602204600,Nifty 50,2016-12-05,10963.49,10358.61
TRI63913928600602204600,Nifty 50,2016-12-06,10982.89,10376.94
TRI63913928600602204600,Nifty 50,2016-12-07,10927.43,10324.54
TRI63913928600602204600,Nifty 50,2016-12-08,11122.75,10509.09
TRI63913928600602204600,Nifty 50,2016-12-09,11142.82,10528.05
TRI63913928600602204600,Nifty 50,2016-12-12,11020.15,10412.15
TRI63913928600602204600,Nifty 50,2016-12-13,11088.99,10477.19
TRI63913928600602204600,Nifty 50,2016-12-14,11035.88,10427.01
TRI63913928600602204600,Nifty 50,2016-12-15,10997.01,10378.88
TRI63913928600602204600,Nifty 50,2016-12-16,10977.91,10360.85
TRI63913928600602204600,Nifty 50,2016-12-19,10930.55,10316.16
TRI63913928600602204600,Nifty 50,2016-12-20,10900.96,10288.23
TRI63913928600602204600,Nifty 50,2016-12-21,10872.49,10261.36
TRI63913928600602204600,Nifty 50,2016-12-22,10761.65,10156.75
TRI63913928600602204600,Nifty 50,2016-12-23,10770.6,10165.19
TRI63913928600602204600,Nifty 50,2016-12-26,10666.06,10066.53
TRI63913928600602204600,Nifty 50,2016-12-27,10834.12,10225.15
TRI63913928600602204600,Nifty 50,2016-12-28,10836.85,10227.72
TRI63913928600602204600,Nifty 50,2016-12-29,10929.53,10315.19
TRI63913928600602204600,Nifty 50,2016-12-30,11040.41,10419.84
TRI63913928601617842000,Nifty 50,2017-01-02,11031.91,10411.82
TRI63913928601617842000,Nifty 50,2017-01-03,11049.08,10428.02
TRI63913928601617842000,Nifty 50,2017-01-04,11046.76,10425.83
TRI63913928601617842000,Nifty 50,2017-01-05,11159.12,10531.88
TRI63913928601617842000,Nifty 50,2017-01-06,11118.62,10493.66
TRI63913928601617842000,Nifty 50,2017-01-09,11108.2,10483.82
TRI63913928601617842000,Nifty 50,2017-01-10,11179.04,10550.68
TRI63913928601617842000,Nifty 50,2017-01-11,11303.19,10667.85
TRI63913928601617842000,Nifty 50,2017-01-12,11339.04,10701.69
TRI63913928601617842000,Nifty 50,2017-01-13,11329.78,10692.94
TRI63913928601617842000,Nifty 50,2017-01-16,11346.57,10708.79
TRI63913928601617842000,Nifty 50,2017-01-17,11326.62,10689.96
TRI63913928601617842000,Nifty 50,2017-01-18,11352.22,10714.12
TRI63913928601617842000,Nifty 50,2017-01-19,11376.62,10737.15
TRI63913928601617842000,Nifty 50,2017-01-20,11260.99,10628.02
TRI63913928601617842000,Nifty 50,2017-01-23,11319.09,10682.86
TRI63913928601617842000,Nifty 50,2017-01-24,11432.83,10790.21
TRI63913928601617842000,Nifty 50,2017-01-25,11604.09,10951.83
TRI63913928601617842000,Nifty 50,2017-01-27,11656.0,11000.83
TRI63913928601617842000,Nifty 50,2017-01-30,11644.53,10990.0
TRI63913928601617842000,Nifty 50,2017-01-31,11548.15,10899.04
TRI63913928601617842000,Nifty 50,2017-02-01,11758.63,11097.69
TRI63913928601617842000,Nifty 50,2017-02-02,11784.61,11122.21
TRI63913928601617842000,Nifty 50,2017-02-03,11793.62,11130.72
TRI63913928601617842000,Nifty 50,2017-02-06,11874.73,11207.26
TRI63913928601617842000,Nifty 50,2017-02-07,11832.78,11167.67
TRI63913928601617842000,Nifty 50,2017-02-08,11833.8,11168.64
TRI63913928601617842000,Nifty 50,2017-02-09,11846.42,11180.54
TRI63913928601617842000,Nifty 50,2017-02-10,11866.82,11199.8
TRI63913928601617842000,Nifty 50,2017-02-13,11882.38,11214.49
TRI63913928601617842000,Nifty 50,2017-02-14,11865.43,11198.49
TRI63913928601617842000,Nifty 50,2017-02-15,11776.57,11114.62
TRI63913928601617842000,Nifty 50,2017-02-16,11849.55,11183.5
TRI63913928601617842000,Nifty 50,2017-02-17,11908.56,11239.19
TRI63913928601617842000,Nifty 50,2017-02-20,11986.21,11312.47
TRI63913928601617842000,Nifty 50,2017-02-21,12024.88,11348.98
TRI63913928601617842000,Nifty 50,2017-02-22,12050.54,11373.2
TRI63913928601617842000,Nifty 50,2017-02-23,12067.61,11389.3
TRI63913928601617842000,Nifty 50,2017-02-27,12009.8,11334.74
TRI63913928601617842000,Nifty 50,2017-02-28,11990.44,11316.47
TRI63913928601617842000,Nifty 50,2017-03-01,12079.8,11400.81
TRI63913928601617842000,Nifty 50,2017-03-02,12017.63,11342.14
TRI63913928601617842000,Nifty 50,2017-03-03,12014.7,11339.37
TRI63913928601617842000,Nifty 50,2017-03-06,12103.68,11423.34
TRI63913928601617842000,Nifty 50,2017-03-07,12081.34,11402.26
TRI63913928601617842000,Nifty 50,2017-03-08,12050.77,11373.41
TRI63913928601617842000,Nifty 50,2017-03-09,12056.17,11374.77
TRI63913928601617842000,Nifty 50,2017-03-10,12066.4,11384.41
TRI63913928601617842000,Nifty 50,2017-03-14,12281.22,11587.09
TRI63913928601617842000,Nifty 50,2017-03-15,12278.23,11584.27
TRI63913928601617842000,Nifty 50,2017-03-16,12374.48,11675.08
TRI63913928601617842000,Nifty 50,2017-03-17,12383.04,11683.15
TRI63913928601617842000,Nifty 50,2017-03-20,12338.14,11640.8
TRI63913928601617842000,Nifty 50,2017-03-21,12330.92,11633.98
TRI63913928601617842000,Nifty 50,2017-03-22,12207.85,11517.87
TRI63913928601617842000,Nifty 50,2017-03-23,12283.35,11589.1
TRI63913928601617842000,Nifty 50,2017-03-24,12314.98,11618.94
TRI63913928601617842000,Nifty 50,2017-03-27,12230.63,11539.36
TRI63913928601617842000,Nifty 50,2017-03-28,12305.77,11610.25
TRI63913928601617842000,Nifty 50,2017-03-29,12363.95,11665.15
TRI63913928601617842000,Nifty 50,2017-03-30,12404.41,11703.32
TRI63913928601617842000,Nifty 50,2017-03-31,12406.69,11705.47
TRI63913928602758484800,Nifty 50,2017-04-03,12493.39,11787.27
TRI63913928602758484800,Nifty 50,2017-04-05,12530.31,11822.1
TRI63913928602758484800,Nifty 50,2017-04-06,12525.97,11818.01
TRI63913928602758484800,Nifty 50,2017-04-07,12439.9,11736.81
TRI63913928602758484800,Nifty 50,2017-04-10,12417.07,11715.27
TRI63913928602758484800,Nifty 50,2017-04-11,12492.24,11786.19
TRI63913928602758484800,Nifty 50,2017-04-12,12446.84,11743.35
TRI63913928602758484800,Nifty 50,2017-04-13,12375.68,11676.21
TRI63913928602758484800,Nifty 50,2017-04-17,12360.11,11661.52
TRI63913928602758484800,Nifty 50,2017-04-18,12313.9,11617.92
TRI63913928602758484800,Nifty 50,2017-04-19,12311.67,11615.82
TRI63913928602758484800,Nifty 50,2017-04-20,12356.2,11657.84
TRI63913928602758484800,Nifty 50,2017-04-21,12333.17,11636.11
TRI63913928602758484800,Nifty 50,2017-04-24,12466.46,11761.87
TRI63913928602758484800,Nifty 50,2017-04-25,12586.34,11874.97
TRI63913928602758484800,Nifty 50,2017-04-26,12647.53,11932.69
TRI63913928602758484800,Nifty 50,2017-04-27,12634.41,11920.32
TRI63913928602758484800,Nifty 50,2017-04-28,12582.88,11871.7
TRI63913928602758484800,Nifty 50,2017-05-02,12596.08,11884.16
TRI63913928602758484800,Nifty 50,2017-05-03,12593.58,11881.79
TRI63913928602758484800,Nifty 50,2017-05-04,12659.51,11944.0
TRI63913928602758484800,Nifty 50,2017-05-05,12558.6,11848.8
TRI63913928602758484800,Nifty 50,2017-05-08,12597.5,11885.5
TRI63913928602758484800,Nifty 50,2017-05-09,12601.23,11889.02
TRI63913928602758484800,Nifty 50,2017-05-10,12723.6,12004.46
TRI63913928602758484800,Nifty 50,2017-05-11,12743.99,12023.71
TRI63913928602758484800,Nifty 50,2017-05-12,12714.97,11996.32
TRI63913928602758484800,Nifty 50,2017-05-15,12775.11,12053.07
TRI63913928602758484800,Nifty 50,2017-05-16,12865.56,12138.4
TRI63913928602758484800,Nifty 50,2017-05-17,12883.83,12155.64
TRI63913928602758484800,Nifty 50,2017-05-18,12753.55,12032.73
TRI63913928602758484800,Nifty 50,2017-05-19,12751.43,12030.73
TRI63913928602758484800,Nifty 50,2017-05-22,12765.48,12043.98
TRI63913928602758484800,Nifty 50,2017-05-23,12695.02,11977.5
TRI63913928602758484800,Nifty 50,2017-05-24,12661.62,11945.99
TRI63913928602758484800,Nifty 50,2017-05-25,12863.38,12136.35
TRI63913928602758484800,Nifty 50,2017-05-26,12981.79,12248.06
TRI63913928602758484800,Nifty 50,2017-05-29,12996.61,12262.05
TRI63913928602758484800,Nifty 50,2017-05-30,13023.19,12287.12
TRI63913928602758484800,Nifty 50,2017-05-31,13018.69,12282.88
TRI63913928602758484800,Nifty 50,2017-06-01,13022.35,12286.33
TRI63913928602758484800,Nifty 50,2017-06-02,13072.98,12334.1
TRI63913928602758484800,Nifty 50,2017-06-05,13116.78,12375.42
TRI63913928602758484800,Nifty 50,2017-06-06,13065.33,12326.88
TRI63913928602758484800,Nifty 50,2017-06-07,13101.62,12361.12
TRI63913928602758484800,Nifty 50,2017-06-08,13079.63,12340.38
TRI63913928602758484800,Nifty 50,2017-06-09,13108.12,12367.25
TRI63913928602758484800,Nifty 50,2017-06-12,13037.83,12300.94
TRI63913928602758484800,Nifty 50,2017-06-13,13030.22,12283.87
TRI63913928602758484800,Nifty 50,2017-06-14,13045.44,12298.22
TRI63913928602758484800,Nifty 50,2017-06-15,12992.34,12248.15
TRI63913928602758484800,Nifty 50,2017-06-16,13005.86,12260.9
TRI63913928602758484800,Nifty 50,2017-06-19,13100.15,12349.79
TRI63913928602758484800,Nifty 50,2017-06-20,13099.92,12339.29
TRI63913928602758484800,Nifty 50,2017-06-21,13072.91,12313.85
TRI63913928602758484800,Nifty 50,2017-06-22,13070.98,12312.03
TRI63913928602758484800,Nifty 50,2017-06-23,12996.3,12241.69
TRI63913928602758484800,Nifty 50,2017-06-27,12910.01,12160.4
TRI63913928602758484800,Nifty 50,2017-06-28,12882.7,12134.68
TRI63913928602758484800,Nifty 50,2017-06-29,12908.13,12158.63
TRI63913928603649123700,Nifty 50,2017-06-30,12932.33,12181.43
TRI63913928603649123700,Nifty 50,2017-07-03,13060.15,12301.82
TRI63913928603649123700,Nifty 50,2017-07-04,13057.86,12299.68
TRI63913928603649123700,Nifty 50,2017-07-05,13091.36,12331.23
TRI63913928603649123700,Nifty 50,2017-07-06,13147.27,12383.89
TRI63913928603649123700,Nifty 50,2017-07-07,13135.35,12372.67
TRI63913928603649123700,Nifty 50,2017-07-10,13278.81,12507.79
TRI63913928603649123700,Nifty 50,2017-07-11,13299.17,12526.97
TRI63913928603649123700,Nifty 50,2017-07-12,13340.24,12565.66
TRI63913928603649123700,Nifty 50,2017-07-13,13452.22,12634.93
TRI63913928603649123700,Nifty 50,2017-07-14,13453.49,12636.12
TRI63913928603649123700,Nifty 50,2017-07-17,13494.64,12674.77
TRI63913928603649123700,Nifty 50,2017-07-18,13374.92,12562.32
TRI63913928603649123700,Nifty 50,2017-07-19,13473.52,12654.94
TRI63913928603649123700,Nifty 50,2017-07-20,13441.11,12624.5
TRI63913928603649123700,Nifty 50,2017-07-21,13498.25,12678.16
TRI63913928603649123700,Nifty 50,2017-07-24,13569.88,12745.44
TRI63913928603649123700,Nifty 50,2017-07-25,13567.66,12743.35
TRI63913928603649123700,Nifty 50,2017-07-26,13644.46,12815.49
TRI63913928603649123700,Nifty 50,2017-07-27,13646.34,12817.25
TRI63913928603649123700,Nifty 50,2017-07-28,13638.1,12809.51
TRI63913928603649123700,Nifty 50,2017-07-31,13724.19,12890.38
TRI63913928603649123700,Nifty 50,2017-08-01,13775.33,12938.41
TRI63913928603649123700,Nifty 50,2017-08-02,13731.63,12897.36
TRI63913928603649123700,Nifty 50,2017-08-03,13639.66,12810.98
TRI63913928603649123700,Nifty 50,2017-08-04,13711.47,12878.43
TRI63913928603649123700,Nifty 50,2017-08-07,13699.21,12866.92
TRI63913928603649123700,Nifty 50,2017-08-08,13591.81,12766.04
TRI63913928603649123700,Nifty 50,2017-08-09,13495.81,12675.87
TRI63913928603649123700,Nifty 50,2017-08-10,13377.05,12564.33
TRI63913928603649123700,Nifty 50,2017-08-11,13234.2,12430.16
TRI63913928603649123700,Nifty 50,2017-08-14,13347.75,12536.81
TRI63913928603649123700,Nifty 50,2017-08-16,13488.33,12668.84
TRI63913928603649123700,Nifty 50,2017-08-17,13497.69,12677.64
TRI63913928603649123700,Nifty 50,2017-08-18,13407.07,12592.53
TRI63913928603649123700,Nifty 50,2017-08-21,13293.88,12486.21
TRI63913928603649123700,Nifty 50,2017-08-22,13309.14,12500.54
TRI63913928603649123700,Nifty 50,2017-08-23,13427.67,12611.87
TRI63913928603649123700,Nifty 50,2017-08-24,13437.45,12621.06
TRI63913928603649123700,Nifty 50,2017-08-28,13513.48,12692.46
TRI63913928603649123700,Nifty 50,2017-08-29,13354.29,12542.95
TRI63913928603649123700,Nifty 50,2017-08-30,13474.73,12656.08
TRI63913928603649123700,Nifty 50,2017-08-31,13521.03,12699.56
TRI63913928603649123700,Nifty 50,2017-09-01,13598.09,12771.94
TRI63913928603649123700,Nifty 50,2017-09-04,13514.16,12693.1
TRI63913928603649123700,Nifty 50,2017-09-05,13568.38,12744.03
TRI63913928603649123700,Nifty 50,2017-09-06,13519.3,12697.93
TRI63913928603649123700,Nifty 50,2017-09-07,13539.91,12635.66
TRI63913928603649123700,Nifty 50,2017-09-08,13546.57,12641.87
TRI63913928603649123700,Nifty 50,2017-09-11,13646.37,12735.01
TRI63913928603649123700,Nifty 50,2017-09-12,13765.03,12845.74
TRI63913928603649123700,Nifty 50,2017-09-13,13746.3,12828.26
TRI63913928603649123700,Nifty 50,2017-09-14,13756.28,12837.58
TRI63913928603649123700,Nifty 50,2017-09-15,13754.62,12836.03
TRI63913928603649123700,Nifty 50,2017-09-18,13848.34,12923.49
TRI63913928603649123700,Nifty 50,2017-09-19,13840.78,12916.44
TRI63913928603649123700,Nifty 50,2017-09-20,13832.04,12908.28
TRI63913928603649123700,Nifty 50,2017-09-21,13806.6,12884.53
TRI63913928603649123700,Nifty 50,2017-09-22,13591.79,12684.07
TRI63913928603649123700,Nifty 50,2017-09-25,13466.53,12567.18
TRI63913928603649123700,Nifty 50,2017-09-26,13465.07,12565.82
TRI63913928603649123700,Nifty 50,2017-09-27,13279.85,12392.96
TRI63913928604789763300,Nifty 50,2017-09-28,13325.16,12435.25
TRI63913928604789763300,Nifty 50,2017-09-29,13351.99,12460.29
TRI63913928604789763300,Nifty 50,2017-10-03,13448.66,12550.5
TRI63913928604789763300,Nifty 50,2017-10-04,13524.27,12621.06
TRI63913928604789763300,Nifty 50,2017-10-05,13488.48,12587.66
TRI63913928604789763300,Nifty 50,2017-10-06,13612.63,12703.52
TRI63913928604789763300,Nifty 50,2017-10-09,13625.0,12715.07
TRI63913928604789763300,Nifty 50,2017-10-10,13663.44,12750.94
TRI63913928604789763300,Nifty 50,2017-10-11,13619.62,12710.04
TRI63913928604789763300,Nifty 50,2017-10-12,13771.84,12852.1
TRI63913928604789763300,Nifty 50,2017-10-13,13868.7,12942.49
TRI63913928604789763300,Nifty 50,2017-10-16,13955.22,13023.23
TRI63913928604789763300,Nifty 50,2017-10-17,13960.09,13027.78
TRI63913928604789763300,Nifty 50,2017-10-18,13927.92,12997.75
TRI63913928604789763300,Nifty 50,2017-10-19,13840.24,12915.92
TRI63913928604789763300,Nifty 50,2017-10-23,13892.48,12964.68
TRI63913928604789763300,Nifty 50,2017-10-24,13923.61,12993.73
TRI63913928604789763300,Nifty 50,2017-10-25,14044.44,13106.49
TRI63913928604789763300,Nifty 50,2017-10-26,14110.5,13168.14
TRI63913928604789763300,Nifty 50,2017-10-27,14082.21,13141.74
TRI63913928604789763300,Nifty 50,2017-10-30,14137.62,13193.45
TRI63913928604789763300,Nifty 50,2017-10-31,14108.55,13166.32
TRI63913928604789763300,Nifty 50,2017-11-01,14255.58,13303.53
TRI63913928604789763300,Nifty 50,2017-11-02,14232.79,13282.27
TRI63913928604789763300,Nifty 50,2017-11-03,14274.97,13321.63
TRI63913928604789763300,Nifty 50,2017-11-06,14274.03,13320.75
TRI63913928604789763300,Nifty 50,2017-11-07,14135.23,13191.22
TRI63913928604789763300,Nifty 50,2017-11-08,14071.02,13131.29
TRI63913928604789763300,Nifty 50,2017-11-09,14078.98,13138.72
TRI63913928604789763300,Nifty 50,2017-11-10,14096.45,13155.02
TRI63913928604789763300,Nifty 50,2017-11-13,13964.26,13031.67
TRI63913928604789763300,Nifty 50,2017-11-14,13911.87,12982.78
TRI63913928604789763300,Nifty 50,2017-11-15,13818.25,12895.41
TRI63913928604789763300,Nifty 50,2017-11-16,13950.33,13018.67
TRI63913928604789763300,Nifty 50,2017-11-17,14044.32,13106.38
TRI63913928604789763300,Nifty 50,2017-11-20,14065.05,13125.72
TRI63913928604789763300,Nifty 50,2017-11-21,14103.64,13161.74
TRI63913928604789763300,Nifty 50,2017-11-22,14124.68,13181.37
TRI63913928604789763300,Nifty 50,2017-11-23,14133.47,13189.58
TRI63913928604789763300,Nifty 50,2017-11-24,14189.41,13241.78
TRI63913928604789763300,Nifty 50,2017-11-27,14202.82,13254.3
TRI63913928604789763300,Nifty 50,2017-11-28,14162.79,13216.94
TRI63913928604789763300,Nifty 50,2017-11-29,14150.6,13205.56
TRI63913928604789763300,Nifty 50,2017-11-30,13966.58,13033.83
TRI63913928604789763300,Nifty 50,2017-12-01,13823.52,12900.33
TRI63913928604789763300,Nifty 50,2017-12-04,13831.66,12907.92
TRI63913928604789763300,Nifty 50,2017-12-05,13818.67,12895.8
TRI63913928604789763300,Nifty 50,2017-12-06,13717.36,12801.26
TRI63913928604789763300,Nifty 50,2017-12-07,13884.82,12957.53
TRI63913928604789763300,Nifty 50,2017-12-08,14019.95,13083.64
TRI63913928604789763300,Nifty 50,2017-12-11,14097.29,13155.81
TRI63913928604789763300,Nifty 50,2017-12-12,13985.11,13051.13
TRI63913928604789763300,Nifty 50,2017-12-13,13920.69,12991.01
TRI63913928604789763300,Nifty 50,2017-12-14,14001.49,13066.41
TRI63913928604789763300,Nifty 50,2017-12-15,14112.3,13169.82
TRI63913928604789763300,Nifty 50,2017-12-18,14188.11,13240.57
TRI63913928604789763300,Nifty 50,2017-12-19,14289.76,13335.43
TRI63913928604789763300,Nifty 50,2017-12-20,14263.81,13311.21
TRI63913928604789763300,Nifty 50,2017-12-21,14258.49,13285.91
TRI63913928604789763300,Nifty 50,2017-12-22,14330.49,13353.0
TRI63913928604789763300,Nifty 50,2017-12-26,14383.04,13401.96
TRI63913928606039783400,Nifty 50,2017-12-27,14327.42,13350.13
TRI63913928606039783400,Nifty 50,2017-12-28,14309.85,13333.77
TRI63913928606039783400,Nifty 50,2017-12-29,14381.92,13400.92
TRI63913928606039783400,Nifty 50,2018-01-01,14252.02,13279.87
TRI63913928606039783400,Nifty 50,2018-01-02,14261.1,13288.34
TRI63913928606039783400,Nifty 50,2018-01-03,14262.48,13289.62
TRI63913928606039783400,Nifty 50,2018-01-04,14346.59,13368.0
TRI63913928606039783400,Nifty 50,2018-01-05,14420.42,13436.79
TRI63913928606039783400,Nifty 50,2018-01-08,14508.81,13519.15
TRI63913928606039783400,Nifty 50,2018-01-09,14527.15,13536.24
TRI63913928606039783400,Nifty 50,2018-01-10,14520.56,13530.1
TRI63913928606039783400,Nifty 50,2018-01-11,14546.49,13554.26
TRI63913928606039783400,Nifty 50,2018-01-12,14587.54,13592.52
TRI63913928606039783400,Nifty 50,2018-01-15,14669.9,13669.25
TRI63913928606039783400,Nifty 50,2018-01-16,14613.79,13616.98
TRI63913928606039783400,Nifty 50,2018-01-17,14734.07,13729.05
TRI63913928606039783400,Nifty 50,2018-01-18,14774.67,13766.88
TRI63913928606039783400,Nifty 50,2018-01-19,14880.8,13865.77
TRI63913928606039783400,Nifty 50,2018-01-22,14979.72,13957.94
TRI63913928606039783400,Nifty 50,2018-01-23,15140.24,14107.51
TRI63913928606039783400,Nifty 50,2018-01-24,15143.35,14110.41
TRI63913928606039783400,Nifty 50,2018-01-25,15121.0,14089.59
TRI63913928606039783400,Nifty 50,2018-01-29,15204.42,14167.32
TRI63913928606039783400,Nifty 50,2018-01-30,15095.42,14065.75
TRI63913928606039783400,Nifty 50,2018-01-31,15065.82,14038.17
TRI63913928606039783400,Nifty 50,2018-02-01,15052.72,14025.96
TRI63913928606039783400,Nifty 50,2018-02-02,14702.49,13699.62
TRI63913928606039783400,Nifty 50,2018-02-05,14574.0,13579.9
TRI63913928606039783400,Nifty 50,2018-02-06,14344.02,13365.6
TRI63913928606039783400,Nifty 50,2018-02-07,14317.57,13340.96
TRI63913928606039783400,Nifty 50,2018-02-08,14463.16,13476.62
TRI63913928606039783400,Nifty 50,2018-02-09,14296.5,13321.32
TRI63913928606039783400,Nifty 50,2018-02-12,14412.46,13429.37
TRI63913928606039783400,Nifty 50,2018-02-14,14359.35,13379.88
TRI63913928606039783400,Nifty 50,2018-02-15,14422.85,13439.06
TRI63913928606039783400,Nifty 50,2018-02-16,14295.41,13320.31
TRI63913928606039783400,Nifty 50,2018-02-19,14194.28,13226.08
TRI63913928606039783400,Nifty 50,2018-02-20,14169.77,13203.23
TRI63913928606039783400,Nifty 50,2018-02-21,14220.48,13250.49
TRI63913928606039783400,Nifty 50,2018-02-22,14204.17,13235.29
TRI63913928606039783400,Nifty 50,2018-02-23,14352.4,13373.41
TRI63913928606039783400,Nifty 50,2018-02-26,14477.62,13490.09
TRI63913928606039783400,Nifty 50,2018-02-27,14438.9,13454.01
TRI63913928606039783400,Nifty 50,2018-02-28,14358.71,13379.29
TRI63913928606039783400,Nifty 50,2018-03-01,14311.52,13335.32
TRI63913928606039783400,Nifty 50,2018-03-05,14175.32,13208.41
TRI63913928606039783400,Nifty 50,2018-03-06,14025.34,13068.66
TRI63913928606039783400,Nifty 50,2018-03-07,13895.27,12947.46
TRI63913928606039783400,Nifty 50,2018-03-08,14016.3,13060.24
TRI63913928606039783400,Nifty 50,2018-03-09,13994.68,13040.09
TRI63913928606039783400,Nifty 50,2018-03-12,14260.92,13288.18
TRI63913928606039783400,Nifty 50,2018-03-13,14270.64,13297.22
TRI63913928606039783400,Nifty 50,2018-03-14,14248.81,13276.88
TRI63913928606039783400,Nifty 50,2018-03-15,14179.36,13200.67
TRI63913928606039783400,Nifty 50,2018-03-16,13961.14,12997.51
TRI63913928606039783400,Nifty 50,2018-03-19,13822.99,12868.9
TRI63913928606039783400,Nifty 50,2018-03-20,13878.17,12920.27
TRI63913928606039783400,Nifty 50,2018-03-21,13920.51,12959.69
TRI63913928606039783400,Nifty 50,2018-03-22,13867.01,12909.88
TRI63913928606039783400,Nifty 50,2018-03-23,13706.99,12760.91
TRI63913928606039783400,Nifty 50,2018-03-26,13888.82,12930.19
TRI63913928607055483000,Nifty 50,2018-03-27,13962.15,12994.42
TRI63913928607055483000,Nifty 50,2018-03-28,13865.57,12904.53
TRI63913928607055483000,Nifty 50,2018-04-02,14000.07,13029.71
TRI63913928607055483000,Nifty 50,2018-04-03,14045.55,13072.03
TRI63913928607055483000,Nifty 50,2018-04-04,13885.72,12923.28
TRI63913928607055483000,Nifty 50,2018-04-05,14155.47,13174.34
TRI63913928607055483000,Nifty 50,2018-04-06,14164.28,13182.53
TRI63913928607055483000,Nifty 50,2018-04-09,14229.77,13243.48
TRI63913928607055483000,Nifty 50,2018-04-10,14261.15,13272.69
TRI63913928607055483000,Nifty 50,2018-04-11,14281.6,13291.73
TRI63913928607055483000,Nifty 50,2018-04-12,14338.46,13344.64
TRI63913928607055483000,Nifty 50,2018-04-13,14368.56,13372.66
TRI63913928607055483000,Nifty 50,2018-04-16,14434.05,13433.61
TRI63913928607055483000,Nifty 50,2018-04-17,14461.97,13459.59
TRI63913928607055483000,Nifty 50,2018-04-18,14431.07,13430.83
TRI63913928607055483000,Nifty 50,2018-04-19,14484.7,13480.74
TRI63913928607055483000,Nifty 50,2018-04-20,14482.97,13479.14
TRI63913928607055483000,Nifty 50,2018-04-23,14511.28,13505.49
TRI63913928607055483000,Nifty 50,2018-04-24,14551.96,13543.34
TRI63913928607055483000,Nifty 50,2018-04-25,14491.88,13487.43
TRI63913928607055483000,Nifty 50,2018-04-26,14556.65,13547.71
TRI63913928607055483000,Nifty 50,2018-04-27,14658.83,13642.8
TRI63913928607055483000,Nifty 50,2018-04-30,14723.32,13702.82
TRI63913928607055483000,Nifty 50,2018-05-02,14695.26,13676.71
TRI63913928607055483000,Nifty 50,2018-05-03,14642.62,13627.72
TRI63913928607055483000,Nifty 50,2018-05-04,14558.42,13549.36
TRI63913928607055483000,Nifty 50,2018-05-07,14691.72,13673.42
TRI63913928607055483000,Nifty 50,2018-05-08,14694.93,13676.4
TRI63913928607055483000,Nifty 50,2018-05-09,14728.03,13707.21
TRI63913928607055483000,Nifty 50,2018-05-10,14693.55,13675.12
TRI63913928607055483000,Nifty 50,2018-05-11,14816.93,13789.95
TRI63913928607055483000,Nifty 50,2018-05-14,14817.01,13790.03
TRI63913928607055483000,Nifty 50,2018-05-15,14810.54,13784.0
TRI63913928607055483000,Nifty 50,2018-05-16,14727.26,13706.5
TRI63913928607055483000,Nifty 50,2018-05-17,14647.15,13631.93
TRI63913928607055483000,Nifty 50,2018-05-18,14528.82,13521.81
TRI63913928607055483000,Nifty 50,2018-05-21,14419.57,13420.13
TRI63913928607055483000,Nifty 50,2018-05-22,14446.97,13445.63
TRI63913928607055483000,Nifty 50,2018-05-23,14301.15,13309.92
TRI63913928607055483000,Nifty 50,2018-05-24,14415.65,13416.48
TRI63913928607055483000,Nifty 50,2018-05-25,14556.18,13547.27
TRI63913928607055483000,Nifty 50,2018-05-28,14670.76,13653.91
TRI63913928607055483000,Nifty 50,2018-05-29,14594.78,13583.2
TRI63913928607055483000,Nifty 50,2018-05-30,14568.75,13558.97
TRI63913928607055483000,Nifty 50,2018-05-31,14750.26,13677.46
TRI63913928607055483000,Nifty 50,2018-06-01,14695.4,13626.59
TRI63913928607055483000,Nifty 50,2018-06-04,14604.11,13541.94
TRI63913928607055483000,Nifty 50,2018-06-05,14555.52,13496.88
TRI63913928607055483000,Nifty 50,2018-06-06,14681.25,13613.47
TRI63913928607055483000,Nifty 50,2018-06-07,14796.24,13720.1
TRI63913928607055483000,Nifty 50,2018-06-08,14795.31,13719.23
TRI63913928607055483000,Nifty 50,2018-06-11,14821.8,13743.79
TRI63913928607055483000,Nifty 50,2018-06-12,14898.66,13815.07
TRI63913928607055483000,Nifty 50,2018-06-13,14917.68,13832.7
TRI63913928607055483000,Nifty 50,2018-06-14,14871.97,13790.32
TRI63913928607055483000,Nifty 50,2018-06-15,14885.3,13802.68
TRI63913928607055483000,Nifty 50,2018-06-18,14860.73,13779.89
TRI63913928607055483000,Nifty 50,2018-06-19,14737.7,13665.81
TRI63913928607055483000,Nifty 50,2018-06-20,14822.46,13744.41
TRI63913928607055483000,Nifty 50,2018-06-21,14782.87,13707.7
TRI63913928607055483000,Nifty 50,2018-06-22,14894.02,13810.76
TRI63913928608274175300,Nifty 50,2018-06-25,14812.28,13734.97
TRI63913928608274175300,Nifty 50,2018-06-26,14821.45,13743.47
TRI63913928608274175300,Nifty 50,2018-06-27,14694.16,13625.44
TRI63913928608274175300,Nifty 50,2018-06-28,14581.53,13521.0
TRI63913928608274175300,Nifty 50,2018-06-29,14753.91,13680.84
TRI63913928608274175300,Nifty 50,2018-07-02,14675.42,13608.06
TRI63913928608274175300,Nifty 50,2018-07-03,14734.11,13662.48
TRI63913928608274175300,Nifty 50,2018-07-04,14830.5,13751.86
TRI63913928608274175300,Nifty 50,2018-07-05,14808.54,13731.5
TRI63913928608274175300,Nifty 50,2018-07-06,14840.13,13760.79
TRI63913928608274175300,Nifty 50,2018-07-09,14951.2,13863.79
TRI63913928608274175300,Nifty 50,2018-07-10,15081.6,13984.7
TRI63913928608274175300,Nifty 50,2018-07-11,15085.15,13987.99
TRI63913928608274175300,Nifty 50,2018-07-12,15190.82,14085.97
TRI63913928608274175300,Nifty 50,2018-07-13,15184.88,14080.46
TRI63913928608274175300,Nifty 50,2018-07-16,15072.66,13976.41
TRI63913928608274175300,Nifty 50,2018-07-17,15172.31,14068.82
TRI63913928608274175300,Nifty 50,2018-07-18,15135.57,14034.74
TRI63913928608274175300,Nifty 50,2018-07-19,15116.83,14017.37
TRI63913928608274175300,Nifty 50,2018-07-20,15190.13,14085.34
TRI63913928608274175300,Nifty 50,2018-07-23,15293.5,14181.19
TRI63913928608274175300,Nifty 50,2018-07-24,15361.88,14244.59
TRI63913928608274175300,Nifty 50,2018-07-25,15358.72,14241.66
TRI63913928608274175300,Nifty 50,2018-07-26,15410.93,14290.08
TRI63913928608274175300,Nifty 50,2018-07-27,15564.19,14432.19
TRI63913928608274175300,Nifty 50,2018-07-30,15621.47,14485.3
TRI63913928608274175300,Nifty 50,2018-07-31,15672.47,14532.6
TRI63913928608274175300,Nifty 50,2018-08-01,15658.27,14519.43
TRI63913928608274175300,Nifty 50,2018-08-02,15520.25,14391.45
TRI63913928608274175300,Nifty 50,2018-08-03,15680.51,14540.05
TRI63913928608274175300,Nifty 50,2018-08-06,15716.78,14573.68
TRI63913928608274175300,Nifty 50,2018-08-07,15720.05,14576.72
TRI63913928608274175300,Nifty 50,2018-08-08,15803.64,14654.22
TRI63913928608274175300,Nifty 50,2018-08-09,15833.23,14681.67
TRI63913928608274175300,Nifty 50,2018-08-10,15776.32,14628.9
TRI63913928608274175300,Nifty 50,2018-08-13,15676.23,14536.09
TRI63913928608274175300,Nifty 50,2018-08-14,15796.36,14647.48
TRI63913928608274175300,Nifty 50,2018-08-16,15727.25,14583.39
TRI63913928608274175300,Nifty 50,2018-08-17,15845.64,14693.17
TRI63913928608274175300,Nifty 50,2018-08-20,15959.04,14798.32
TRI63913928608274175300,Nifty 50,2018-08-21,15985.48,14822.84
TRI63913928608274175300,Nifty 50,2018-08-23,16001.85,14838.02
TRI63913928608274175300,Nifty 50,2018-08-24,15969.8,14808.31
TRI63913928608274175300,Nifty 50,2018-08-27,16156.09,14981.04
TRI63913928608274175300,Nifty 50,2018-08-28,16220.45,15040.72
TRI63913928608274175300,Nifty 50,2018-08-29,16156.02,14980.97
TRI63913928608274175300,Nifty 50,2018-08-30,16135.61,14962.05
TRI63913928608274175300,Nifty 50,2018-08-31,16143.51,14969.37
TRI63913928608274175300,Nifty 50,2018-09-03,16007.84,14843.57
TRI63913928608274175300,Nifty 50,2018-09-04,15922.09,14682.51
TRI63913928608274175300,Nifty 50,2018-09-05,15862.15,14627.23
TRI63913928608274175300,Nifty 50,2018-09-06,15947.67,14706.09
TRI63913928608274175300,Nifty 50,2018-09-07,16019.84,14772.65
TRI63913928608274175300,Nifty 50,2018-09-10,15813.26,14582.15
TRI63913928608274175300,Nifty 50,2018-09-11,15605.11,14390.2
TRI63913928608274175300,Nifty 50,2018-09-12,15719.62,14495.79
TRI63913928608274175300,Nifty 50,2018-09-14,15920.48,14681.01
TRI63913928608274175300,Nifty 50,2018-09-17,15731.26,14506.53
TRI63913928608274175300,Nifty 50,2018-09-18,15594.57,14380.48
TRI63913928608274175300,Nifty 50,2018-09-19,15534.28,14324.89
TRI63913928608274175300,Nifty 50,2018-09-21,15408.16,14208.58
TRI63913928609305749400,Nifty 50,2018-09-24,15165.18,13984.52
TRI63913928609305749400,Nifty 50,2018-09-25,15303.55,14112.12
TRI63913928609305749400,Nifty 50,2018-09-26,15284.67,14094.7
TRI63913928609305749400,Nifty 50,2018-09-27,15179.24,13997.49
TRI63913928609305749400,Nifty 50,2018-09-28,15114.08,13937.4
TRI63913928609305749400,Nifty 50,2018-10-01,15221.75,14036.69
TRI63913928609305749400,Nifty 50,2018-10-03,15014.23,13845.32
TRI63913928609305749400,Nifty 50,2018-10-04,14656.09,13515.07
TRI63913928609305749400,Nifty 50,2018-10-05,14265.08,13154.5
TRI63913928609305749400,Nifty 50,2018-10-08,14308.79,13194.8
TRI63913928609305749400,Nifty 50,2018-10-09,14243.79,13134.86
TRI63913928609305749400,Nifty 50,2018-10-10,14463.71,13337.67
TRI63913928609305749400,Nifty 50,2018-10-11,14152.0,13050.22
TRI63913928609305749400,Nifty 50,2018-10-12,14480.86,13353.48
TRI63913928609305749400,Nifty 50,2018-10-15,14536.17,13404.48
TRI63913928609305749400,Nifty 50,2018-10-16,14636.1,13496.63
TRI63913928609305749400,Nifty 50,2018-10-17,14453.94,13328.65
TRI63913928609305749400,Nifty 50,2018-10-19,14247.22,13138.02
TRI63913928609305749400,Nifty 50,2018-10-22,14166.64,13063.72
TRI63913928609305749400,Nifty 50,2018-10-23,14031.96,12939.52
TRI63913928609305749400,Nifty 50,2018-10-24,14139.75,13038.93
TRI63913928609305749400,Nifty 50,2018-10-25,14014.33,12923.27
TRI63913928609305749400,Nifty 50,2018-10-26,13882.95,12802.12
TRI63913928609305749400,Nifty 50,2018-10-29,14189.11,13084.44
TRI63913928609305749400,Nifty 50,2018-10-30,14116.91,13017.86
TRI63913928609305749400,Nifty 50,2018-10-31,14377.38,13258.06
TRI63913928609305749400,Nifty 50,2018-11-01,14371.1,13252.26
TRI63913928609305749400,Nifty 50,2018-11-02,14609.96,13472.52
TRI63913928609305749400,Nifty 50,2018-11-05,14570.98,13436.58
TRI63913928609305749400,Nifty 50,2018-11-06,14579.28,13444.23
TRI63913928609305749400,Nifty 50,2018-11-07,14673.98,13531.56
TRI63913928609305749400,Nifty 50,2018-11-09,14655.69,13514.7
TRI63913928609305749400,Nifty 50,2018-11-12,14513.12,13383.23
TRI63913928609305749400,Nifty 50,2018-11-13,14651.98,13511.27
TRI63913928609305749400,Nifty 50,2018-11-14,14643.42,13503.38
TRI63913928609305749400,Nifty 50,2018-11-15,14699.33,13554.94
TRI63913928609305749400,Nifty 50,2018-11-16,14790.05,13638.59
TRI63913928609305749400,Nifty 50,2018-11-19,14902.44,13742.24
TRI63913928609305749400,Nifty 50,2018-11-20,14754.03,13605.38
TRI63913928609305749400,Nifty 50,2018-11-21,14676.29,13533.69
TRI63913928609305749400,Nifty 50,2018-11-22,14574.82,13440.12
TRI63913928609305749400,Nifty 50,2018-11-26,14715.81,13570.13
TRI63913928609305749400,Nifty 50,2018-11-27,14794.7,13642.88
TRI63913928609305749400,Nifty 50,2018-11-28,14854.61,13698.13
TRI63913928609305749400,Nifty 50,2018-11-29,15034.36,13863.89
TRI63913928609305749400,Nifty 50,2018-11-30,15059.37,13886.95
TRI63913928609305749400,Nifty 50,2018-12-03,15069.07,13895.9
TRI63913928609305749400,Nifty 50,2018-12-04,15049.32,13877.68
TRI63913928609305749400,Nifty 50,2018-12-05,14929.43,13767.12
TRI63913928609305749400,Nifty 50,2018-12-06,14677.79,13535.07
TRI63913928609305749400,Nifty 50,2018-12-07,14805.93,13653.24
TRI63913928609305749400,Nifty 50,2018-12-10,14521.73,13391.17
TRI63913928609305749400,Nifty 50,2018-12-11,14605.79,13468.68
TRI63913928609305749400,Nifty 50,2018-12-12,14866.71,13709.29
TRI63913928609305749400,Nifty 50,2018-12-13,14941.4,13778.17
TRI63913928609305749400,Nifty 50,2018-12-14,14960.64,13795.9
TRI63913928609305749400,Nifty 50,2018-12-17,15075.46,13901.78
TRI63913928609305749400,Nifty 50,2018-12-18,15103.63,13927.76
TRI63913928609305749400,Nifty 50,2018-12-19,15184.78,14002.6
TRI63913928609305749400,Nifty 50,2018-12-20,15163.14,13982.64
TRI63913928609305749400,Nifty 50,2018-12-21,14894.42,13734.84
TRI63913928610321349400,Nifty 50,2018-12-24,14769.13,13619.3
TRI63913928610321349400,Nifty 50,2018-12-26,14860.97,13703.99
TRI63913928610321349400,Nifty 50,2018-12-27,14930.18,13767.81
TRI63913928610321349400,Nifty 50,2018-12-28,15045.34,13874.01
TRI63913928610321349400,Nifty 50,2018-12-31,15048.98,13877.37
TRI63913928610321349400,Nifty 50,2019-01-01,15114.9,13938.15
TRI63913928610321349400,Nifty 50,2019-01-02,14951.96,13787.9
TRI63913928610321349400,Nifty 50,2019-01-03,14785.38,13634.29
TRI63913928610321349400,Nifty 50,2019-01-04,14861.69,13704.66
TRI63913928610321349400,Nifty 50,2019-01-07,14923.27,13761.44
TRI63913928610321349400,Nifty 50,2019-01-08,14965.34,13800.24
TRI63913928610321349400,Nifty 50,2019-01-09,15038.74,13867.93
TRI63913928610321349400,Nifty 50,2019-01-10,14992.23,13825.04
TRI63913928610321349400,Nifty 50,2019-01-11,14955.33,13791.01
TRI63913928610321349400,Nifty 50,2019-01-14,14875.92,13717.78
TRI63913928610321349400,Nifty 50,2019-01-15,15082.59,13908.36
TRI63913928610321349400,Nifty 50,2019-01-16,15087.41,13912.81
TRI63913928610321349400,Nifty 50,2019-01-17,15109.54,13933.21
TRI63913928610321349400,Nifty 50,2019-01-18,15111.95,13935.43
TRI63913928610321349400,Nifty 50,2019-01-21,15188.0,14005.56
TRI63913928610321349400,Nifty 50,2019-01-22,15133.83,13955.61
TRI63913928610321349400,Nifty 50,2019-01-23,15007.4,13839.02
TRI63913928610321349400,Nifty 50,2019-01-24,15038.07,13867.31
TRI63913928610321349400,Nifty 50,2019-01-25,14942.09,13778.8
TRI63913928610321349400,Nifty 50,2019-01-28,14777.11,13626.66
TRI63913928610321349400,Nifty 50,2019-01-29,14764.59,13615.11
TRI63913928610321349400,Nifty 50,2019-01-30,14764.02,13614.59
TRI63913928610321349400,Nifty 50,2019-01-31,15012.34,13843.58
TRI63913928610321349400,Nifty 50,2019-02-01,15099.21,13923.68
TRI63913928610321349400,Nifty 50,2019-02-04,15125.02,13947.48
TRI63913928610321349400,Nifty 50,2019-02-05,15155.99,13976.05
TRI63913928610321349400,Nifty 50,2019-02-06,15337.8,14143.7
TRI63913928610321349400,Nifty 50,2019-02-07,15347.41,14152.56
TRI63913928610321349400,Nifty 50,2019-02-08,15173.02,13991.75
TRI63913928610321349400,Nifty 50,2019-02-11,15100.61,13924.98
TRI63913928610321349400,Nifty 50,2019-02-12,15023.02,13853.43
TRI63913928610321349400,Nifty 50,2019-02-13,14970.62,13805.11
TRI63913928610321349400,Nifty 50,2019-02-14,14906.26,13745.76
TRI63913928610321349400,Nifty 50,2019-02-15,14876.27,13718.11
TRI63913928610321349400,Nifty 50,2019-02-18,14760.48,13611.32
TRI63913928610321349400,Nifty 50,2019-02-19,14709.75,13564.55
TRI63913928610321349400,Nifty 50,2019-02-20,14891.6,13732.24
TRI63913928610321349400,Nifty 50,2019-02-21,14970.12,13804.65
TRI63913928610321349400,Nifty 50,2019-02-22,14972.58,13806.92
TRI63913928610321349400,Nifty 50,2019-02-25,15095.33,13920.1
TRI63913928610321349400,Nifty 50,2019-02-26,15033.15,13862.77
TRI63913928610321349400,Nifty 50,2019-02-27,14993.45,13826.16
TRI63913928610321349400,Nifty 50,2019-02-28,14979.39,13813.2
TRI63913928610321349400,Nifty 50,2019-03-01,15077.91,13904.05
TRI63913928610321349400,Nifty 50,2019-03-05,15249.97,14062.71
TRI63913928610321349400,Nifty 50,2019-03-06,15340.93,14140.58
TRI63913928610321349400,Nifty 50,2019-03-07,15348.14,14147.23
TRI63913928610321349400,Nifty 50,2019-03-08,15316.51,14118.08
TRI63913928610321349400,Nifty 50,2019-03-11,15500.61,14287.77
TRI63913928610321349400,Nifty 50,2019-03-12,15685.41,14458.12
TRI63913928610321349400,Nifty 50,2019-03-13,15742.86,14511.07
TRI63913928610321349400,Nifty 50,2019-03-14,15749.67,14517.34
TRI63913928610321349400,Nifty 50,2019-03-15,15867.74,14626.18
TRI63913928610321349400,Nifty 50,2019-03-18,15916.8,14671.4
TRI63913928610321349400,Nifty 50,2019-03-19,16014.33,14756.06
TRI63913928610321349400,Nifty 50,2019-03-20,15998.51,14741.49
TRI63913928611540199100,Nifty 50,2019-03-22,15912.88,14662.58
TRI63913928611540199100,Nifty 50,2019-03-25,15770.26,14531.17
TRI63913928611540199100,Nifty 50,2019-03-26,15949.46,14696.29
TRI63913928611540199100,Nifty 50,2019-03-27,15897.65,14648.55
TRI63913928611540199100,Nifty 50,2019-03-28,16071.26,14808.51
TRI63913928611540199100,Nifty 50,2019-03-29,16146.11,14877.49
TRI63913928611540199100,Nifty 50,2019-04-01,16208.94,14935.38
TRI63913928611540199100,Nifty 50,2019-04-02,16270.13,14991.76
TRI63913928611540199100,Nifty 50,2019-04-03,16173.92,14903.11
TRI63913928611540199100,Nifty 50,2019-04-04,16110.09,14844.3
TRI63913928611540199100,Nifty 50,2019-04-05,16204.48,14931.27
TRI63913928611540199100,Nifty 50,2019-04-08,16119.14,14852.63
TRI63913928611540199100,Nifty 50,2019-04-09,16212.81,14938.95
TRI63913928611540199100,Nifty 50,2019-04-10,16091.08,14826.78
TRI63913928611540199100,Nifty 50,2019-04-11,16108.32,14842.66
TRI63913928611540199100,Nifty 50,2019-04-12,16173.27,14902.51
TRI63913928611540199100,Nifty 50,2019-04-15,16238.41,14962.54
TRI63913928611540199100,Nifty 50,2019-04-16,16372.86,15086.42
TRI63913928611540199100,Nifty 50,2019-04-18,16325.13,15042.44
TRI63913928611540199100,Nifty 50,2019-04-22,16105.19,14839.78
TRI63913928611540199100,Nifty 50,2019-04-23,16079.51,14816.12
TRI63913928611540199100,Nifty 50,2019-04-24,16288.16,15008.37
TRI63913928611540199100,Nifty 50,2019-04-25,16170.98,14900.4
TRI63913928611540199100,Nifty 50,2019-04-26,16327.7,15044.81
TRI63913928611540199100,Nifty 50,2019-04-30,16318.66,15036.48
TRI63913928611540199100,Nifty 50,2019-05-02,16286.18,15006.55
TRI63913928611540199100,Nifty 50,2019-05-03,16268.79,14990.53
TRI63913928611540199100,Nifty 50,2019-05-06,16110.44,14844.62
TRI63913928611540199100,Nifty 50,2019-05-07,15974.41,14719.28
TRI63913928611540199100,Nifty 50,2019-05-08,15782.09,14542.06
TRI63913928611540199100,Nifty 50,2019-05-09,15701.95,14468.22
TRI63913928611540199100,Nifty 50,2019-05-10,15670.18,14438.95
TRI63913928611540199100,Nifty 50,2019-05-13,15488.6,14271.64
TRI63913928611540199100,Nifty 50,2019-05-14,15591.19,14366.17
TRI63913928611540199100,Nifty 50,2019-05-15,15500.82,14282.89
TRI63913928611540199100,Nifty 50,2019-05-16,15640.22,14411.35
TRI63913928611540199100,Nifty 50,2019-05-17,15848.71,14603.45
TRI63913928611540199100,Nifty 50,2019-05-20,16433.77,15142.55
TRI63913928611540199100,Nifty 50,2019-05-21,16268.26,14990.04
TRI63913928611540199100,Nifty 50,2019-05-22,16325.28,15042.58
TRI63913928611540199100,Nifty 50,2019-05-23,16212.78,14938.92
TRI63913928611540199100,Nifty 50,2019-05-24,16472.95,15178.64
TRI63913928611540199100,Nifty 50,2019-05-27,16585.13,15282.01
TRI63913928611540199100,Nifty 50,2019-05-28,16591.7,15288.07
TRI63913928611540199100,Nifty 50,2019-05-29,16497.62,15201.38
TRI63913928611540199100,Nifty 50,2019-05-30,16615.59,15310.08
TRI63913928611540199100,Nifty 50,2019-05-31,16583.46,15280.47
TRI63913928611540199100,Nifty 50,2019-06-03,16815.25,15494.05
TRI63913928611540199100,Nifty 50,2019-06-04,16728.74,15414.34
TRI63913928611540199100,Nifty 50,2019-06-06,16481.14,15186.2
TRI63913928611540199100,Nifty 50,2019-06-07,16518.62,15220.73
TRI63913928611540199100,Nifty 50,2019-06-10,16590.99,15287.41
TRI63913928611540199100,Nifty 50,2019-06-11,16650.75,15342.47
TRI63913928611540199100,Nifty 50,2019-06-12,16568.09,15266.31
TRI63913928611540199100,Nifty 50,2019-06-13,16593.97,15290.15
TRI63913928611540199100,Nifty 50,2019-06-14,16467.55,15173.67
TRI63913928611540199100,Nifty 50,2019-06-17,16257.06,14979.72
TRI63913928611540199100,Nifty 50,2019-06-18,16283.98,15004.53
TRI63913928611540199100,Nifty 50,2019-06-19,16283.94,15004.49
TRI63913928612790234100,Nifty 50,2019-06-20,16493.65,15197.72
TRI63913928612790234100,Nifty 50,2019-06-21,16343.59,15059.45
TRI63913928612790234100,Nifty 50,2019-06-24,16309.52,15028.06
TRI63913928612790234100,Nifty 50,2019-06-25,16444.46,15152.39
TRI63913928612790234100,Nifty 50,2019-06-26,16515.68,15218.02
TRI63913928612790234100,Nifty 50,2019-06-27,16507.34,15210.34
TRI63913928612790234100,Nifty 50,2019-06-28,16433.85,15142.62
TRI63913928612790234100,Nifty 50,2019-07-01,16540.88,15241.24
TRI63913928612790234100,Nifty 50,2019-07-02,16603.17,15291.83
TRI63913928612790234100,Nifty 50,2019-07-03,16612.16,15300.11
TRI63913928612790234100,Nifty 50,2019-07-04,16658.04,15342.36
TRI63913928612790234100,Nifty 50,2019-07-05,16468.99,15168.25
TRI63913928612790234100,Nifty 50,2019-07-08,16118.27,14845.23
TRI63913928612790234100,Nifty 50,2019-07-09,16114.46,14834.03
TRI63913928612790234100,Nifty 50,2019-07-10,16035.44,14761.29
TRI63913928612790234100,Nifty 50,2019-07-11,16155.78,14872.06
TRI63913928612790234100,Nifty 50,2019-07-12,16113.75,14833.37
TRI63913928612790234100,Nifty 50,2019-07-15,16165.28,14880.81
TRI63913928612790234100,Nifty 50,2019-07-16,16272.08,14979.12
TRI63913928612790234100,Nifty 50,2019-07-17,16306.82,15011.1
TRI63913928612790234100,Nifty 50,2019-07-18,16183.16,14897.26
TRI63913928612790234100,Nifty 50,2019-07-19,15945.55,14678.53
TRI63913928612790234100,Nifty 50,2019-07-22,15845.74,14586.66
TRI63913928612790234100,Nifty 50,2019-07-23,15824.55,14567.15
TRI63913928612790234100,Nifty 50,2019-07-24,15749.37,14497.95
TRI63913928612790234100,Nifty 50,2019-07-25,15725.6,14476.06
TRI63913928612790234100,Nifty 50,2019-07-26,15770.63,14517.51
TRI63913928612790234100,Nifty 50,2019-07-29,15638.42,14395.81
TRI63913928612790234100,Nifty 50,2019-07-30,15493.33,14262.25
TRI63913928612790234100,Nifty 50,2019-07-31,15539.43,14304.68
TRI63913928612790234100,Nifty 50,2019-08-01,15350.83,14131.07
TRI63913928612790234100,Nifty 50,2019-08-02,15382.73,14160.43
TRI63913928612790234100,Nifty 50,2019-08-05,15194.27,13986.95
TRI63913928612790234100,Nifty 50,2019-08-06,15314.03,14097.2
TRI63913928612790234100,Nifty 50,2019-08-07,15184.34,13977.81
TRI63913928612790234100,Nifty 50,2019-08-08,15434.73,14208.3
TRI63913928612790234100,Nifty 50,2019-08-09,15542.72,14307.71
TRI63913928612790234100,Nifty 50,2019-08-13,15289.35,14074.48
TRI63913928612790234100,Nifty 50,2019-08-14,15438.86,14212.1
TRI63913928612790234100,Nifty 50,2019-08-16,15464.58,14235.79
TRI63913928612790234100,Nifty 50,2019-08-19,15476.07,14246.36
TRI63913928612790234100,Nifty 50,2019-08-20,15425.45,14199.76
TRI63913928612790234100,Nifty 50,2019-08-21,15290.85,14075.86
TRI63913928612790234100,Nifty 50,2019-08-22,15045.62,13850.11
TRI63913928612790234100,Nifty 50,2019-08-23,15168.88,13963.58
TRI63913928612790234100,Nifty 50,2019-08-26,15488.96,14258.22
TRI63913928612790234100,Nifty 50,2019-08-27,15555.44,14319.42
TRI63913928612790234100,Nifty 50,2019-08-28,15472.44,14243.02
TRI63913928612790234100,Nifty 50,2019-08-29,15335.45,14116.92
TRI63913928612790234100,Nifty 50,2019-08-30,15440.47,14213.58
TRI63913928612790234100,Nifty 50,2019-09-03,15124.8,13923.0
TRI63913928612790234100,Nifty 50,2019-09-04,15190.3,13983.29
TRI63913928612790234100,Nifty 50,2019-09-05,15194.86,13987.5
TRI63913928612790234100,Nifty 50,2019-09-06,15332.57,14114.26
TRI63913928612790234100,Nifty 50,2019-09-09,15412.14,14187.51
TRI63913928612790234100,Nifty 50,2019-09-11,15457.9,14229.64
TRI63913928612790234100,Nifty 50,2019-09-12,15383.82,14161.44
TRI63913928612790234100,Nifty 50,2019-09-13,15514.2,14281.46
TRI63913928612790234100,Nifty 50,2019-09-16,15412.83,14188.14
TRI63913928612790234100,Nifty 50,2019-09-17,15152.39,13948.4
TRI63913928613993273100,Nifty 50,2019-09-18,15184.69,13978.14
TRI63913928613993273100,Nifty 50,2019-09-19,14994.39,13802.96
TRI63913928613993273100,Nifty 50,2019-09-20,15791.99,14537.18
TRI63913928613993273100,Nifty 50,2019-09-23,16248.62,14957.53
TRI63913928613993273100,Nifty 50,2019-09-24,16231.83,14942.07
TRI63913928613993273100,Nifty 50,2019-09-25,16024.49,14751.21
TRI63913928613993273100,Nifty 50,2019-09-26,16207.96,14920.09
TRI63913928613993273100,Nifty 50,2019-09-27,16125.65,14844.33
TRI63913928613993273100,Nifty 50,2019-09-30,16072.5,14795.4
TRI63913928613993273100,Nifty 50,2019-10-01,15912.03,14647.68
TRI63913928613993273100,Nifty 50,2019-10-03,15847.7,14588.46
TRI63913928613993273100,Nifty 50,2019-10-04,15652.7,14408.96
TRI63913928613993273100,Nifty 50,2019-10-07,15584.94,14346.57
TRI63913928613993273100,Nifty 50,2019-10-09,15846.77,14587.61
TRI63913928613993273100,Nifty 50,2019-10-10,15736.44,14486.04
TRI63913928613993273100,Nifty 50,2019-10-11,15835.17,14576.93
TRI63913928613993273100,Nifty 50,2019-10-14,15885.74,14623.48
TRI63913928613993273100,Nifty 50,2019-10-15,16007.83,14735.86
TRI63913928613993273100,Nifty 50,2019-10-16,16057.85,14781.91
TRI63913928613993273100,Nifty 50,2019-10-17,16245.31,14954.48
TRI63913928613993273100,Nifty 50,2019-10-18,16351.16,15051.91
TRI63913928613993273100,Nifty 50,2019-10-22,16248.11,14957.06
TRI63913928613993273100,Nifty 50,2019-10-23,16282.84,14989.03
TRI63913928613993273100,Nifty 50,2019-10-24,16252.63,14961.22
TRI63913928613993273100,Nifty 50,2019-10-25,16254.45,14962.89
TRI63913928613993273100,Nifty 50,2019-10-27,16315.17,15018.79
TRI63913928613993273100,Nifty 50,2019-10-29,16539.23,15225.04
TRI63913928613993273100,Nifty 50,2019-10-30,16620.07,15299.45
TRI63913928613993273100,Nifty 50,2019-10-31,16667.29,15342.93
TRI63913928613993273100,Nifty 50,2019-11-01,16685.73,15359.9
TRI63913928613993273100,Nifty 50,2019-11-04,16756.87,15425.39
TRI63913928613993273100,Nifty 50,2019-11-05,16723.06,15394.26
TRI63913928613993273100,Nifty 50,2019-11-06,16791.61,15457.36
TRI63913928613993273100,Nifty 50,2019-11-07,16856.17,15516.8
TRI63913928613993273100,Nifty 50,2019-11-08,16710.37,15382.58
TRI63913928613993273100,Nifty 50,2019-11-11,16717.75,15389.38
TRI63913928613993273100,Nifty 50,2019-11-13,16615.37,15295.13
TRI63913928613993273100,Nifty 50,2019-11-14,16659.78,15336.02
TRI63913928613993273100,Nifty 50,2019-11-15,16692.52,15366.15
TRI63913928613993273100,Nifty 50,2019-11-18,16677.14,15351.99
TRI63913928613993273100,Nifty 50,2019-11-19,16755.15,15423.8
TRI63913928613993273100,Nifty 50,2019-11-20,16837.96,15500.03
TRI63913928613993273100,Nifty 50,2019-11-21,16794.86,15460.36
TRI63913928613993273100,Nifty 50,2019-11-22,16719.11,15390.63
TRI63913928613993273100,Nifty 50,2019-11-25,16942.7,15596.45
TRI63913928613993273100,Nifty 50,2019-11-26,16892.15,15549.92
TRI63913928613993273100,Nifty 50,2019-11-27,16980.54,15631.29
TRI63913928613993273100,Nifty 50,2019-11-28,17051.31,15696.43
TRI63913928613993273100,Nifty 50,2019-11-29,16917.89,15573.61
TRI63913928613993273100,Nifty 50,2019-12-02,16906.88,15563.48
TRI63913928613993273100,Nifty 50,2019-12-03,16831.11,15493.73
TRI63913928613993273100,Nifty 50,2019-12-04,16899.88,15557.04
TRI63913928613993273100,Nifty 50,2019-12-05,16865.04,15507.86
TRI63913928613993273100,Nifty 50,2019-12-06,16729.08,15382.84
TRI63913928613993273100,Nifty 50,2019-12-09,16751.53,15403.48
TRI63913928613993273100,Nifty 50,2019-12-10,16638.94,15299.95
TRI63913928613993273100,Nifty 50,2019-12-11,16713.79,15368.78
TRI63913928613993273100,Nifty 50,2019-12-12,16800.36,15448.39
TRI63913928613993273100,Nifty 50,2019-12-13,16961.56,15596.62
TRI63913928613993273100,Nifty 50,2019-12-16,16915.65,15554.39
TRI63913928615008914200,Nifty 50,2019-12-17,17071.49,15697.69
TRI63913928615008914200,Nifty 50,2019-12-18,17150.93,15770.74
TRI63913928615008914200,Nifty 50,2019-12-19,17205.12,15820.57
TRI63913928615008914200,Nifty 50,2019-12-20,17222.14,15836.23
TRI63913928615008914200,Nifty 50,2019-12-23,17209.4,15824.51
TRI63913928615008914200,Nifty 50,2019-12-24,17141.8,15762.35
TRI63913928615008914200,Nifty 50,2019-12-26,17018.26,15648.75
TRI63913928615008914200,Nifty 50,2019-12-27,17185.66,15802.67
TRI63913928615008914200,Nifty 50,2019-12-30,17199.73,15815.62
TRI63913928615008914200,Nifty 50,2019-12-31,17077.06,15702.82
TRI63913928615008914200,Nifty 50,2020-01-01,17096.83,15721.0
TRI63913928615008914200,Nifty 50,2020-01-02,17236.7,15849.61
TRI63913928615008914200,Nifty 50,2020-01-03,17158.75,15777.94
TRI63913928615008914200,Nifty 50,2020-01-06,16830.93,15476.5
TRI63913928615008914200,Nifty 50,2020-01-07,16915.03,15553.82
TRI63913928615008914200,Nifty 50,2020-01-08,16876.24,15518.15
TRI63913928615008914200,Nifty 50,2020-01-09,17143.65,15764.05
TRI63913928615008914200,Nifty 50,2020-01-10,17201.08,15816.86
TRI63913928615008914200,Nifty 50,2020-01-13,17303.2,15910.76
TRI63913928615008914200,Nifty 50,2020-01-14,17349.12,15952.99
TRI63913928615008914200,Nifty 50,2020-01-15,17322.5,15928.51
TRI63913928615008914200,Nifty 50,2020-01-16,17339.57,15944.2
TRI63913928615008914200,Nifty 50,2020-01-17,17335.2,15940.19
TRI63913928615008914200,Nifty 50,2020-01-20,17155.83,15775.25
TRI63913928615008914200,Nifty 50,2020-01-21,17079.07,15704.66
TRI63913928615008914200,Nifty 50,2020-01-22,16990.68,15623.39
TRI63913928615008914200,Nifty 50,2020-01-23,17095.61,15719.87
TRI63913928615008914200,Nifty 50,2020-01-24,17192.15,15808.65
TRI63913928615008914200,Nifty 50,2020-01-27,17010.7,15641.8
TRI63913928615008914200,Nifty 50,2020-01-28,16922.01,15560.24
TRI63913928615008914200,Nifty 50,2020-01-29,17025.46,15655.37
TRI63913928615008914200,Nifty 50,2020-01-30,16893.91,15534.4
TRI63913928615008914200,Nifty 50,2020-01-31,16790.45,15439.27
TRI63913928615008914200,Nifty 50,2020-02-01,16369.0,15051.74
TRI63913928615008914200,Nifty 50,2020-02-03,16433.65,15111.19
TRI63913928615008914200,Nifty 50,2020-02-04,16815.12,15461.96
TRI63913928615008914200,Nifty 50,2020-02-05,16968.83,15603.3
TRI63913928615008914200,Nifty 50,2020-02-06,17037.28,15666.23
TRI63913928615008914200,Nifty 50,2020-02-07,16981.75,15615.18
TRI63913928615008914200,Nifty 50,2020-02-10,16887.86,15528.84
TRI63913928615008914200,Nifty 50,2020-02-11,16995.1,15627.45
TRI63913928615008914200,Nifty 50,2020-02-12,17126.07,15747.88
TRI63913928615008914200,Nifty 50,2020-02-13,17088.84,15713.65
TRI63913928615008914200,Nifty 50,2020-02-14,17002.89,15634.61
TRI63913928615008914200,Nifty 50,2020-02-17,16911.92,15550.97
TRI63913928615008914200,Nifty 50,2020-02-18,16837.08,15482.15
TRI63913928615008914200,Nifty 50,2020-02-19,17024.41,15654.4
TRI63913928615008914200,Nifty 50,2020-02-20,16961.16,15596.25
TRI63913928615008914200,Nifty 50,2020-02-24,16608.12,15271.61
TRI63913928615008914200,Nifty 50,2020-02-25,16563.91,15230.96
TRI63913928615008914200,Nifty 50,2020-02-26,16396.23,15076.78
TRI63913928615008914200,Nifty 50,2020-02-27,16332.81,15018.46
TRI63913928615008914200,Nifty 50,2020-02-28,15726.92,14461.33
TRI63913928615008914200,Nifty 50,2020-03-02,15632.14,14374.18
TRI63913928615008914200,Nifty 50,2020-03-03,15878.98,14601.15
TRI63913928615008914200,Nifty 50,2020-03-04,15805.53,14533.62
TRI63913928615008914200,Nifty 50,2020-03-05,15833.21,14559.06
TRI63913928615008914200,Nifty 50,2020-03-06,15440.48,14197.93
TRI63913928615008914200,Nifty 50,2020-03-09,14684.56,13502.85
TRI63913928615008914200,Nifty 50,2020-03-11,14694.31,13511.81
TRI63913928615008914200,Nifty 50,2020-03-12,13474.38,12390.06
TRI63913928615008914200,Nifty 50,2020-03-13,13987.31,12861.71
TRI63913928616274554500,Nifty 50,2020-03-16,12928.18,11887.81
TRI63913928616274554500,Nifty 50,2020-03-17,12604.41,11590.09
TRI63913928616274554500,Nifty 50,2020-03-18,11904.02,10946.07
TRI63913928616274554500,Nifty 50,2020-03-19,11620.92,10685.75
TRI63913928616274554500,Nifty 50,2020-03-20,12298.74,11309.02
TRI63913928616274554500,Nifty 50,2020-03-23,10710.41,9848.51
TRI63913928616274554500,Nifty 50,2020-03-24,10983.15,10099.3
TRI63913928616274554500,Nifty 50,2020-03-25,11710.71,10768.32
TRI63913928616274554500,Nifty 50,2020-03-26,12167.15,11188.02
TRI63913928616274554500,Nifty 50,2020-03-27,12193.62,11212.36
TRI63913928616274554500,Nifty 50,2020-03-30,11659.76,10721.46
TRI63913928616274554500,Nifty 50,2020-03-31,12105.66,11131.48
TRI63913928616274554500,Nifty 50,2020-04-01,11621.35,10686.14
TRI63913928616274554500,Nifty 50,2020-04-03,11382.02,10466.07
TRI63913928616274554500,Nifty 50,2020-04-07,12379.42,11383.21
TRI63913928616274554500,Nifty 50,2020-04-08,12318.25,11326.97
TRI63913928616274554500,Nifty 50,2020-04-09,12829.57,11797.13
TRI63913928616274554500,Nifty 50,2020-04-13,12663.31,11644.26
TRI63913928616274554500,Nifty 50,2020-04-15,12566.85,11555.56
TRI63913928616274554500,Nifty 50,2020-04-16,12661.83,11642.9
TRI63913928616274554500,Nifty 50,2020-04-17,13047.57,11997.59
TRI63913928616274554500,Nifty 50,2020-04-20,13040.65,11991.23
TRI63913928616274554500,Nifty 50,2020-04-21,12645.91,11628.25
TRI63913928616274554500,Nifty 50,2020-04-22,12935.73,11894.75
TRI63913928616274554500,Nifty 50,2020-04-23,13113.97,12058.65
TRI63913928616274554500,Nifty 50,2020-04-24,12889.39,11852.15
TRI63913928616274554500,Nifty 50,2020-04-27,13069.49,12017.75
TRI63913928616274554500,Nifty 50,2020-04-28,13208.29,12145.38
TRI63913928616274554500,Nifty 50,2020-04-29,13452.51,12369.64
TRI63913928616274554500,Nifty 50,2020-04-30,13884.18,12766.56
TRI63913928616274554500,Nifty 50,2020-05-04,13086.63,12033.21
TRI63913928616274554500,Nifty 50,2020-05-05,12963.99,11920.19
TRI63913928616274554500,Nifty 50,2020-05-06,13055.99,12004.78
TRI63913928616274554500,Nifty 50,2020-05-07,12954.81,11911.74
TRI63913928616274554500,Nifty 50,2020-05-08,13028.62,11979.61
TRI63913928616274554500,Nifty 50,2020-05-11,13011.35,11963.73
TRI63913928616274554500,Nifty 50,2020-05-12,12951.29,11908.51
TRI63913928616274554500,Nifty 50,2020-05-13,13214.58,12147.25
TRI63913928616274554500,Nifty 50,2020-05-14,12875.51,11835.57
TRI63913928616274554500,Nifty 50,2020-05-15,12867.16,11827.89
TRI63913928616274554500,Nifty 50,2020-05-18,12425.57,11421.97
TRI63913928616274554500,Nifty 50,2020-05-19,12504.22,11494.27
TRI63913928616274554500,Nifty 50,2020-05-20,12768.2,11736.93
TRI63913928616274554500,Nifty 50,2020-05-21,12824.12,11788.33
TRI63913928616274554500,Nifty 50,2020-05-22,12729.74,11701.57
TRI63913928616274554500,Nifty 50,2020-05-26,12715.39,11688.38
TRI63913928616274554500,Nifty 50,2020-05-27,13117.99,12058.46
TRI63913928616274554500,Nifty 50,2020-05-28,13364.65,12285.2
TRI63913928616274554500,Nifty 50,2020-05-29,13503.45,12410.2
TRI63913928616274554500,Nifty 50,2020-06-01,13850.0,12728.7
TRI63913928616274554500,Nifty 50,2020-06-02,14065.56,12926.8
TRI63913928616274554500,Nifty 50,2020-06-03,14183.95,13035.14
TRI63913928616274554500,Nifty 50,2020-06-04,14138.19,12993.09
TRI63913928616274554500,Nifty 50,2020-06-05,14297.55,13139.54
TRI63913928616274554500,Nifty 50,2020-06-08,14333.2,13172.3
TRI63913928616274554500,Nifty 50,2020-06-09,14162.9,13015.8
TRI63913928616274554500,Nifty 50,2020-06-10,14260.91,13105.86
TRI63913928616274554500,Nifty 50,2020-06-11,13959.73,12828.91
TRI63913928616274554500,Nifty 50,2020-06-12,14059.69,12920.78
TRI63913928617623008100,Nifty 50,2020-06-15,13835.27,12714.54
TRI63913928617623008100,Nifty 50,2020-06-16,13976.63,12844.45
TRI63913928617623008100,Nifty 50,2020-06-17,13930.35,12801.91
TRI63913928617623008100,Nifty 50,2020-06-18,14227.14,13074.66
TRI63913928617623008100,Nifty 50,2020-06-19,14445.87,13274.93
TRI63913928617623008100,Nifty 50,2020-06-22,14540.07,13361.49
TRI63913928617623008100,Nifty 50,2020-06-23,14765.36,13568.53
TRI63913928617623008100,Nifty 50,2020-06-24,14531.72,13353.82
TRI63913928617623008100,Nifty 50,2020-06-25,14508.61,13332.58
TRI63913928617623008100,Nifty 50,2020-06-26,14641.26,13454.48
TRI63913928617623008100,Nifty 50,2020-06-29,14541.76,13363.05
TRI63913928617623008100,Nifty 50,2020-06-30,14527.18,13349.65
TRI63913928617623008100,Nifty 50,2020-07-01,14707.64,13515.49
TRI63913928617623008100,Nifty 50,2020-07-02,14886.06,13677.92
TRI63913928617623008100,Nifty 50,2020-07-03,14964.59,13750.09
TRI63913928617623008100,Nifty 50,2020-07-06,15185.78,13946.64
TRI63913928617623008100,Nifty 50,2020-07-07,15236.58,13993.29
TRI63913928617623008100,Nifty 50,2020-07-08,15104.09,13871.61
TRI63913928617623008100,Nifty 50,2020-07-09,15268.19,14019.64
TRI63913928617623008100,Nifty 50,2020-07-10,15204.13,13960.82
TRI63913928617623008100,Nifty 50,2020-07-13,15254.09,14006.47
TRI63913928617623008100,Nifty 50,2020-07-14,14978.23,13753.17
TRI63913928617623008100,Nifty 50,2020-07-15,14993.52,13767.21
TRI63913928617623008100,Nifty 50,2020-07-16,15167.99,13926.86
TRI63913928617623008100,Nifty 50,2020-07-17,15396.44,14136.62
TRI63913928617623008100,Nifty 50,2020-07-20,15566.56,14292.82
TRI63913928617623008100,Nifty 50,2020-07-21,15764.41,14474.48
TRI63913928617623008100,Nifty 50,2020-07-22,15722.51,14436.01
TRI63913928617623008100,Nifty 50,2020-07-23,15841.48,14544.81
TRI63913928617623008100,Nifty 50,2020-07-24,15811.4,14517.19
TRI63913928617623008100,Nifty 50,2020-07-27,15723.39,14436.38
TRI63913928617623008100,Nifty 50,2020-07-28,15961.7,14655.18
TRI63913928617623008100,Nifty 50,2020-07-29,15824.19,14528.82
TRI63913928617623008100,Nifty 50,2020-07-30,15685.92,14401.0
TRI63913928617623008100,Nifty 50,2020-07-31,15645.34,14363.75
TRI63913928617623008100,Nifty 50,2020-08-03,15388.98,14128.27
TRI63913928617623008100,Nifty 50,2020-08-04,15676.74,14392.45
TRI63913928617623008100,Nifty 50,2020-08-05,15689.69,14403.48
TRI63913928617623008100,Nifty 50,2020-08-06,15833.02,14534.16
TRI63913928617623008100,Nifty 50,2020-08-07,15852.65,14552.18
TRI63913928617623008100,Nifty 50,2020-08-10,15931.97,14624.99
TRI63913928617623008100,Nifty 50,2020-08-11,16005.99,14692.94
TRI63913928617623008100,Nifty 50,2020-08-12,15986.03,14674.62
TRI63913928617623008100,Nifty 50,2020-08-13,15981.73,14669.14
TRI63913928617623008100,Nifty 50,2020-08-14,15809.17,14510.76
TRI63913928617623008100,Nifty 50,2020-08-17,15906.29,14599.9
TRI63913928617623008100,Nifty 50,2020-08-18,16101.86,14779.4
TRI63913928617623008100,Nifty 50,2020-08-19,16135.89,14810.32
TRI63913928617623008100,Nifty 50,2020-08-20,15999.86,14685.46
TRI63913928617623008100,Nifty 50,2020-08-21,16083.84,14762.54
TRI63913928617623008100,Nifty 50,2020-08-24,16218.02,14885.7
TRI63913928617623008100,Nifty 50,2020-08-25,16226.2,14893.21
TRI63913928617623008100,Nifty 50,2020-08-26,16339.41,14996.28
TRI63913928617623008100,Nifty 50,2020-08-27,16353.08,15008.83
TRI63913928617623008100,Nifty 50,2020-08-28,16478.01,15123.49
TRI63913928617623008100,Nifty 50,2020-08-31,16110.07,14785.8
TRI63913928617623008100,Nifty 50,2020-09-01,16227.14,14893.24
TRI63913928617623008100,Nifty 50,2020-09-02,16322.17,14979.71
TRI63913928617623008100,Nifty 50,2020-09-03,16311.99,14970.26
TRI63913928617623008100,Nifty 50,2020-09-04,16038.07,14718.86
TRI63913928617623008100,Nifty 50,2020-09-07,16068.06,14746.39
TRI63913928617623008100,Nifty 50,2020-09-08,16014.67,14697.4
TRI63913928617623008100,Nifty 50,2020-09-09,15958.99,14646.29
TRI63913928617623008100,Nifty 50,2020-09-10,16201.44,14868.78
TRI63913928617623008100,Nifty 50,2020-09-11,16222.92,14888.49
TRI63913928618857398700,Nifty 50,2020-09-14,16189.14,14857.34
TRI63913928618857398700,Nifty 50,2020-09-15,16304.84,14963.52
TRI63913928618857398700,Nifty 50,2020-09-16,16421.95,15070.99
TRI63913928618857398700,Nifty 50,2020-09-17,16296.78,14956.12
TRI63913928618857398700,Nifty 50,2020-09-18,16281.0,14941.63
TRI63913928618857398700,Nifty 50,2020-09-21,15920.99,14611.24
TRI63913928618857398700,Nifty 50,2020-09-22,15783.87,14485.4
TRI63913928618857398700,Nifty 50,2020-09-23,15752.97,14457.05
TRI63913928618857398700,Nifty 50,2020-09-24,15291.25,14033.3
TRI63913928618857398700,Nifty 50,2020-09-25,15637.53,14351.1
TRI63913928618857398700,Nifty 50,2020-09-28,15888.44,14581.37
TRI63913928618857398700,Nifty 50,2020-09-29,15881.16,14574.68
TRI63913928618857398700,Nifty 50,2020-09-30,15916.72,14607.32
TRI63913928618857398700,Nifty 50,2020-10-01,16156.44,14827.32
TRI63913928618857398700,Nifty 50,2020-10-05,16278.72,14939.54
TRI63913928618857398700,Nifty 50,2020-10-06,16503.77,15146.08
TRI63913928618857398700,Nifty 50,2020-10-07,16611.96,15245.36
TRI63913928618857398700,Nifty 50,2020-10-08,16747.48,15369.74
TRI63913928618857398700,Nifty 50,2020-10-09,16860.11,15473.11
TRI63913928618857398700,Nifty 50,2020-10-12,16883.84,15494.89
TRI63913928618857398700,Nifty 50,2020-10-13,16888.87,15499.5
TRI63913928618857398700,Nifty 50,2020-10-14,16944.73,15549.85
TRI63913928618857398700,Nifty 50,2020-10-15,16533.24,15172.24
TRI63913928618857398700,Nifty 50,2020-10-16,16649.46,15278.89
TRI63913928618857398700,Nifty 50,2020-10-19,16805.97,15422.52
TRI63913928618857398700,Nifty 50,2020-10-20,16839.6,15453.38
TRI63913928618857398700,Nifty 50,2020-10-21,16897.43,15506.44
TRI63913928618857398700,Nifty 50,2020-10-22,16840.52,15453.91
TRI63913928618857398700,Nifty 50,2020-10-23,16902.96,15508.04
TRI63913928618857398700,Nifty 50,2020-10-26,16672.62,15296.71
TRI63913928618857398700,Nifty 50,2020-10-27,16844.96,15454.82
TRI63913928618857398700,Nifty 50,2020-10-28,16623.13,15250.29
TRI63913928618857398700,Nifty 50,2020-10-29,16544.45,15177.09
TRI63913928618857398700,Nifty 50,2020-10-30,16504.16,15140.13
TRI63913928618857398700,Nifty 50,2020-11-02,16542.08,15174.92
TRI63913928618857398700,Nifty 50,2020-11-03,16746.75,15362.67
TRI63913928618857398700,Nifty 50,2020-11-04,16888.65,15491.26
TRI63913928618857398700,Nifty 50,2020-11-05,17189.03,15766.78
TRI63913928618857398700,Nifty 50,2020-11-06,17392.14,15953.09
TRI63913928618857398700,Nifty 50,2020-11-09,17672.25,16210.02
TRI63913928618857398700,Nifty 50,2020-11-10,17913.4,16431.22
TRI63913928618857398700,Nifty 50,2020-11-11,18080.84,16584.8
TRI63913928618857398700,Nifty 50,2020-11-12,17998.11,16508.92
TRI63913928618857398700,Nifty 50,2020-11-13,18039.44,16546.83
TRI63913928618857398700,Nifty 50,2020-11-14,18124.93,16625.24
TRI63913928618857398700,Nifty 50,2020-11-17,18258.23,16747.51
TRI63913928618857398700,Nifty 50,2020-11-18,18349.02,16830.79
TRI63913928618857398700,Nifty 50,2020-11-19,18112.83,16613.01
TRI63913928618857398700,Nifty 50,2020-11-20,18236.68,16726.61
TRI63913928618857398700,Nifty 50,2020-11-23,18332.33,16814.33
TRI63913928618857398700,Nifty 50,2020-11-24,18514.82,16981.72
TRI63913928618857398700,Nifty 50,2020-11-25,18235.76,16725.76
TRI63913928618857398700,Nifty 50,2020-11-26,18418.16,16893.06
TRI63913928618857398700,Nifty 50,2020-11-27,18392.54,16869.56
TRI63913928618857398700,Nifty 50,2020-12-01,18591.25,17051.81
TRI63913928618857398700,Nifty 50,2020-12-02,18597.9,17057.92
TRI63913928618857398700,Nifty 50,2020-12-03,18626.53,17084.18
TRI63913928618857398700,Nifty 50,2020-12-04,18803.27,17246.28
TRI63913928618857398700,Nifty 50,2020-12-07,18941.15,17372.74
TRI63913928618857398700,Nifty 50,2020-12-08,18993.86,17421.09
TRI63913928618857398700,Nifty 50,2020-12-09,19186.95,17598.19
TRI63913928618857398700,Nifty 50,2020-12-10,19114.96,17532.16
TRI63913928619857427100,Nifty 50,2020-12-11,19165.33,17578.37
TRI63913928619857427100,Nifty 50,2020-12-14,19228.16,17635.99
TRI63913928619857427100,Nifty 50,2020-12-15,19241.9,17648.59
TRI63913928619857427100,Nifty 50,2020-12-16,19404.8,17798.0
TRI63913928619857427100,Nifty 50,2020-12-17,19491.3,17876.41
TRI63913928619857427100,Nifty 50,2020-12-18,19519.42,17902.2
TRI63913928619857427100,Nifty 50,2020-12-21,18906.45,17340.02
TRI63913928619857427100,Nifty 50,2020-12-22,19102.06,17519.43
TRI63913928619857427100,Nifty 50,2020-12-23,19293.26,17694.78
TRI63913928619857427100,Nifty 50,2020-12-24,19503.4,17887.51
TRI63913928619857427100,Nifty 50,2020-12-28,19679.24,18048.78
TRI63913928619857427100,Nifty 50,2020-12-29,19763.51,18126.07
TRI63913928619857427100,Nifty 50,2020-12-30,19833.53,18190.29
TRI63913928619857427100,Nifty 50,2020-12-31,19833.19,18189.98
TRI63913928619857427100,Nifty 50,2021-01-01,19885.36,18237.83
TRI63913928619857427100,Nifty 50,2021-01-04,20047.61,18386.63
TRI63913928619857427100,Nifty 50,2021-01-05,20142.13,18473.32
TRI63913928619857427100,Nifty 50,2021-01-06,20066.56,18404.01
TRI63913928619857427100,Nifty 50,2021-01-07,20053.97,18392.46
TRI63913928619857427100,Nifty 50,2021-01-08,20351.67,18665.5
TRI63913928619857427100,Nifty 50,2021-01-11,20546.74,18844.41
TRI63913928619857427100,Nifty 50,2021-01-12,20658.34,18946.76
TRI63913928619857427100,Nifty 50,2021-01-13,20660.35,18948.61
TRI63913928619857427100,Nifty 50,2021-01-14,20706.07,18990.08
TRI63913928619857427100,Nifty 50,2021-01-15,20476.38,18779.43
TRI63913928619857427100,Nifty 50,2021-01-18,20260.18,18581.14
TRI63913928619857427100,Nifty 50,2021-01-19,20600.41,18893.18
TRI63913928619857427100,Nifty 50,2021-01-20,20775.67,19053.92
TRI63913928619857427100,Nifty 50,2021-01-21,20700.02,18984.22
TRI63913928619857427100,Nifty 50,2021-01-22,20390.57,18700.32
TRI63913928619857427100,Nifty 50,2021-01-25,20201.9,18527.29
TRI63913928619857427100,Nifty 50,2021-01-27,19818.34,18175.18
TRI63913928619857427100,Nifty 50,2021-01-28,19605.59,17980.07
TRI63913928619857427100,Nifty 50,2021-01-29,19346.03,17742.04
TRI63913928619857427100,Nifty 50,2021-02-01,20263.44,18583.38
TRI63913928619857427100,Nifty 50,2021-02-02,20783.69,19060.5
TRI63913928619857427100,Nifty 50,2021-02-03,20985.32,19245.41
TRI63913928619857427100,Nifty 50,2021-02-04,21135.31,19382.96
TRI63913928619857427100,Nifty 50,2021-02-05,21175.89,19420.18
TRI63913928619857427100,Nifty 50,2021-02-08,21447.64,19669.39
TRI63913928619857427100,Nifty 50,2021-02-09,21440.42,19660.98
TRI63913928619857427100,Nifty 50,2021-02-10,21436.44,19657.32
TRI63913928619857427100,Nifty 50,2021-02-11,21536.0,19747.57
TRI63913928619857427100,Nifty 50,2021-02-12,21521.82,19734.57
TRI63913928619857427100,Nifty 50,2021-02-15,21739.69,19933.69
TRI63913928619857427100,Nifty 50,2021-02-16,21737.9,19932.05
TRI63913928619857427100,Nifty 50,2021-02-17,21595.82,19800.38
TRI63913928619857427100,Nifty 50,2021-02-18,21468.11,19683.29
TRI63913928619857427100,Nifty 50,2021-02-19,21273.28,19504.65
TRI63913928619857427100,Nifty 50,2021-02-22,20853.12,19116.27
TRI63913928619857427100,Nifty 50,2021-02-23,20898.75,19158.1
TRI63913928619857427100,Nifty 50,2021-02-24,21288.35,19515.25
TRI63913928619857427100,Nifty 50,2021-02-25,21452.24,19665.49
TRI63913928619857427100,Nifty 50,2021-02-26,20644.88,18925.38
TRI63913928619857427100,Nifty 50,2021-03-01,20975.08,19228.07
TRI63913928619857427100,Nifty 50,2021-03-02,21198.93,19433.28
TRI63913928619857427100,Nifty 50,2021-03-03,21662.92,19858.62
TRI63913928619857427100,Nifty 50,2021-03-04,21428.63,19643.84
TRI63913928619857427100,Nifty 50,2021-03-05,21225.94,19458.04
TRI63913928619857427100,Nifty 50,2021-03-08,21255.06,19483.99
TRI63913928619857427100,Nifty 50,2021-03-09,21457.17,19669.26
TRI63913928619857427100,Nifty 50,2021-03-10,21565.72,19768.77
TRI63913928621060570700,Nifty 50,2021-03-12,21361.29,19581.37
TRI63913928621060570700,Nifty 50,2021-03-15,21220.59,19451.64
TRI63913928621060570700,Nifty 50,2021-03-16,21193.46,19426.77
TRI63913928621060570700,Nifty 50,2021-03-17,20924.61,19180.33
TRI63913928621060570700,Nifty 50,2021-03-18,20692.34,18967.42
TRI63913928621060570700,Nifty 50,2021-03-19,20956.87,19209.9
TRI63913928621060570700,Nifty 50,2021-03-22,20947.65,19201.11
TRI63913928621060570700,Nifty 50,2021-03-23,21061.52,19304.94
TRI63913928621060570700,Nifty 50,2021-03-24,20684.27,18959.16
TRI63913928621060570700,Nifty 50,2021-03-25,20366.42,18667.52
TRI63913928621060570700,Nifty 50,2021-03-26,20625.79,18905.26
TRI63913928621060570700,Nifty 50,2021-03-30,21106.06,19345.46
TRI63913928621060570700,Nifty 50,2021-03-31,20886.52,19144.24
TRI63913928621060570700,Nifty 50,2021-04-01,21137.69,19374.46
TRI63913928621060570700,Nifty 50,2021-04-05,20811.61,19075.5
TRI63913928621060570700,Nifty 50,2021-04-06,20876.57,19135.04
TRI63913928621060570700,Nifty 50,2021-04-07,21069.32,19311.71
TRI63913928621060570700,Nifty 50,2021-04-08,21149.59,19384.77
TRI63913928621060570700,Nifty 50,2021-04-09,21094.17,19333.96
TRI63913928621060570700,Nifty 50,2021-04-12,20348.99,18650.97
TRI63913928621060570700,Nifty 50,2021-04-13,20624.86,18903.82
TRI63913928621060570700,Nifty 50,2021-04-15,20733.88,19003.74
TRI63913928621060570700,Nifty 50,2021-04-16,20785.61,19051.15
TRI63913928621060570700,Nifty 50,2021-04-19,20418.16,18714.37
TRI63913928621060570700,Nifty 50,2021-04-20,20328.55,18632.24
TRI63913928621060570700,Nifty 50,2021-04-22,20484.63,18775.29
TRI63913928621060570700,Nifty 50,2021-04-23,20392.44,18690.8
TRI63913928621060570700,Nifty 50,2021-04-26,20596.72,18878.03
TRI63913928621060570700,Nifty 50,2021-04-27,20835.67,19097.04
TRI63913928621060570700,Nifty 50,2021-04-28,21136.41,19372.69
TRI63913928621060570700,Nifty 50,2021-04-29,21186.3,19416.93
TRI63913928621060570700,Nifty 50,2021-04-30,20811.13,19073.09
TRI63913928621060570700,Nifty 50,2021-05-03,20815.43,19077.03
TRI63913928621060570700,Nifty 50,2021-05-04,20619.62,18897.58
TRI63913928621060570700,Nifty 50,2021-05-05,20792.24,19055.78
TRI63913928621060570700,Nifty 50,2021-05-06,20944.41,19195.24
TRI63913928621060570700,Nifty 50,2021-05-07,21084.26,19323.41
TRI63913928621060570700,Nifty 50,2021-05-10,21253.8,19478.79
TRI63913928621060570700,Nifty 50,2021-05-11,21123.53,19359.4
TRI63913928621060570700,Nifty 50,2021-05-12,20904.13,19158.32
TRI63913928621060570700,Nifty 50,2021-05-14,20877.56,19133.97
TRI63913928621060570700,Nifty 50,2021-05-17,21226.53,19453.8
TRI63913928621060570700,Nifty 50,2021-05-18,21489.56,19694.86
TRI63913928621060570700,Nifty 50,2021-05-19,21378.71,19593.27
TRI63913928621060570700,Nifty 50,2021-05-20,21202.21,19431.51
TRI63913928621060570700,Nifty 50,2021-05-21,21585.18,19782.5
TRI63913928621060570700,Nifty 50,2021-05-24,21617.03,19811.69
TRI63913928621060570700,Nifty 50,2021-05-25,21639.04,19830.38
TRI63913928621060570700,Nifty 50,2021-05-26,21771.35,19951.64
TRI63913928621060570700,Nifty 50,2021-05-27,21823.14,19999.1
TRI63913928621060570700,Nifty 50,2021-05-28,21962.31,20126.63
TRI63913928621060570700,Nifty 50,2021-05-31,22203.59,20340.75
TRI63913928621060570700,Nifty 50,2021-06-01,22192.25,20330.36
TRI63913928621060570700,Nifty 50,2021-06-02,22194.18,20332.14
TRI63913928621060570700,Nifty 50,2021-06-03,22361.86,20484.64
TRI63913928621060570700,Nifty 50,2021-06-04,22333.23,20458.41
TRI63913928621060570700,Nifty 50,2021-06-07,22449.24,20564.68
TRI63913928621060570700,Nifty 50,2021-06-08,22432.77,20549.59
TRI63913928622013797400,Nifty 50,2021-06-09,22283.52,20412.87
TRI63913928622013797400,Nifty 50,2021-06-10,22448.94,20560.13
TRI63913928622013797400,Nifty 50,2021-06-11,22544.26,20645.79
TRI63913928622013797400,Nifty 50,2021-06-14,22567.11,20665.63
TRI63913928622013797400,Nifty 50,2021-06-15,22649.05,20740.66
TRI63913928622013797400,Nifty 50,2021-06-16,22503.9,20607.74
TRI63913928622013797400,Nifty 50,2021-06-17,22401.65,20512.7
TRI63913928622013797400,Nifty 50,2021-06-18,22390.11,20502.14
TRI63913928622013797400,Nifty 50,2021-06-21,22480.3,20584.72
TRI63913928622013797400,Nifty 50,2021-06-22,22517.74,20619.01
TRI63913928622013797400,Nifty 50,2021-06-23,22395.25,20506.84
TRI63913928622013797400,Nifty 50,2021-06-24,22544.26,20643.02
TRI63913928622013797400,Nifty 50,2021-06-25,22644.06,20734.41
TRI63913928622013797400,Nifty 50,2021-06-28,22578.86,20674.7
TRI63913928622013797400,Nifty 50,2021-06-29,22493.6,20594.59
TRI63913928622013797400,Nifty 50,2021-06-30,22455.7,20559.77
TRI63913928622013797400,Nifty 50,2021-07-01,22396.4,20505.47
TRI63913928622013797400,Nifty 50,2021-07-02,22456.66,20560.64
TRI63913928622013797400,Nifty 50,2021-07-05,22618.97,20708.8
TRI63913928622013797400,Nifty 50,2021-07-06,22595.93,20687.71
TRI63913928622013797400,Nifty 50,2021-07-07,22683.66,20768.02
TRI63913928622013797400,Nifty 50,2021-07-08,22473.81,20574.38
TRI63913928622013797400,Nifty 50,2021-07-09,22420.36,20525.22
TRI63913928622013797400,Nifty 50,2021-07-12,22424.39,20528.91
TRI63913928622013797400,Nifty 50,2021-07-13,22595.49,20685.55
TRI63913928622013797400,Nifty 50,2021-07-14,22656.78,20741.26
TRI63913928622013797400,Nifty 50,2021-07-15,22762.34,20836.77
TRI63913928622013797400,Nifty 50,2021-07-16,22761.2,20835.72
TRI63913928622013797400,Nifty 50,2021-07-19,22516.71,20611.92
TRI63913928622013797400,Nifty 50,2021-07-20,22344.81,20454.56
TRI63913928622013797400,Nifty 50,2021-07-22,22621.45,20707.3
TRI63913928622013797400,Nifty 50,2021-07-23,22673.35,20753.46
TRI63913928622013797400,Nifty 50,2021-07-26,22628.19,20712.12
TRI63913928622013797400,Nifty 50,2021-07-27,22518.8,20611.53
TRI63913928622013797400,Nifty 50,2021-07-28,22472.95,20567.99
TRI63913928622013797400,Nifty 50,2021-07-29,22576.34,20653.86
TRI63913928622013797400,Nifty 50,2021-07-30,22554.26,20633.67
TRI63913928622013797400,Nifty 50,2021-08-02,22730.42,20794.51
TRI63913928622013797400,Nifty 50,2021-08-03,23081.86,21116.02
TRI63913928622013797400,Nifty 50,2021-08-04,23265.07,21283.63
TRI63913928622013797400,Nifty 50,2021-08-05,23319.53,21332.74
TRI63913928622013797400,Nifty 50,2021-08-06,23238.83,21258.92
TRI63913928622013797400,Nifty 50,2021-08-09,23269.12,21286.27
TRI63913928622013797400,Nifty 50,2021-08-10,23300.36,21314.85
TRI63913928622013797400,Nifty 50,2021-08-11,23303.89,21317.98
TRI63913928622013797400,Nifty 50,2021-08-12,23424.04,21427.33
TRI63913928622013797400,Nifty 50,2021-08-13,23659.78,21642.98
TRI63913928622013797400,Nifty 50,2021-08-16,23708.38,21687.43
TRI63913928622013797400,Nifty 50,2021-08-17,23784.05,21756.25
TRI63913928622013797400,Nifty 50,2021-08-18,23718.57,21696.35
TRI63913928622013797400,Nifty 50,2021-08-20,23549.09,21541.33
TRI63913928622013797400,Nifty 50,2021-08-23,23615.61,21602.02
TRI63913928622013797400,Nifty 50,2021-08-24,23799.1,21769.86
TRI63913928622013797400,Nifty 50,2021-08-25,23813.43,21782.97
TRI63913928622013797400,Nifty 50,2021-08-26,23816.68,21785.94
TRI63913928622013797400,Nifty 50,2021-08-27,23914.48,21875.4
TRI63913928622013797400,Nifty 50,2021-08-30,24237.8,22171.15
TRI63913928622013797400,Nifty 50,2021-08-31,24525.71,22434.52
TRI63913928622013797400,Nifty 50,2021-09-01,24445.62,22361.25
TRI63913928622013797400,Nifty 50,2021-09-02,24674.11,22569.73
TRI63913928622013797400,Nifty 50,2021-09-03,24802.17,22686.88
TRI63913928622013797400,Nifty 50,2021-09-06,24879.79,22757.87
TRI63913928623373102300,Nifty 50,2021-09-07,24857.27,22737.27
TRI63913928623373102300,Nifty 50,2021-09-08,24855.5,22733.34
TRI63913928623373102300,Nifty 50,2021-09-09,24878.09,22754.0
TRI63913928623373102300,Nifty 50,2021-09-13,24858.12,22735.74
TRI63913928623373102300,Nifty 50,2021-09-14,24893.51,22768.11
TRI63913928623373102300,Nifty 50,2021-09-15,25093.22,22950.76
TRI63913928623373102300,Nifty 50,2021-09-16,25250.87,23091.04
TRI63913928623373102300,Nifty 50,2021-09-17,25187.34,23032.94
TRI63913928623373102300,Nifty 50,2021-09-20,24917.72,22786.39
TRI63913928623373102300,Nifty 50,2021-09-21,25154.16,23002.61
TRI63913928623373102300,Nifty 50,2021-09-22,25132.15,22982.48
TRI63913928623373102300,Nifty 50,2021-09-23,25527.92,23344.4
TRI63913928623373102300,Nifty 50,2021-09-24,25571.24,23384.01
TRI63913928623373102300,Nifty 50,2021-09-27,25573.99,23384.19
TRI63913928623373102300,Nifty 50,2021-09-28,25421.46,23244.72
TRI63913928623373102300,Nifty 50,2021-09-29,25367.99,23195.83
TRI63913928623373102300,Nifty 50,2021-09-30,25234.57,23073.84
TRI63913928623373102300,Nifty 50,2021-10-01,25111.25,22961.07
TRI63913928623373102300,Nifty 50,2021-10-04,25339.32,23169.61
TRI63913928623373102300,Nifty 50,2021-10-05,25526.98,23341.2
TRI63913928623373102300,Nifty 50,2021-10-06,25274.48,23110.32
TRI63913928623373102300,Nifty 50,2021-10-07,25481.26,23299.4
TRI63913928623373102300,Nifty 50,2021-10-08,25631.38,23436.67
TRI63913928623373102300,Nifty 50,2021-10-11,25704.1,23503.16
TRI63913928623373102300,Nifty 50,2021-10-12,25770.01,23563.43
TRI63913928623373102300,Nifty 50,2021-10-13,26013.19,23785.78
TRI63913928623373102300,Nifty 50,2021-10-14,26268.83,24019.01
TRI63913928623373102300,Nifty 50,2021-10-18,26467.21,24200.4
TRI63913928623373102300,Nifty 50,2021-10-19,26383.71,24124.05
TRI63913928623373102300,Nifty 50,2021-10-20,26165.78,23924.79
TRI63913928623373102300,Nifty 50,2021-10-21,26042.59,23811.37
TRI63913928623373102300,Nifty 50,2021-10-22,25952.01,23728.54
TRI63913928623373102300,Nifty 50,2021-10-25,25967.04,23742.28
TRI63913928623373102300,Nifty 50,2021-10-26,26196.05,23946.4
TRI63913928623373102300,Nifty 50,2021-10-27,26113.62,23871.06
TRI63913928623373102300,Nifty 50,2021-10-28,25606.99,23407.82
TRI63913928623373102300,Nifty 50,2021-10-29,25340.83,23164.51
TRI63913928623373102300,Nifty 50,2021-11-01,25710.8,23502.71
TRI63913928623373102300,Nifty 50,2021-11-02,25655.51,23451.5
TRI63913928623373102300,Nifty 50,2021-11-03,25569.86,23373.21
TRI63913928623373102300,Nifty 50,2021-11-04,25695.5,23488.05
TRI63913928623373102300,Nifty 50,2021-11-08,25913.09,23686.94
TRI63913928623373102300,Nifty 50,2021-11-09,25878.28,23655.13
TRI63913928623373102300,Nifty 50,2021-11-10,25839.47,23619.65
TRI63913928623373102300,Nifty 50,2021-11-11,25639.32,23435.43
TRI63913928623373102300,Nifty 50,2021-11-12,25968.02,23735.88
TRI63913928623373102300,Nifty 50,2021-11-15,25977.61,23744.65
TRI63913928623373102300,Nifty 50,2021-11-16,25819.49,23600.12
TRI63913928623373102300,Nifty 50,2021-11-17,25675.2,23468.23
TRI63913928623373102300,Nifty 50,2021-11-18,25483.23,23292.76
TRI63913928623373102300,Nifty 50,2021-11-22,24990.27,22840.72
TRI63913928623373102300,Nifty 50,2021-11-23,25114.82,22954.56
TRI63913928623373102300,Nifty 50,2021-11-24,24988.18,22838.81
TRI63913928623373102300,Nifty 50,2021-11-25,25162.07,22997.74
TRI63913928623373102300,Nifty 50,2021-11-26,24430.53,22329.13
TRI63913928623373102300,Nifty 50,2021-11-29,24469.99,22365.2
TRI63913928623373102300,Nifty 50,2021-11-30,24368.53,22272.46
TRI63913928623373102300,Nifty 50,2021-12-01,24632.06,22513.32
TRI63913928623373102300,Nifty 50,2021-12-02,24968.91,22821.2
TRI63913928623373102300,Nifty 50,2021-12-03,24674.83,22552.42
TRI63913928624670051600,Nifty 50,2021-12-06,24266.71,22178.04
TRI63913928624670051600,Nifty 50,2021-12-07,24646.18,22524.84
TRI63913928624670051600,Nifty 50,2021-12-08,25066.62,22909.1
TRI63913928624670051600,Nifty 50,2021-12-09,25134.23,22970.89
TRI63913928624670051600,Nifty 50,2021-12-10,25126.24,22963.58
TRI63913928624670051600,Nifty 50,2021-12-13,24921.02,22776.03
TRI63913928624670051600,Nifty 50,2021-12-14,24858.79,22719.16
TRI63913928624670051600,Nifty 50,2021-12-15,24710.3,22583.45
TRI63913928624670051600,Nifty 50,2021-12-16,24749.01,22618.83
TRI63913928624670051600,Nifty 50,2021-12-17,24371.37,22273.69
TRI63913928624670051600,Nifty 50,2021-12-20,23839.01,21787.15
TRI63913928624670051600,Nifty 50,2021-12-21,24063.78,21992.57
TRI63913928624670051600,Nifty 50,2021-12-22,24336.62,22240.19
TRI63913928624670051600,Nifty 50,2021-12-23,24504.75,22393.85
TRI63913928624670051600,Nifty 50,2021-12-24,24405.96,22303.56
TRI63913928624670051600,Nifty 50,2021-12-27,24524.36,22411.76
TRI63913928624670051600,Nifty 50,2021-12-28,24735.32,22604.55
TRI63913928624670051600,Nifty 50,2021-12-29,24707.1,22578.77
TRI63913928624670051600,Nifty 50,2021-12-30,24693.25,22566.11
TRI63913928624670051600,Nifty 50,2021-12-31,24908.71,22763.01
TRI63913928624670051600,Nifty 50,2022-01-03,25298.63,23119.34
TRI63913928624670051600,Nifty 50,2022-01-04,25556.34,23354.85
TRI63913928624670051600,Nifty 50,2022-01-05,25728.58,23512.25
TRI63913928624670051600,Nifty 50,2022-01-06,25471.18,23277.03
TRI63913928624670051600,Nifty 50,2022-01-07,25567.06,23364.65
TRI63913928624670051600,Nifty 50,2022-01-10,25840.62,23614.64
TRI63913928624670051600,Nifty 50,2022-01-11,25915.89,23683.43
TRI63913928624670051600,Nifty 50,2022-01-12,26140.68,23888.85
TRI63913928624670051600,Nifty 50,2022-01-13,26205.87,23948.43
TRI63913928624670051600,Nifty 50,2022-01-14,26202.97,23945.78
TRI63913928624670051600,Nifty 50,2022-01-17,26278.07,24014.4
TRI63913928624670051600,Nifty 50,2022-01-18,25998.14,23758.59
TRI63913928624670051600,Nifty 50,2022-01-19,25749.81,23531.13
TRI63913928624670051600,Nifty 50,2022-01-20,25492.99,23295.67
TRI63913928624670051600,Nifty 50,2022-01-21,25292.72,23112.55
TRI63913928624670051600,Nifty 50,2022-01-24,24620.72,22498.47
TRI63913928624670051600,Nifty 50,2022-01-25,24805.75,22667.55
TRI63913928624670051600,Nifty 50,2022-01-27,24564.81,22447.38
TRI63913928624670051600,Nifty 50,2022-01-28,24553.04,22436.62
TRI63913928624670051600,Nifty 50,2022-01-31,24894.62,22748.76
TRI63913928624670051600,Nifty 50,2022-02-01,25234.89,23059.7
TRI63913928624670051600,Nifty 50,2022-02-02,25526.55,23326.22
TRI63913928624670051600,Nifty 50,2022-02-03,25217.2,23042.17
TRI63913928624670051600,Nifty 50,2022-02-04,25154.14,22984.55
TRI63913928624670051600,Nifty 50,2022-02-07,24719.45,22587.36
TRI63913928624670051600,Nifty 50,2022-02-08,24795.76,22657.09
TRI63913928624670051600,Nifty 50,2022-02-09,25084.6,22919.74
TRI63913928624670051600,Nifty 50,2022-02-10,25290.42,23107.41
TRI63913928624670051600,Nifty 50,2022-02-11,24958.45,22804.09
TRI63913928624670051600,Nifty 50,2022-02-14,24209.38,22116.38
TRI63913928624670051600,Nifty 50,2022-02-15,24941.93,22785.6
TRI63913928624670051600,Nifty 50,2022-02-16,24904.67,22750.21
TRI63913928624670051600,Nifty 50,2022-02-17,24879.32,22727.06
TRI63913928624670051600,Nifty 50,2022-02-18,24838.68,22689.93
TRI63913928624670051600,Nifty 50,2022-02-21,24746.59,22604.04
TRI63913928624670051600,Nifty 50,2022-02-22,24582.05,22453.74
TRI63913928624670051600,Nifty 50,2022-02-23,24540.41,22415.71
TRI63913928624670051600,Nifty 50,2022-02-24,23367.85,21344.66
TRI63913928624670051600,Nifty 50,2022-02-25,23958.1,21883.81
TRI63913928624670051600,Nifty 50,2022-02-28,24153.01,22061.84
TRI63913928624670051600,Nifty 50,2022-03-02,23882.72,21814.96
TRI63913928624670051600,Nifty 50,2022-03-03,23727.54,21673.21
TRI63913928624670051600,Nifty 50,2022-03-04,23364.07,21341.21
TRI63913928625888820700,Nifty 50,2022-03-07,22814.41,20839.14
TRI63913928625888820700,Nifty 50,2022-03-08,23030.56,21036.58
TRI63913928625888820700,Nifty 50,2022-03-09,23507.87,21472.56
TRI63913928625888820700,Nifty 50,2022-03-10,23866.77,21800.39
TRI63913928625888820700,Nifty 50,2022-03-11,23917.96,21847.15
TRI63913928625888820700,Nifty 50,2022-03-14,24264.29,22163.49
TRI63913928625888820700,Nifty 50,2022-03-15,23964.72,21889.85
TRI63913928625888820700,Nifty 50,2022-03-16,24414.0,22300.23
TRI63913928625888820700,Nifty 50,2022-03-17,24862.27,22709.7
TRI63913928625888820700,Nifty 50,2022-03-21,24618.52,22487.05
TRI63913928625888820700,Nifty 50,2022-03-22,24903.14,22747.03
TRI63913928625888820700,Nifty 50,2022-03-23,24802.74,22655.32
TRI63913928625888820700,Nifty 50,2022-03-24,24769.75,22625.19
TRI63913928625888820700,Nifty 50,2022-03-25,24669.45,22533.57
TRI63913928625888820700,Nifty 50,2022-03-28,24768.69,22624.21
TRI63913928625888820700,Nifty 50,2022-03-29,24917.57,22760.15
TRI63913928625888820700,Nifty 50,2022-03-30,25166.31,22987.35
TRI63913928625888820700,Nifty 50,2022-03-31,25118.14,22943.35
TRI63913928625888820700,Nifty 50,2022-04-01,25413.94,23213.54
TRI63913928625888820700,Nifty 50,2022-04-04,25964.72,23716.63
TRI63913928625888820700,Nifty 50,2022-04-05,25829.11,23592.23
TRI63913928625888820700,Nifty 50,2022-04-06,25613.71,23395.48
TRI63913928625888820700,Nifty 50,2022-04-07,25371.88,23174.59
TRI63913928625888820700,Nifty 50,2022-04-08,25580.15,23364.83
TRI63913928625888820700,Nifty 50,2022-04-11,25422.81,23221.12
TRI63913928625888820700,Nifty 50,2022-04-12,25214.76,23031.09
TRI63913928625888820700,Nifty 50,2022-04-13,25136.13,22959.26
TRI63913928625888820700,Nifty 50,2022-04-18,24701.75,22562.5
TRI63913928625888820700,Nifty 50,2022-04-19,24392.54,22280.08
TRI63913928625888820700,Nifty 50,2022-04-20,24648.4,22513.77
TRI63913928625888820700,Nifty 50,2022-04-21,25017.73,22850.89
TRI63913928625888820700,Nifty 50,2022-04-22,24700.36,22561.0
TRI63913928625888820700,Nifty 50,2022-04-25,24386.78,22274.59
TRI63913928625888820700,Nifty 50,2022-04-26,24741.88,22598.93
TRI63913928625888820700,Nifty 50,2022-04-27,24508.3,22385.58
TRI63913928625888820700,Nifty 50,2022-04-28,24811.78,22661.41
TRI63913928625888820700,Nifty 50,2022-04-29,24606.78,22474.18
TRI63913928625888820700,Nifty 50,2022-05-02,24558.61,22430.18
TRI63913928625888820700,Nifty 50,2022-05-04,23995.35,21915.73
TRI63913928625888820700,Nifty 50,2022-05-05,24002.58,21922.34
TRI63913928625888820700,Nifty 50,2022-05-06,23612.16,21565.75
TRI63913928625888820700,Nifty 50,2022-05-09,23454.71,21421.95
TRI63913928625888820700,Nifty 50,2022-05-10,23365.81,21340.76
TRI63913928625888820700,Nifty 50,2022-05-11,23260.85,21244.89
TRI63913928625888820700,Nifty 50,2022-05-12,22766.52,20788.53
TRI63913928625888820700,Nifty 50,2022-05-13,22729.28,20754.52
TRI63913928625888820700,Nifty 50,2022-05-16,22815.88,20833.6
TRI63913928625888820700,Nifty 50,2022-05-17,23416.46,21382.0
TRI63913928625888820700,Nifty 50,2022-05-18,23389.07,21356.99
TRI63913928625888820700,Nifty 50,2022-05-19,22768.49,20790.33
TRI63913928625888820700,Nifty 50,2022-05-20,23426.36,21391.04
TRI63913928625888820700,Nifty 50,2022-05-23,23352.22,21323.34
TRI63913928625888820700,Nifty 50,2022-05-24,23223.25,21205.58
TRI63913928625888820700,Nifty 50,2022-05-25,23096.63,21086.36
TRI63913928625888820700,Nifty 50,2022-05-26,23322.66,21288.79
TRI63913928625888820700,Nifty 50,2022-05-27,23585.61,21528.81
TRI63913928625888820700,Nifty 50,2022-05-30,24031.25,21935.58
TRI63913928625888820700,Nifty 50,2022-05-31,23958.1,21860.58
TRI63913928625888820700,Nifty 50,2022-06-01,23868.85,21779.14
TRI63913928625888820700,Nifty 50,2022-06-02,24020.89,21917.88
TRI63913928625888820700,Nifty 50,2022-06-03,23957.71,21860.22
TRI63913928626779385600,Nifty 50,2022-06-06,23936.44,21840.82
TRI63913928626779385600,Nifty 50,2022-06-07,23715.1,21638.86
TRI63913928626779385600,Nifty 50,2022-06-08,23628.32,21559.68
TRI63913928626779385600,Nifty 50,2022-06-09,23807.84,21722.71
TRI63913928626779385600,Nifty 50,2022-06-10,23408.59,21358.43
TRI63913928626779385600,Nifty 50,2022-06-13,22791.12,20795.04
TRI63913928626779385600,Nifty 50,2022-06-14,22729.97,20739.25
TRI63913928626779385600,Nifty 50,2022-06-15,22691.46,20699.92
TRI63913928626779385600,Nifty 50,2022-06-16,22211.98,20262.53
TRI63913928626779385600,Nifty 50,2022-06-17,22114.97,20174.03
TRI63913928626779385600,Nifty 50,2022-06-20,22199.11,20250.3
TRI63913928626779385600,Nifty 50,2022-06-21,22616.52,20631.06
TRI63913928626779385600,Nifty 50,2022-06-22,22290.46,20333.63
TRI63913928626779385600,Nifty 50,2022-06-23,22497.71,20522.69
TRI63913928626779385600,Nifty 50,2022-06-24,22703.95,20710.83
TRI63913928626779385600,Nifty 50,2022-06-27,22896.02,20886.03
TRI63913928626779385600,Nifty 50,2022-06-28,22922.24,20909.95
TRI63913928626779385600,Nifty 50,2022-06-29,22848.35,20842.55
TRI63913928626779385600,Nifty 50,2022-06-30,22828.93,20823.12
TRI63913928626779385600,Nifty 50,2022-07-01,22788.18,20785.94
TRI63913928626779385600,Nifty 50,2022-07-04,22914.2,20899.69
TRI63913928626779385600,Nifty 50,2022-07-05,22878.72,20867.33
TRI63913928626779385600,Nifty 50,2022-07-06,23137.7,21103.54
TRI63913928626779385600,Nifty 50,2022-07-07,23345.61,21292.98
TRI63913928626779385600,Nifty 50,2022-07-08,23473.61,21409.5
TRI63913928626779385600,Nifty 50,2022-07-11,23468.14,21404.25
TRI63913928626779385600,Nifty 50,2022-07-12,23239.9,21196.08
TRI63913928626779385600,Nifty 50,2022-07-13,23107.47,21075.26
TRI63913928626779385600,Nifty 50,2022-07-14,23074.52,21043.55
TRI63913928626779385600,Nifty 50,2022-07-15,23234.52,21189.47
TRI63913928626779385600,Nifty 50,2022-07-18,23566.52,21492.25
TRI63913928626779385600,Nifty 50,2022-07-19,23659.85,21576.6
TRI63913928626779385600,Nifty 50,2022-07-20,23920.88,21814.65
TRI63913928626779385600,Nifty 50,2022-07-21,24058.17,21936.56
TRI63913928626779385600,Nifty 50,2022-07-22,24223.56,22087.38
TRI63913928626779385600,Nifty 50,2022-07-25,24095.46,21970.57
TRI63913928626779385600,Nifty 50,2022-07-26,23882.26,21776.17
TRI63913928626779385600,Nifty 50,2022-07-27,24114.41,21987.13
TRI63913928626779385600,Nifty 50,2022-07-28,24531.38,22367.32
TRI63913928626779385600,Nifty 50,2022-07-29,24862.7,22669.41
TRI63913928626779385600,Nifty 50,2022-08-01,25128.57,22911.3
TRI63913928626779385600,Nifty 50,2022-08-02,25137.82,22919.42
TRI63913928626779385600,Nifty 50,2022-08-03,25202.38,22977.71
TRI63913928626779385600,Nifty 50,2022-08-04,25193.41,22969.53
TRI63913928626779385600,Nifty 50,2022-08-05,25215.93,22990.06
TRI63913928626779385600,Nifty 50,2022-08-08,25413.25,23167.26
TRI63913928626779385600,Nifty 50,2022-08-10,25431.92,23183.26
TRI63913928626779385600,Nifty 50,2022-08-11,25621.06,23353.73
TRI63913928626779385600,Nifty 50,2022-08-12,25678.83,23406.18
TRI63913928626779385600,Nifty 50,2022-08-16,25863.24,23574.27
TRI63913928626779385600,Nifty 50,2022-08-17,26035.87,23731.63
TRI63913928626779385600,Nifty 50,2022-08-18,26067.35,23757.33
TRI63913928626779385600,Nifty 50,2022-08-19,25785.4,23499.16
TRI63913928626779385600,Nifty 50,2022-08-22,25396.57,23144.81
TRI63913928626779385600,Nifty 50,2022-08-23,25522.62,23259.68
TRI63913928626779385600,Nifty 50,2022-08-24,25562.51,23296.03
TRI63913928626779385600,Nifty 50,2022-08-25,25442.67,23186.82
TRI63913928626779385600,Nifty 50,2022-08-26,25495.64,23235.09
TRI63913928626779385600,Nifty 50,2022-08-29,25138.4,22909.53
TRI63913928626779385600,Nifty 50,2022-08-30,25786.59,23500.25
TRI63913928626779385600,Nifty 50,2022-09-01,25472.24,23213.76
TRI63913928627857594800,Nifty 50,2022-09-02,25467.41,23209.37
TRI63913928627857594800,Nifty 50,2022-09-05,25650.83,23376.52
TRI63913928627857594800,Nifty 50,2022-09-06,25636.01,23363.01
TRI63913928627857594800,Nifty 50,2022-09-07,25590.73,23321.75
TRI63913928627857594800,Nifty 50,2022-09-08,25843.86,23552.44
TRI63913928627857594800,Nifty 50,2022-09-09,25894.12,23598.24
TRI63913928627857594800,Nifty 50,2022-09-12,26043.69,23734.54
TRI63913928627857594800,Nifty 50,2022-09-13,26237.81,23882.24
TRI63913928627857594800,Nifty 50,2022-09-14,26141.52,23794.6
TRI63913928627857594800,Nifty 50,2022-09-15,25958.06,23627.61
TRI63913928627857594800,Nifty 50,2022-09-16,25454.93,23169.65
TRI63913928627857594800,Nifty 50,2022-09-19,25587.63,23290.43
TRI63913928627857594800,Nifty 50,2022-09-20,25869.27,23546.79
TRI63913928627857594800,Nifty 50,2022-09-21,25727.13,23417.42
TRI63913928627857594800,Nifty 50,2022-09-22,25598.6,23300.42
TRI63913928627857594800,Nifty 50,2022-09-23,25159.42,22900.66
TRI63913928627857594800,Nifty 50,2022-09-26,24707.77,22489.57
TRI63913928627857594800,Nifty 50,2022-09-27,24694.83,22477.79
TRI63913928627857594800,Nifty 50,2022-09-28,24478.82,22281.17
TRI63913928627857594800,Nifty 50,2022-09-29,24419.98,22227.62
TRI63913928627857594800,Nifty 50,2022-09-30,24821.08,22592.71
TRI63913928627857594800,Nifty 50,2022-10-03,24520.52,22319.13
TRI63913928627857594800,Nifty 50,2022-10-04,25082.39,22830.55
TRI63913928627857594800,Nifty 50,2022-10-06,25165.85,22906.52
TRI63913928627857594800,Nifty 50,2022-10-07,25140.99,22883.89
TRI63913928627857594800,Nifty 50,2022-10-10,25034.02,22786.53
TRI63913928627857594800,Nifty 50,2022-10-11,24660.2,22446.27
TRI63913928627857594800,Nifty 50,2022-10-12,24863.58,22631.39
TRI63913928627857594800,Nifty 50,2022-10-13,24704.95,22487.0
TRI63913928627857594800,Nifty 50,2022-10-14,24953.75,22713.47
TRI63913928627857594800,Nifty 50,2022-10-17,25139.55,22882.0
TRI63913928627857594800,Nifty 50,2022-10-18,25393.89,23113.49
TRI63913928627857594800,Nifty 50,2022-10-19,25434.1,23149.34
TRI63913928627857594800,Nifty 50,2022-10-20,25509.14,23217.64
TRI63913928627857594800,Nifty 50,2022-10-21,25527.09,23233.98
TRI63913928627857594800,Nifty 50,2022-10-24,25751.45,23438.19
TRI63913928627857594800,Nifty 50,2022-10-25,25643.34,23339.78
TRI63913928627857594800,Nifty 50,2022-10-27,25780.23,23460.06
TRI63913928627857594800,Nifty 50,2022-10-28,25852.72,23526.03
TRI63913928627857594800,Nifty 50,2022-10-31,26182.36,23825.55
TRI63913928627857594800,Nifty 50,2022-11-01,26380.97,24005.21
TRI63913928627857594800,Nifty 50,2022-11-02,26290.01,23922.43
TRI63913928627857594800,Nifty 50,2022-11-03,26246.23,23882.6
TRI63913928627857594800,Nifty 50,2022-11-04,26339.9,23967.83
TRI63913928627857594800,Nifty 50,2022-11-07,26464.44,24081.16
TRI63913928627857594800,Nifty 50,2022-11-09,26401.58,24023.14
TRI63913928627857594800,Nifty 50,2022-11-10,26214.31,23852.74
TRI63913928627857594800,Nifty 50,2022-11-11,26681.76,24278.09
TRI63913928627857594800,Nifty 50,2022-11-14,26651.93,24249.71
TRI63913928627857594800,Nifty 50,2022-11-15,26759.85,24345.66
TRI63913928627857594800,Nifty 50,2022-11-16,26768.95,24353.94
TRI63913928627857594800,Nifty 50,2022-11-17,26673.32,24266.93
TRI63913928627857594800,Nifty 50,2022-11-18,26620.61,24218.98
TRI63913928627857594800,Nifty 50,2022-11-21,26405.9,24021.76
TRI63913928627857594800,Nifty 50,2022-11-22,26528.4,24133.2
TRI63913928627857594800,Nifty 50,2022-11-23,26561.89,24163.67
TRI63913928627857594800,Nifty 50,2022-11-24,26877.24,24450.54
TRI63913928627857594800,Nifty 50,2022-11-25,26918.89,24488.44
TRI63913928627857594800,Nifty 50,2022-11-28,26991.6,24554.58
TRI63913928627857594800,Nifty 50,2022-11-29,27071.98,24627.7
TRI63913928627857594800,Nifty 50,2022-11-30,27276.01,24813.31
TRI63913928628904415500,Nifty 50,2022-12-01,27354.74,24884.93
TRI63913928628904415500,Nifty 50,2022-12-02,27185.44,24730.92
TRI63913928628904415500,Nifty 50,2022-12-05,27192.64,24737.46
TRI63913928628904415500,Nifty 50,2022-12-06,27107.87,24660.35
TRI63913928628904415500,Nifty 50,2022-12-07,26988.31,24551.59
TRI63913928628904415500,Nifty 50,2022-12-08,27059.31,24616.18
TRI63913928628904415500,Nifty 50,2022-12-09,26895.35,24467.02
TRI63913928628904415500,Nifty 50,2022-12-12,26896.21,24467.8
TRI63913928628904415500,Nifty 50,2022-12-13,27057.35,24614.39
TRI63913928628904415500,Nifty 50,2022-12-14,27133.4,24683.57
TRI63913928628904415500,Nifty 50,2022-12-15,26776.56,24358.95
TRI63913928628904415500,Nifty 50,2022-12-16,26564.46,24166.01
TRI63913928628904415500,Nifty 50,2022-12-19,26784.68,24366.34
TRI63913928628904415500,Nifty 50,2022-12-20,26733.51,24319.79
TRI63913928628904415500,Nifty 50,2022-12-21,26462.77,24073.49
TRI63913928628904415500,Nifty 50,2022-12-22,26358.44,23978.58
TRI63913928628904415500,Nifty 50,2022-12-23,25892.35,23554.58
TRI63913928628904415500,Nifty 50,2022-12-26,26194.52,23829.46
TRI63913928628904415500,Nifty 50,2022-12-27,26365.65,23985.14
TRI63913928628904415500,Nifty 50,2022-12-28,26351.4,23972.18
TRI63913928628904415500,Nifty 50,2022-12-29,26451.02,24062.8
TRI63913928628904415500,Nifty 50,2022-12-30,26326.37,23949.41
TRI63913928628904415500,Nifty 50,2023-01-02,26460.41,24071.35
TRI63913928628904415500,Nifty 50,2023-01-03,26511.45,24117.78
TRI63913928628904415500,Nifty 50,2023-01-04,26235.73,23866.95
TRI63913928628904415500,Nifty 50,2023-01-05,26161.85,23799.74
TRI63913928628904415500,Nifty 50,2023-01-06,25968.95,23624.26
TRI63913928628904415500,Nifty 50,2023-01-09,26320.41,23943.99
TRI63913928628904415500,Nifty 50,2023-01-10,26048.47,23696.6
TRI63913928628904415500,Nifty 50,2023-01-11,26021.6,23672.16
TRI63913928628904415500,Nifty 50,2023-01-12,25967.07,23622.55
TRI63913928628904415500,Nifty 50,2023-01-13,26110.2,23752.76
TRI63913928628904415500,Nifty 50,2023-01-16,26020.39,23665.56
TRI63913928628904415500,Nifty 50,2023-01-17,26250.81,23875.12
TRI63913928628904415500,Nifty 50,2023-01-18,26413.71,24023.27
TRI63913928628904415500,Nifty 50,2023-01-19,26333.57,23949.63
TRI63913928628904415500,Nifty 50,2023-01-20,26216.94,23843.55
TRI63913928628904415500,Nifty 50,2023-01-23,26349.14,23963.79
TRI63913928628904415500,Nifty 50,2023-01-24,26349.28,23963.81
TRI63913928628904415500,Nifty 50,2023-01-25,26020.13,23664.46
TRI63913928628904415500,Nifty 50,2023-01-27,25601.88,23284.07
TRI63913928628904415500,Nifty 50,2023-01-30,25666.69,23343.02
TRI63913928628904415500,Nifty 50,2023-01-31,25685.94,23360.52
TRI63913928628904415500,Nifty 50,2023-02-01,25619.24,23299.87
TRI63913928628904415500,Nifty 50,2023-02-02,25610.65,23292.05
TRI63913928628904415500,Nifty 50,2023-02-03,25965.0,23612.87
TRI63913928628904415500,Nifty 50,2023-02-06,25834.87,23494.53
TRI63913928628904415500,Nifty 50,2023-02-07,25772.19,23437.53
TRI63913928628904415500,Nifty 50,2023-02-08,25993.34,23636.05
TRI63913928628904415500,Nifty 50,2023-02-09,26024.94,23664.79
TRI63913928628904415500,Nifty 50,2023-02-10,25971.23,23615.95
TRI63913928628904415500,Nifty 50,2023-02-13,25846.7,23502.71
TRI63913928628904415500,Nifty 50,2023-02-14,26077.93,23712.97
TRI63913928628904415500,Nifty 50,2023-02-15,26220.43,23838.76
TRI63913928628904415500,Nifty 50,2023-02-16,26249.52,23865.21
TRI63913928628904415500,Nifty 50,2023-02-17,26116.12,23743.32
TRI63913928628904415500,Nifty 50,2023-02-20,25971.19,23611.56
TRI63913928628904415500,Nifty 50,2023-02-21,25945.08,23587.82
TRI63913928628904415500,Nifty 50,2023-02-22,25548.67,23227.43
TRI63913928628904415500,Nifty 50,2023-02-23,25485.97,23170.43
TRI63913928628904415500,Nifty 50,2023-02-24,25420.07,23109.35
TRI63913928628904415500,Nifty 50,2023-02-27,25313.7,23012.64
TRI63913928628904415500,Nifty 50,2023-02-28,25184.47,22895.16
TRI63913928630107890500,Nifty 50,2023-03-01,25398.4,23089.65
TRI63913928630107890500,Nifty 50,2023-03-02,25210.65,22918.97
TRI63913928630107890500,Nifty 50,2023-03-03,25607.14,23279.41
TRI63913928630107890500,Nifty 50,2023-03-06,25777.6,23434.37
TRI63913928630107890500,Nifty 50,2023-03-08,25840.12,23491.21
TRI63913928630107890500,Nifty 50,2023-03-09,25600.24,23273.14
TRI63913928630107890500,Nifty 50,2023-03-10,25343.09,23039.37
TRI63913928630107890500,Nifty 50,2023-03-13,24966.68,22697.17
TRI63913928630107890500,Nifty 50,2023-03-14,24805.11,22550.29
TRI63913928630107890500,Nifty 50,2023-03-15,24701.6,22456.19
TRI63913928630107890500,Nifty 50,2023-03-16,24721.52,22474.22
TRI63913928630107890500,Nifty 50,2023-03-17,24888.1,22625.65
TRI63913928630107890500,Nifty 50,2023-03-20,24725.6,22477.92
TRI63913928630107890500,Nifty 50,2023-03-21,24898.97,22635.53
TRI63913928630107890500,Nifty 50,2023-03-22,24963.55,22694.24
TRI63913928630107890500,Nifty 50,2023-03-23,24854.39,22595.01
TRI63913928630107890500,Nifty 50,2023-03-24,24662.53,22420.59
TRI63913928630107890500,Nifty 50,2023-03-27,24721.71,22474.39
TRI63913928630107890500,Nifty 50,2023-03-28,24672.17,22429.35
TRI63913928630107890500,Nifty 50,2023-03-29,24859.93,22600.05
TRI63913928630107890500,Nifty 50,2023-03-31,25266.06,22969.25
TRI63913928630107890500,Nifty 50,2023-04-03,25321.85,23019.97
TRI63913928630107890500,Nifty 50,2023-04-05,25553.28,23230.36
TRI63913928630107890500,Nifty 50,2023-04-06,25614.55,23286.07
TRI63913928630107890500,Nifty 50,2023-04-10,25650.73,23318.96
TRI63913928630107890500,Nifty 50,2023-04-11,25793.77,23449.0
TRI63913928630107890500,Nifty 50,2023-04-12,25924.89,23568.2
TRI63913928630107890500,Nifty 50,2023-04-13,25950.39,23590.76
TRI63913928630107890500,Nifty 50,2023-04-17,25774.07,23430.48
TRI63913928630107890500,Nifty 50,2023-04-18,25706.09,23368.68
TRI63913928630107890500,Nifty 50,2023-04-19,25645.82,23313.89
TRI63913928630107890500,Nifty 50,2023-04-20,25654.16,23321.47
TRI63913928630107890500,Nifty 50,2023-04-21,25654.78,23321.77
TRI63913928630107890500,Nifty 50,2023-04-24,25828.46,23479.65
TRI63913928630107890500,Nifty 50,2023-04-25,25866.09,23513.86
TRI63913928630107890500,Nifty 50,2023-04-26,25930.7,23572.6
TRI63913928630107890500,Nifty 50,2023-04-27,26078.38,23706.85
TRI63913928630107890500,Nifty 50,2023-04-28,26302.92,23909.59
TRI63913928630107890500,Nifty 50,2023-05-02,26423.3,24019.02
TRI63913928630107890500,Nifty 50,2023-05-03,26339.14,23942.52
TRI63913928630107890500,Nifty 50,2023-05-04,26580.77,24162.16
TRI63913928630107890500,Nifty 50,2023-05-05,26308.78,23914.93
TRI63913928630107890500,Nifty 50,2023-05-08,26593.29,24173.54
TRI63913928630107890500,Nifty 50,2023-05-09,26595.52,24175.57
TRI63913928630107890500,Nifty 50,2023-05-10,26667.11,24240.65
TRI63913928630107890500,Nifty 50,2023-05-11,26640.77,24216.7
TRI63913928630107890500,Nifty 50,2023-05-12,26666.67,24240.25
TRI63913928630107890500,Nifty 50,2023-05-15,26789.02,24351.47
TRI63913928630107890500,Nifty 50,2023-05-16,26679.67,24240.28
TRI63913928630107890500,Nifty 50,2023-05-17,26526.82,24101.4
TRI63913928630107890500,Nifty 50,2023-05-18,26451.26,24032.75
TRI63913928630107890500,Nifty 50,2023-05-19,26560.1,24131.28
TRI63913928630107890500,Nifty 50,2023-05-22,26722.03,24278.4
TRI63913928630107890500,Nifty 50,2023-05-23,26771.1,24322.98
TRI63913928630107890500,Nifty 50,2023-05-24,26679.72,24239.96
TRI63913928630107890500,Nifty 50,2023-05-25,26731.86,24287.34
TRI63913928630107890500,Nifty 50,2023-05-26,26991.87,24523.57
TRI63913928630107890500,Nifty 50,2023-05-29,27136.82,24655.26
TRI63913928631139184700,Nifty 50,2023-05-30,27188.18,24695.86
TRI63913928631139184700,Nifty 50,2023-05-31,27057.44,24573.97
TRI63913928631139184700,Nifty 50,2023-06-01,26989.35,24512.14
TRI63913928631139184700,Nifty 50,2023-06-02,27080.87,24590.09
TRI63913928631139184700,Nifty 50,2023-06-05,27168.13,24669.32
TRI63913928631139184700,Nifty 50,2023-06-06,27175.7,24676.19
TRI63913928631139184700,Nifty 50,2023-06-07,27361.85,24845.22
TRI63913928631139184700,Nifty 50,2023-06-08,27227.59,24723.3
TRI63913928631139184700,Nifty 50,2023-06-09,27126.86,24631.15
TRI63913928631139184700,Nifty 50,2023-06-12,27182.55,24681.72
TRI63913928631139184700,Nifty 50,2023-06-13,27350.09,24833.84
TRI63913928631139184700,Nifty 50,2023-06-14,27408.12,24886.53
TRI63913928631139184700,Nifty 50,2023-06-15,27317.25,24802.24
TRI63913928631139184700,Nifty 50,2023-06-16,27519.44,24985.68
TRI63913928631139184700,Nifty 50,2023-06-19,27422.87,24896.58
TRI63913928631139184700,Nifty 50,2023-06-20,27512.41,24977.87
TRI63913928631139184700,Nifty 50,2023-06-21,27571.14,25031.2
TRI63913928631139184700,Nifty 50,2023-06-22,27445.97,24915.45
TRI63913928631139184700,Nifty 50,2023-06-23,27291.39,24775.13
TRI63913928631139184700,Nifty 50,2023-06-26,27328.91,24809.19
TRI63913928631139184700,Nifty 50,2023-06-27,27513.45,24976.71
TRI63913928631139184700,Nifty 50,2023-06-28,27739.64,25182.04
TRI63913928631139184700,Nifty 50,2023-06-30,28059.65,25470.8
TRI63913928631139184700,Nifty 50,2023-07-03,28254.9,25648.04
TRI63913928631139184700,Nifty 50,2023-07-04,28352.01,25736.19
TRI63913928631139184700,Nifty 50,2023-07-05,28365.96,25748.85
TRI63913928631139184700,Nifty 50,2023-07-06,28510.39,25879.96
TRI63913928631139184700,Nifty 50,2023-07-07,28269.43,25661.0
TRI63913928631139184700,Nifty 50,2023-07-10,28304.66,25692.98
TRI63913928631139184700,Nifty 50,2023-07-11,28429.42,25805.65
TRI63913928631139184700,Nifty 50,2023-07-12,28348.88,25732.55
TRI63913928631139184700,Nifty 50,2023-07-13,28393.32,25772.58
TRI63913928631139184700,Nifty 50,2023-07-14,28618.6,25976.03
TRI63913928631139184700,Nifty 50,2023-07-17,28833.54,26171.12
TRI63913928631139184700,Nifty 50,2023-07-18,28888.85,26221.32
TRI63913928631139184700,Nifty 50,2023-07-19,29011.55,26332.69
TRI63913928631139184700,Nifty 50,2023-07-20,29231.71,26531.1
TRI63913928631139184700,Nifty 50,2023-07-21,28890.53,26219.69
TRI63913928631139184700,Nifty 50,2023-07-24,28784.26,26123.25
TRI63913928631139184700,Nifty 50,2023-07-25,28796.35,26134.22
TRI63913928631139184700,Nifty 50,2023-07-26,28939.3,26263.95
TRI63913928631139184700,Nifty 50,2023-07-27,28769.02,26108.77
TRI63913928631139184700,Nifty 50,2023-07-28,28752.69,26093.09
TRI63913928631139184700,Nifty 50,2023-07-31,28910.43,26236.24
TRI63913928631139184700,Nifty 50,2023-08-01,28880.78,26209.33
TRI63913928631139184700,Nifty 50,2023-08-02,28589.81,25942.67
TRI63913928631139184700,Nifty 50,2023-08-03,28383.28,25754.04
TRI63913928631139184700,Nifty 50,2023-08-04,28582.25,25934.42
TRI63913928631139184700,Nifty 50,2023-08-07,28699.8,26041.09
TRI63913928631139184700,Nifty 50,2023-08-08,28661.08,26004.78
TRI63913928631139184700,Nifty 50,2023-08-09,28769.97,26099.56
TRI63913928631139184700,Nifty 50,2023-08-10,28638.92,25980.67
TRI63913928631139184700,Nifty 50,2023-08-11,28482.45,25836.16
TRI63913928631139184700,Nifty 50,2023-08-14,28494.78,25846.67
TRI63913928631139184700,Nifty 50,2023-08-16,28539.38,25887.13
TRI63913928631139184700,Nifty 50,2023-08-17,28393.16,25754.49
TRI63913928631139184700,Nifty 50,2023-08-18,28316.31,25683.93
TRI63913928631139184700,Nifty 50,2023-08-21,28448.83,25801.94
TRI63913928631139184700,Nifty 50,2023-08-22,28453.01,25805.73
TRI63913928631139184700,Nifty 50,2023-08-23,28522.76,25868.99
TRI63913928631139184700,Nifty 50,2023-08-24,28438.68,25792.73
TRI63913928631139184700,Nifty 50,2023-08-25,28261.32,25631.87
TRI63913928632342284600,Nifty 50,2023-08-28,28320.4,25685.46
TRI63913928632342284600,Nifty 50,2023-08-29,28374.03,25734.1
TRI63913928632342284600,Nifty 50,2023-08-30,28381.13,25740.54
TRI63913928632342284600,Nifty 50,2023-08-31,28243.74,25615.93
TRI63913928632342284600,Nifty 50,2023-09-01,28509.94,25857.36
TRI63913928632342284600,Nifty 50,2023-09-04,28647.16,25981.81
TRI63913928632342284600,Nifty 50,2023-09-05,28714.78,26043.15
TRI63913928632342284600,Nifty 50,2023-09-06,28767.78,26091.21
TRI63913928632342284600,Nifty 50,2023-09-07,28937.96,26245.56
TRI63913928632342284600,Nifty 50,2023-09-08,29074.22,26369.14
TRI63913928632342284600,Nifty 50,2023-09-11,29333.0,26603.84
TRI63913928632342284600,Nifty 50,2023-09-12,29328.37,26587.76
TRI63913928632342284600,Nifty 50,2023-09-13,29441.04,26689.91
TRI63913928632342284600,Nifty 50,2023-09-14,29489.61,26733.94
TRI63913928632342284600,Nifty 50,2023-09-15,29620.53,26852.63
TRI63913928632342284600,Nifty 50,2023-09-18,29533.91,26774.1
TRI63913928632342284600,Nifty 50,2023-09-20,29193.69,26465.67
TRI63913928632342284600,Nifty 50,2023-09-21,28960.36,26254.15
TRI63913928632342284600,Nifty 50,2023-09-22,28860.46,26163.59
TRI63913928632342284600,Nifty 50,2023-09-25,28860.9,26163.98
TRI63913928632342284600,Nifty 50,2023-09-26,28846.47,26150.9
TRI63913928632342284600,Nifty 50,2023-09-27,28922.43,26219.76
TRI63913928632342284600,Nifty 50,2023-09-28,28639.44,25963.22
TRI63913928632342284600,Nifty 50,2023-09-29,28807.77,26115.82
TRI63913928632342284600,Nifty 50,2023-10-03,28647.04,25970.11
TRI63913928632342284600,Nifty 50,2023-10-04,28511.13,25846.9
TRI63913928632342284600,Nifty 50,2023-10-05,28671.97,25992.7
TRI63913928632342284600,Nifty 50,2023-10-06,28830.08,26136.04
TRI63913928632342284600,Nifty 50,2023-10-09,28622.98,25948.3
TRI63913928632342284600,Nifty 50,2023-10-10,28883.35,26184.33
TRI63913928632342284600,Nifty 50,2023-10-11,29061.61,26345.93
TRI63913928632342284600,Nifty 50,2023-10-12,29036.17,26322.87
TRI63913928632342284600,Nifty 50,2023-10-13,28973.14,26265.73
TRI63913928632342284600,Nifty 50,2023-10-16,28944.87,26240.1
TRI63913928632342284600,Nifty 50,2023-10-17,29061.8,26346.11
TRI63913928632342284600,Nifty 50,2023-10-18,28855.87,26159.42
TRI63913928632342284600,Nifty 50,2023-10-19,28790.88,26099.83
TRI63913928632342284600,Nifty 50,2023-10-20,28674.78,25993.67
TRI63913928632342284600,Nifty 50,2023-10-23,28291.96,25646.64
TRI63913928632342284600,Nifty 50,2023-10-25,28079.26,25449.17
TRI63913928632342284600,Nifty 50,2023-10-26,27690.29,25096.63
TRI63913928632342284600,Nifty 50,2023-10-27,27969.92,25349.93
TRI63913928632342284600,Nifty 50,2023-10-30,28107.42,25474.56
TRI63913928632342284600,Nifty 50,2023-10-31,28017.36,25392.94
TRI63913928632342284600,Nifty 50,2023-11-01,27886.24,25273.73
TRI63913928632342284600,Nifty 50,2023-11-02,28105.75,25470.96
TRI63913928632342284600,Nifty 50,2023-11-03,28253.09,25603.55
TRI63913928632342284600,Nifty 50,2023-11-06,28519.25,25844.75
TRI63913928632342284600,Nifty 50,2023-11-07,28511.81,25838.01
TRI63913928632342284600,Nifty 50,2023-11-08,28565.86,25886.99
TRI63913928632342284600,Nifty 50,2023-11-09,28495.08,25822.85
TRI63913928632342284600,Nifty 50,2023-11-10,28539.24,25862.87
TRI63913928632342284600,Nifty 50,2023-11-12,28686.47,25996.29
TRI63913928632342284600,Nifty 50,2023-11-13,28565.95,25887.07
TRI63913928632342284600,Nifty 50,2023-11-15,28906.7,26195.86
TRI63913928632342284600,Nifty 50,2023-11-16,29044.66,26319.57
TRI63913928632342284600,Nifty 50,2023-11-17,28995.52,26275.04
TRI63913928632342284600,Nifty 50,2023-11-20,28939.98,26224.7
TRI63913928632342284600,Nifty 50,2023-11-21,29071.36,26339.61
TRI63913928632342284600,Nifty 50,2023-11-22,29113.18,26377.5
TRI63913928632342284600,Nifty 50,2023-11-23,29098.74,26364.41
TRI63913928632342284600,Nifty 50,2023-11-24,29087.95,26354.64
TRI63913928633592356300,Nifty 50,2023-11-28,29227.61,26481.17
TRI63913928633592356300,Nifty 50,2023-11-29,29531.63,26756.63
TRI63913928633592356300,Nifty 50,2023-11-30,29585.36,26805.3
TRI63913928633592356300,Nifty 50,2023-12-01,29783.34,26984.68
TRI63913928633592356300,Nifty 50,2023-12-04,30398.91,27542.41
TRI63913928633592356300,Nifty 50,2023-12-05,30646.19,27766.45
TRI63913928633592356300,Nifty 50,2023-12-06,30767.6,27876.45
TRI63913928633592356300,Nifty 50,2023-12-07,30713.86,27827.76
TRI63913928633592356300,Nifty 50,2023-12-08,30814.15,27918.63
TRI63913928633592356300,Nifty 50,2023-12-11,30854.9,27955.55
TRI63913928633592356300,Nifty 50,2023-12-12,30721.59,27833.31
TRI63913928633592356300,Nifty 50,2023-12-13,30750.95,27859.91
TRI63913928633592356300,Nifty 50,2023-12-14,31127.6,28201.14
TRI63913928633592356300,Nifty 50,2023-12-15,31530.19,28565.89
TRI63913928633592356300,Nifty 50,2023-12-18,31474.35,28515.3
TRI63913928633592356300,Nifty 50,2023-12-19,31525.0,28561.19
TRI63913928633592356300,Nifty 50,2023-12-20,31079.76,28157.81
TRI63913928633592356300,Nifty 50,2023-12-21,31233.93,28297.48
TRI63913928633592356300,Nifty 50,2023-12-22,31372.6,28423.12
TRI63913928633592356300,Nifty 50,2023-12-26,31507.69,28545.51
TRI63913928633592356300,Nifty 50,2023-12-27,31821.31,28829.64
TRI63913928633592356300,Nifty 50,2023-12-28,32003.47,28994.67
TRI63913928633592356300,Nifty 50,2023-12-29,31933.93,28931.67
TRI63913928633592356300,Nifty 50,2024-01-01,31949.36,28945.65
TRI63913928633592356300,Nifty 50,2024-01-02,31837.56,28844.36
TRI63913928633592356300,Nifty 50,2024-01-03,31619.36,28646.67
TRI63913928633592356300,Nifty 50,2024-01-04,31826.97,28834.77
TRI63913928633592356300,Nifty 50,2024-01-05,31903.69,28904.27
TRI63913928633592356300,Nifty 50,2024-01-08,31613.01,28640.92
TRI63913928633592356300,Nifty 50,2024-01-09,31659.81,28683.33
TRI63913928633592356300,Nifty 50,2024-01-10,31768.3,28781.4
TRI63913928633592356300,Nifty 50,2024-01-11,31810.18,28819.34
TRI63913928633592356300,Nifty 50,2024-01-12,32173.66,29148.64
TRI63913928633592356300,Nifty 50,2024-01-15,32471.8,29418.75
TRI63913928633592356300,Nifty 50,2024-01-16,32376.1,29332.05
TRI63913928633592356300,Nifty 50,2024-01-17,31699.64,28719.19
TRI63913928633592356300,Nifty 50,2024-01-18,31538.4,28573.11
TRI63913928633592356300,Nifty 50,2024-01-19,31787.24,28795.64
TRI63913928633592356300,Nifty 50,2024-01-20,31712.86,28728.26
TRI63913928633592356300,Nifty 50,2024-01-23,31223.3,28284.77
TRI63913928633592356300,Nifty 50,2024-01-24,31540.07,28571.62
TRI63913928633592356300,Nifty 50,2024-01-25,31391.07,28436.65
TRI63913928633592356300,Nifty 50,2024-01-29,31957.05,28949.36
TRI63913928633592356300,Nifty 50,2024-01-30,31640.24,28662.37
TRI63913928633592356300,Nifty 50,2024-01-31,31939.59,28933.54
TRI63913928633592356300,Nifty 50,2024-02-01,31898.06,28895.92
TRI63913928633592356300,Nifty 50,2024-02-02,32127.9,29104.13
TRI63913928633592356300,Nifty 50,2024-02-05,32007.18,28994.78
TRI63913928633592356300,Nifty 50,2024-02-06,32242.59,29207.25
TRI63913928633592356300,Nifty 50,2024-02-07,32244.22,29208.72
TRI63913928633592356300,Nifty 50,2024-02-08,31950.32,28938.46
TRI63913928633592356300,Nifty 50,2024-02-09,32048.38,29026.61
TRI63913928633592356300,Nifty 50,2024-02-12,31803.52,28804.83
TRI63913928633592356300,Nifty 50,2024-02-13,31990.61,28974.28
TRI63913928633592356300,Nifty 50,2024-02-14,32133.04,29103.29
TRI63913928633592356300,Nifty 50,2024-02-15,32244.79,29202.82
TRI63913928633592356300,Nifty 50,2024-02-16,32441.32,29379.68
TRI63913928633592356300,Nifty 50,2024-02-19,32561.34,29488.37
TRI63913928633592356300,Nifty 50,2024-02-20,32675.53,29590.87
TRI63913928633592356300,Nifty 50,2024-02-21,32466.65,29400.75
TRI63913928633592356300,Nifty 50,2024-02-22,32705.7,29617.23
TRI63913928633592356300,Nifty 50,2024-02-23,32698.69,29610.88
TRI63913928634498574600,Nifty 50,2024-02-26,32565.29,29490.08
TRI63913928634498574600,Nifty 50,2024-02-27,32677.61,29591.79
TRI63913928634498574600,Nifty 50,2024-02-28,32313.7,29262.25
TRI63913928634498574600,Nifty 50,2024-02-29,32360.25,29304.4
TRI63913928634498574600,Nifty 50,2024-03-01,32884.29,29778.96
TRI63913928634498574600,Nifty 50,2024-03-02,32942.63,29831.79
TRI63913928634498574600,Nifty 50,2024-03-04,32982.68,29868.06
TRI63913928634498574600,Nifty 50,2024-03-05,32910.07,29802.3
TRI63913928634498574600,Nifty 50,2024-03-06,33083.42,29959.28
TRI63913928634498574600,Nifty 50,2024-03-07,33112.15,29985.3
TRI63913928634498574600,Nifty 50,2024-03-11,32875.25,29770.77
TRI63913928634498574600,Nifty 50,2024-03-12,32879.74,29774.84
TRI63913928634498574600,Nifty 50,2024-03-13,32382.22,29324.3
TRI63913928634498574600,Nifty 50,2024-03-14,32601.49,29522.86
TRI63913928634498574600,Nifty 50,2024-03-15,32420.41,29358.79
TRI63913928634498574600,Nifty 50,2024-03-18,32468.0,29401.89
TRI63913928634498574600,Nifty 50,2024-03-19,32117.3,29084.31
TRI63913928634498574600,Nifty 50,2024-03-20,32149.17,29113.17
TRI63913928634498574600,Nifty 50,2024-03-21,32403.6,29343.57
TRI63913928634498574600,Nifty 50,2024-03-22,32528.43,29456.61
TRI63913928634498574600,Nifty 50,2024-03-26,32392.94,29333.92
TRI63913928634498574600,Nifty 50,2024-03-27,32568.01,29492.46
TRI63913928634498574600,Nifty 50,2024-03-28,32867.23,29763.42
TRI63913928634498574600,Nifty 50,2024-04-01,33066.13,29943.53
TRI63913928634498574600,Nifty 50,2024-04-02,33053.33,29931.95
TRI63913928634498574600,Nifty 50,2024-04-03,33025.82,29907.03
TRI63913928634498574600,Nifty 50,2024-04-04,33143.59,30013.68
TRI63913928634498574600,Nifty 50,2024-04-05,33142.19,30012.41
TRI63913928634498574600,Nifty 50,2024-04-08,33366.87,30215.88
TRI63913928634498574600,Nifty 50,2024-04-09,33332.19,30184.47
TRI63913928634498574600,Nifty 50,2024-04-10,33495.65,30332.5
TRI63913928634498574600,Nifty 50,2024-04-12,33150.59,30020.02
TRI63913928634498574600,Nifty 50,2024-04-15,32787.15,29690.9
TRI63913928634498574600,Nifty 50,2024-04-16,32603.74,29524.81
TRI63913928634498574600,Nifty 50,2024-04-18,32379.9,29322.1
TRI63913928634498574600,Nifty 50,2024-04-19,32602.42,29523.61
TRI63913928634498574600,Nifty 50,2024-04-22,32881.22,29776.08
TRI63913928634498574600,Nifty 50,2024-04-23,32927.73,29818.21
TRI63913928634498574600,Nifty 50,2024-04-24,32978.37,29864.07
TRI63913928634498574600,Nifty 50,2024-04-25,33225.64,30087.98
TRI63913928634498574600,Nifty 50,2024-04-26,33004.19,29887.45
TRI63913928634498574600,Nifty 50,2024-04-29,33333.12,30185.31
TRI63913928634498574600,Nifty 50,2024-04-30,33276.41,30133.96
TRI63913928634498574600,Nifty 50,2024-05-02,33340.2,30191.72
TRI63913928634498574600,Nifty 50,2024-05-03,33086.51,29961.99
TRI63913928634498574600,Nifty 50,2024-05-06,33037.73,29917.82
TRI63913928634498574600,Nifty 50,2024-05-07,32837.71,29735.3
TRI63913928634498574600,Nifty 50,2024-05-08,32837.65,29735.25
TRI63913928634498574600,Nifty 50,2024-05-09,32329.72,29275.31
TRI63913928634498574600,Nifty 50,2024-05-10,32522.55,29439.3
TRI63913928634498574600,Nifty 50,2024-05-13,32594.61,29504.54
TRI63913928634498574600,Nifty 50,2024-05-14,32762.37,29656.4
TRI63913928634498574600,Nifty 50,2024-05-15,32736.91,29633.34
TRI63913928634498574600,Nifty 50,2024-05-16,33046.16,29911.22
TRI63913928634498574600,Nifty 50,2024-05-17,33138.02,29994.37
TRI63913928634498574600,Nifty 50,2024-05-18,33190.97,30042.3
TRI63913928634498574600,Nifty 50,2024-05-21,33230.84,30078.39
TRI63913928634498574600,Nifty 50,2024-05-22,33349.84,30182.28
TRI63913928634498574600,Nifty 50,2024-05-23,33895.66,30676.26
TRI63913928635498585300,Nifty 50,2024-05-24,33881.75,30663.32
TRI63913928635498585300,Nifty 50,2024-05-27,33845.39,30630.41
TRI63913928635498585300,Nifty 50,2024-05-28,33780.01,30571.24
TRI63913928635498585300,Nifty 50,2024-05-29,33509.23,30326.18
TRI63913928635498585300,Nifty 50,2024-05-30,33190.35,30037.6
TRI63913928635498585300,Nifty 50,2024-05-31,33285.9,30116.83
TRI63913928635498585300,Nifty 50,2024-06-03,34369.13,31096.92
TRI63913928635498585300,Nifty 50,2024-06-04,32353.5,29268.38
TRI63913928635498585300,Nifty 50,2024-06-05,33441.4,30252.53
TRI63913928635498585300,Nifty 50,2024-06-06,33738.58,30521.37
TRI63913928635498585300,Nifty 50,2024-06-07,34431.61,31148.32
TRI63913928635498585300,Nifty 50,2024-06-10,34385.84,31106.92
TRI63913928635498585300,Nifty 50,2024-06-11,34402.0,31119.84
TRI63913928635498585300,Nifty 50,2024-06-12,34487.88,31197.53
TRI63913928635498585300,Nifty 50,2024-06-13,34600.19,31299.13
TRI63913928635498585300,Nifty 50,2024-06-14,34710.67,31396.51
TRI63913928635498585300,Nifty 50,2024-06-18,34847.24,31520.03
TRI63913928635498585300,Nifty 50,2024-06-19,34786.58,31464.87
TRI63913928635498585300,Nifty 50,2024-06-20,34873.15,31540.77
TRI63913928635498585300,Nifty 50,2024-06-21,34779.9,31437.35
TRI63913928635498585300,Nifty 50,2024-06-24,34834.33,31486.55
TRI63913928635498585300,Nifty 50,2024-06-25,35105.79,31731.92
TRI63913928635498585300,Nifty 50,2024-06-26,35324.11,31929.26
TRI63913928635498585300,Nifty 50,2024-06-27,35585.62,32165.3
TRI63913928635498585300,Nifty 50,2024-06-28,35539.16,32122.52
TRI63913928635498585300,Nifty 50,2024-07-01,35733.58,32298.24
TRI63913928635498585300,Nifty 50,2024-07-02,35706.77,32274.02
TRI63913928635498585300,Nifty 50,2024-07-03,35947.53,32491.63
TRI63913928635498585300,Nifty 50,2024-07-04,35970.64,32512.51
TRI63913928635498585300,Nifty 50,2024-07-05,36009.61,32546.26
TRI63913928635498585300,Nifty 50,2024-07-08,36004.74,32541.86
TRI63913928635498585300,Nifty 50,2024-07-09,36173.87,32694.22
TRI63913928635498585300,Nifty 50,2024-07-10,36012.82,32548.66
TRI63913928635498585300,Nifty 50,2024-07-11,36000.25,32537.3
TRI63913928635498585300,Nifty 50,2024-07-12,36278.67,32788.34
TRI63913928635498585300,Nifty 50,2024-07-15,36403.86,32901.48
TRI63913928635498585300,Nifty 50,2024-07-16,36445.79,32938.73
TRI63913928635498585300,Nifty 50,2024-07-18,36723.93,33190.11
TRI63913928635498585300,Nifty 50,2024-07-19,36328.6,32830.58
TRI63913928635498585300,Nifty 50,2024-07-22,36296.55,32801.62
TRI63913928635498585300,Nifty 50,2024-07-23,36257.51,32765.12
TRI63913928635498585300,Nifty 50,2024-07-24,36160.36,32677.33
TRI63913928635498585300,Nifty 50,2024-07-25,36149.4,32667.42
TRI63913928635498585300,Nifty 50,2024-07-26,36784.48,33241.33
TRI63913928635498585300,Nifty 50,2024-07-29,36786.3,33242.97
TRI63913928635498585300,Nifty 50,2024-07-30,36820.47,33273.27
TRI63913928635498585300,Nifty 50,2024-07-31,36959.48,33398.89
TRI63913928635498585300,Nifty 50,2024-08-01,37049.7,33480.04
TRI63913928635498585300,Nifty 50,2024-08-02,36624.49,33093.83
TRI63913928635498585300,Nifty 50,2024-08-05,35646.37,32209.37
TRI63913928635498585300,Nifty 50,2024-08-06,35554.15,32125.78
TRI63913928635498585300,Nifty 50,2024-08-07,36020.75,32544.21
TRI63913928635498585300,Nifty 50,2024-08-08,35753.12,32302.41
TRI63913928635498585300,Nifty 50,2024-08-09,36126.23,32637.65
TRI63913928635498585300,Nifty 50,2024-08-12,36119.45,32626.43
TRI63913928635498585300,Nifty 50,2024-08-13,35810.83,32347.66
TRI63913928635498585300,Nifty 50,2024-08-14,35817.89,32354.04
TRI63913928635498585300,Nifty 50,2024-08-16,36415.85,32892.35
TRI63913928635498585300,Nifty 50,2024-08-19,36473.95,32942.38
TRI63913928635498585300,Nifty 50,2024-08-20,36661.24,33111.54
TRI63913928635498585300,Nifty 50,2024-08-21,36767.19,33207.23
TRI63913928636748668300,Nifty 50,2024-08-22,36828.5,33262.6
TRI63913928636748668300,Nifty 50,2024-08-23,36849.02,33280.43
TRI63913928636748668300,Nifty 50,2024-08-26,37127.3,33531.75
TRI63913928636748668300,Nifty 50,2024-08-27,37137.91,33541.34
TRI63913928636748668300,Nifty 50,2024-08-28,37189.27,33587.73
TRI63913928636748668300,Nifty 50,2024-08-29,37337.09,33721.23
TRI63913928636748668300,Nifty 50,2024-08-30,37461.73,33833.8
TRI63913928636748668300,Nifty 50,2024-09-02,37525.28,33891.2
TRI63913928636748668300,Nifty 50,2024-09-03,37526.97,33892.72
TRI63913928636748668300,Nifty 50,2024-09-04,37406.55,33783.97
TRI63913928636748668300,Nifty 50,2024-09-05,37326.99,33712.1
TRI63913928636748668300,Nifty 50,2024-09-06,36892.07,33319.31
TRI63913928636748668300,Nifty 50,2024-09-09,37017.15,33432.27
TRI63913928636748668300,Nifty 50,2024-09-10,37172.57,33572.64
TRI63913928636748668300,Nifty 50,2024-09-11,36990.52,33408.22
TRI63913928636748668300,Nifty 50,2024-09-12,37688.9,34038.97
TRI63913928636748668300,Nifty 50,2024-09-13,37640.8,33995.53
TRI63913928636748668300,Nifty 50,2024-09-16,37681.24,34032.05
TRI63913928636748668300,Nifty 50,2024-09-17,37732.87,34078.68
TRI63913928636748668300,Nifty 50,2024-09-18,37672.03,34023.74
TRI63913928636748668300,Nifty 50,2024-09-19,37728.83,34075.03
TRI63913928636748668300,Nifty 50,2024-09-20,38285.67,34577.94
TRI63913928636748668300,Nifty 50,2024-09-23,38505.51,34776.5
TRI63913928636748668300,Nifty 50,2024-09-24,38507.55,34778.34
TRI63913928636748668300,Nifty 50,2024-09-25,38602.21,34863.83
TRI63913928636748668300,Nifty 50,2024-09-26,38916.76,35147.92
TRI63913928636748668300,Nifty 50,2024-09-27,38861.64,35098.13
TRI63913928636748668300,Nifty 50,2024-09-30,38315.21,34604.62
TRI63913928636748668300,Nifty 50,2024-10-01,38294.54,34585.96
TRI63913928636748668300,Nifty 50,2024-10-03,37482.84,33852.86
TRI63913928636748668300,Nifty 50,2024-10-04,37133.25,33537.13
TRI63913928636748668300,Nifty 50,2024-10-07,36808.37,33243.72
TRI63913928636748668300,Nifty 50,2024-10-08,37131.07,33535.16
TRI63913928636748668300,Nifty 50,2024-10-09,37084.75,33493.33
TRI63913928636748668300,Nifty 50,2024-10-10,37109.26,33515.46
TRI63913928636748668300,Nifty 50,2024-10-11,37058.49,33469.61
TRI63913928636748668300,Nifty 50,2024-10-14,37301.5,33689.08
TRI63913928636748668300,Nifty 50,2024-10-15,37196.69,33594.43
TRI63913928636748668300,Nifty 50,2024-10-16,37068.99,33479.09
TRI63913928636748668300,Nifty 50,2024-10-17,36740.25,33182.19
TRI63913928636748668300,Nifty 50,2024-10-18,36898.25,33324.16
TRI63913928636748668300,Nifty 50,2024-10-21,36789.95,33226.35
TRI63913928636748668300,Nifty 50,2024-10-22,36335.46,32814.98
TRI63913928636748668300,Nifty 50,2024-10-23,36281.1,32765.89
TRI63913928636748668300,Nifty 50,2024-10-24,36227.52,32717.49
TRI63913928636748668300,Nifty 50,2024-10-25,35902.92,32424.34
TRI63913928636748668300,Nifty 50,2024-10-28,36138.03,32313.47
TRI63913928636748668300,Nifty 50,2024-10-29,36352.63,32500.01
TRI63913928636748668300,Nifty 50,2024-10-30,36165.43,32332.66
TRI63913928636748668300,Nifty 50,2024-10-31,35971.14,32157.45
TRI63913928636748668300,Nifty 50,2024-11-01,36118.25,32288.96
TRI63913928636748668300,Nifty 50,2024-11-04,35659.07,31878.46
TRI63913928636748668300,Nifty 50,2024-11-05,35982.96,32165.48
TRI63913928636748668300,Nifty 50,2024-11-06,36393.85,32530.95
TRI63913928636748668300,Nifty 50,2024-11-07,35972.74,32154.11
TRI63913928636748668300,Nifty 50,2024-11-08,35896.71,32086.14
TRI63913928636748668300,Nifty 50,2024-11-11,35886.42,32076.95
TRI63913928636748668300,Nifty 50,2024-11-12,35503.11,31734.32
TRI63913928636748668300,Nifty 50,2024-11-13,35020.93,31303.33
TRI63913928636748668300,Nifty 50,2024-11-14,34988.48,31272.88
TRI63913928636748668300,Nifty 50,2024-11-18,34871.21,31168.07
TRI63913928636748668300,Nifty 50,2024-11-19,34968.0,31252.79
TRI63913928637795802800,Nifty 50,2024-11-21,34717.32,31028.75
TRI63913928637795802800,Nifty 50,2024-11-22,35546.01,31769.39
TRI63913928637795802800,Nifty 50,2024-11-25,36013.85,32187.53
TRI63913928637795802800,Nifty 50,2024-11-26,35973.11,32151.12
TRI63913928637795802800,Nifty 50,2024-11-27,36092.65,32257.96
TRI63913928637795802800,Nifty 50,2024-11-28,35556.27,31778.56
TRI63913928637795802800,Nifty 50,2024-11-29,35878.82,32066.84
TRI63913928637795802800,Nifty 50,2024-12-02,36094.39,32259.51
TRI63913928637795802800,Nifty 50,2024-12-03,36363.63,32470.94
TRI63913928637795802800,Nifty 50,2024-12-04,36378.91,32484.59
TRI63913928637795802800,Nifty 50,2024-12-05,36737.18,32804.5
TRI63913928637795802800,Nifty 50,2024-12-06,36691.68,32763.87
TRI63913928637795802800,Nifty 50,2024-12-09,36604.29,32685.83
TRI63913928637795802800,Nifty 50,2024-12-10,36590.98,32673.95
TRI63913928637795802800,Nifty 50,2024-12-11,36638.14,32716.06
TRI63913928637795802800,Nifty 50,2024-12-12,36499.75,32592.48
TRI63913928637795802800,Nifty 50,2024-12-13,36826.27,32884.05
TRI63913928637795802800,Nifty 50,2024-12-16,36677.48,32751.19
TRI63913928637795802800,Nifty 50,2024-12-17,36183.53,32310.12
TRI63913928637795802800,Nifty 50,2024-12-18,35979.58,32128.0
TRI63913928637795802800,Nifty 50,2024-12-19,35612.11,31799.87
TRI63913928637795802800,Nifty 50,2024-12-20,35070.59,31316.32
TRI63913928637795802800,Nifty 50,2024-12-23,35317.36,31536.67
TRI63913928637795802800,Nifty 50,2024-12-24,35278.97,31502.39
TRI63913928637795802800,Nifty 50,2024-12-26,35312.5,31532.33
TRI63913928637795802800,Nifty 50,2024-12-27,35406.5,31616.26
TRI63913928637795802800,Nifty 50,2024-12-30,35155.94,31392.53
TRI63913928637795802800,Nifty 50,2024-12-31,35155.77,31392.38
TRI63913928637795802800,Nifty 50,2025-01-01,35301.63,31522.62
TRI63913928637795802800,Nifty 50,2025-01-02,35964.43,32114.47
TRI63913928637795802800,Nifty 50,2025-01-03,35690.96,31870.27
TRI63913928637795802800,Nifty 50,2025-01-06,35113.04,31354.22
TRI63913928637795802800,Nifty 50,2025-01-07,35249.64,31476.2
TRI63913928637795802800,Nifty 50,2025-01-08,35221.43,31451.01
TRI63913928637795802800,Nifty 50,2025-01-09,34979.91,31235.34
TRI63913928637795802800,Nifty 50,2025-01-10,34838.66,31109.22
TRI63913928637795802800,Nifty 50,2025-01-13,34324.87,30650.43
TRI63913928637795802800,Nifty 50,2025-01-14,34458.87,30770.08
TRI63913928637795802800,Nifty 50,2025-01-15,34514.06,30819.36
TRI63913928637795802800,Nifty 50,2025-01-16,34660.67,30950.28
TRI63913928637795802800,Nifty 50,2025-01-17,34531.21,30827.84
TRI63913928637795802800,Nifty 50,2025-01-20,34741.89,31015.92
TRI63913928637795802800,Nifty 50,2025-01-21,34265.55,30590.67
TRI63913928637795802800,Nifty 50,2025-01-22,34460.03,30764.29
TRI63913928637795802800,Nifty 50,2025-01-23,34534.46,30830.74
TRI63913928637795802800,Nifty 50,2025-01-24,34366.04,30680.38
TRI63913928637795802800,Nifty 50,2025-01-27,33974.58,30330.9
TRI63913928637795802800,Nifty 50,2025-01-28,34165.22,30499.89
TRI63913928637795802800,Nifty 50,2025-01-29,34474.8,30775.58
TRI63913928637795802800,Nifty 50,2025-01-30,34603.4,30890.38
TRI63913928637795802800,Nifty 50,2025-01-31,34998.01,31240.66
TRI63913928637795802800,Nifty 50,2025-02-01,34958.89,31205.74
TRI63913928637795802800,Nifty 50,2025-02-03,34778.66,31044.86
TRI63913928637795802800,Nifty 50,2025-02-04,35341.64,31547.4
TRI63913928637795802800,Nifty 50,2025-02-05,35277.7,31490.32
TRI63913928637795802800,Nifty 50,2025-02-06,35143.08,31369.35
TRI63913928637795802800,Nifty 50,2025-02-07,35091.5,31320.53
TRI63913928637795802800,Nifty 50,2025-02-10,34825.87,31083.45
TRI63913928637795802800,Nifty 50,2025-02-11,34364.39,30671.56
TRI63913928637795802800,Nifty 50,2025-02-12,34344.93,30648.98
TRI63913928637795802800,Nifty 50,2025-02-13,34324.31,30630.59
TRI63913928637795802800,Nifty 50,2025-02-14,34172.38,30494.94
TRI63913928637795802800,Nifty 50,2025-02-17,34217.48,30535.18
TRI63913928638967692200,Nifty 50,2025-02-18,34196.32,30516.3
TRI63913928638967692200,Nifty 50,2025-02-19,34177.82,30499.79
TRI63913928638967692200,Nifty 50,2025-02-20,34148.36,30473.5
TRI63913928638967692200,Nifty 50,2025-02-21,33973.61,30317.56
TRI63913928638967692200,Nifty 50,2025-02-24,33612.18,29995.02
TRI63913928638967692200,Nifty 50,2025-02-25,33603.55,29987.32
TRI63913928638967692200,Nifty 50,2025-02-27,33599.79,29983.97
TRI63913928638967692200,Nifty 50,2025-02-28,32973.36,29424.95
TRI63913928638967692200,Nifty 50,2025-03-03,32965.25,29417.71
TRI63913928638967692200,Nifty 50,2025-03-04,32910.63,29368.97
TRI63913928638967692200,Nifty 50,2025-03-05,33290.2,29707.7
TRI63913928638967692200,Nifty 50,2025-03-06,33599.3,29983.53
TRI63913928638967692200,Nifty 50,2025-03-07,33611.3,29994.15
TRI63913928638967692200,Nifty 50,2025-03-10,33473.92,29871.55
TRI63913928638967692200,Nifty 50,2025-03-11,33531.68,29922.72
TRI63913928638967692200,Nifty 50,2025-03-12,33490.87,29886.3
TRI63913928638967692200,Nifty 50,2025-03-13,33381.62,29788.81
TRI63913928638967692200,Nifty 50,2025-03-17,33547.88,29937.18
TRI63913928638967692200,Nifty 50,2025-03-18,34033.06,30370.14
TRI63913928638967692200,Nifty 50,2025-03-19,34142.35,30467.67
TRI63913928638967692200,Nifty 50,2025-03-20,34564.18,30844.09
TRI63913928638967692200,Nifty 50,2025-03-21,34802.3,31056.59
TRI63913928638967692200,Nifty 50,2025-03-24,35261.27,31466.16
TRI63913928638967692200,Nifty 50,2025-03-25,35276.65,31479.88
TRI63913928638967692200,Nifty 50,2025-03-26,35005.67,31238.07
TRI63913928638967692200,Nifty 50,2025-03-27,35162.32,31377.86
TRI63913928638967692200,Nifty 50,2025-03-28,35054.08,31281.27
TRI63913928638967692200,Nifty 50,2025-04-01,34527.01,30810.92
TRI63913928638967692200,Nifty 50,2025-04-02,34775.4,31032.58
TRI63913928638967692200,Nifty 50,2025-04-03,34652.84,30923.22
TRI63913928638967692200,Nifty 50,2025-04-04,34137.61,30463.44
TRI63913928638967692200,Nifty 50,2025-04-07,33030.49,29475.47
TRI63913928638967692200,Nifty 50,2025-04-08,33588.28,29973.23
TRI63913928638967692200,Nifty 50,2025-04-09,33384.56,29791.43
TRI63913928638967692200,Nifty 50,2025-04-11,34024.5,30362.51
TRI63913928638967692200,Nifty 50,2025-04-15,34769.71,31027.5
TRI63913928638967692200,Nifty 50,2025-04-16,34931.66,31172.02
TRI63913928638967692200,Nifty 50,2025-04-17,35549.39,31723.27
TRI63913928638967692200,Nifty 50,2025-04-21,35957.62,32087.56
TRI63913928638967692200,Nifty 50,2025-04-22,36019.75,32143.01
TRI63913928638967692200,Nifty 50,2025-04-23,36260.74,32358.06
TRI63913928638967692200,Nifty 50,2025-04-24,36138.21,32248.72
TRI63913928638967692200,Nifty 50,2025-04-25,35829.16,31972.92
TRI63913928638967692200,Nifty 50,2025-04-28,36266.41,32361.77
TRI63913928638967692200,Nifty 50,2025-04-29,36277.48,32371.66
TRI63913928638967692200,Nifty 50,2025-04-30,36274.87,32369.33
TRI63913928638967692200,Nifty 50,2025-05-02,36293.51,32385.96
TRI63913928638967692200,Nifty 50,2025-05-05,36464.1,32538.18
TRI63913928638967692200,Nifty 50,2025-05-06,36342.6,32429.76
TRI63913928638967692200,Nifty 50,2025-05-07,36394.46,32476.04
TRI63913928638967692200,Nifty 50,2025-05-08,36184.82,32288.97
TRI63913928638967692200,Nifty 50,2025-05-09,35789.63,31936.11
TRI63913928638967692200,Nifty 50,2025-05-12,37156.25,33155.58
TRI63913928638967692200,Nifty 50,2025-05-13,36639.87,32694.8
TRI63913928638967692200,Nifty 50,2025-05-14,36771.94,32812.65
TRI63913928638967692200,Nifty 50,2025-05-15,37361.05,33338.33
TRI63913928638967692200,Nifty 50,2025-05-16,37318.13,33295.74
TRI63913928640030640800,Nifty 50,2025-05-19,37207.25,33196.81
TRI63913928640030640800,Nifty 50,2025-05-20,36817.14,32848.74
TRI63913928640030640800,Nifty 50,2025-05-21,37010.35,33021.13
TRI63913928640030640800,Nifty 50,2025-05-22,36706.44,32749.97
TRI63913928640030640800,Nifty 50,2025-05-23,37069.55,33073.95
TRI63913928640030640800,Nifty 50,2025-05-26,37290.3,33270.91
TRI63913928640030640800,Nifty 50,2025-05-27,37029.33,33038.06
TRI63913928640030640800,Nifty 50,2025-05-28,36943.42,32956.27
TRI63913928640030640800,Nifty 50,2025-05-29,37066.34,33065.55
TRI63913928640030640800,Nifty 50,2025-05-30,36972.5,32975.45
TRI63913928640030640800,Nifty 50,2025-06-02,36921.62,32930.07
TRI63913928640030640800,Nifty 50,2025-06-03,36674.69,32707.02
TRI63913928640030640800,Nifty 50,2025-06-04,36805.09,32820.27
TRI63913928640030640800,Nifty 50,2025-06-05,37000.49,32994.52
TRI63913928640030640800,Nifty 50,2025-06-06,37377.42,33328.54
TRI63913928640030640800,Nifty 50,2025-06-09,37527.12,33462.02
TRI63913928640030640800,Nifty 50,2025-06-10,37531.76,33465.5
TRI63913928640030640800,Nifty 50,2025-06-11,37587.31,33515.04
TRI63913928640030640800,Nifty 50,2025-06-12,37209.11,33177.73
TRI63913928640030640800,Nifty 50,2025-06-13,36957.38,32952.89
TRI63913928640030640800,Nifty 50,2025-06-16,37298.12,33118.34
TRI63913928640030640800,Nifty 50,2025-06-17,37158.95,32994.77
TRI63913928640030640800,Nifty 50,2025-06-18,37097.13,32939.87
TRI63913928640030640800,Nifty 50,2025-06-19,37069.02,32914.92
TRI63913928640030640800,Nifty 50,2025-06-20,37546.89,33337.44
TRI63913928640030640800,Nifty 50,2025-06-23,37343.91,33155.72
TRI63913928640030640800,Nifty 50,2025-06-24,37452.24,33251.9
TRI63913928640030640800,Nifty 50,2025-06-25,37751.94,33517.99
TRI63913928640030640800,Nifty 50,2025-06-26,38206.88,33921.91
TRI63913928640030640800,Nifty 50,2025-06-27,38398.23,34079.37
TRI63913928640030640800,Nifty 50,2025-06-30,38217.32,33918.81
TRI63913928640030640800,Nifty 50,2025-07-01,38254.39,33951.71
TRI63913928640030640800,Nifty 50,2025-07-02,38121.99,33834.2
TRI63913928640030640800,Nifty 50,2025-07-03,38049.97,33770.28
TRI63913928640030640800,Nifty 50,2025-07-04,38142.94,33849.43
TRI63913928640030640800,Nifty 50,2025-07-07,38145.33,33851.14
TRI63913928640030640800,Nifty 50,2025-07-08,38239.39,33934.1
TRI63913928640030640800,Nifty 50,2025-07-09,38169.85,33872.4
TRI63913928640030640800,Nifty 50,2025-07-10,37990.41,33712.82
TRI63913928640030640800,Nifty 50,2025-07-11,37684.07,33440.68
TRI63913928640030640800,Nifty 50,2025-07-14,37582.84,33350.85
TRI63913928640030640800,Nifty 50,2025-07-15,37752.92,33501.78
TRI63913928640030640800,Nifty 50,2025-07-16,37780.94,33525.85
TRI63913928640030640800,Nifty 50,2025-07-17,37630.21,33392.09
TRI63913928640030640800,Nifty 50,2025-07-18,37435.72,33215.3
TRI63913928640030640800,Nifty 50,2025-07-21,37619.09,33378.0
TRI63913928640030640800,Nifty 50,2025-07-22,37574.38,33338.33
TRI63913928640030640800,Nifty 50,2025-07-23,37812.76,33549.83
TRI63913928640030640800,Nifty 50,2025-07-24,37578.97,33341.81
TRI63913928640030640800,Nifty 50,2025-07-25,37257.14,33052.94
TRI63913928640030640800,Nifty 50,2025-07-28,37027.65,32848.35
TRI63913928640030640800,Nifty 50,2025-07-29,37238.03,33034.98
TRI63913928640030640800,Nifty 50,2025-07-30,37288.94,33080.14
TRI63913928640030640800,Nifty 50,2025-07-31,37158.88,32964.76
TRI63913928640030640800,Nifty 50,2025-08-01,36863.4,32700.71
TRI63913928640030640800,Nifty 50,2025-08-04,37099.55,32910.2
TRI63913928640030640800,Nifty 50,2025-08-05,36989.75,32812.79
TRI63913928640030640800,Nifty 50,2025-08-06,36880.81,32715.28
TRI63913928640030640800,Nifty 50,2025-08-07,36913.76,32744.5
TRI63913928640030640800,Nifty 50,2025-08-08,36566.63,32408.45
TRI63913928640030640800,Nifty 50,2025-08-11,36900.03,32703.82
TRI63913928640030640800,Nifty 50,2025-08-12,36780.73,32592.31
TRI63913928640030640800,Nifty 50,2025-08-13,36978.89,32767.91
TRI63913928640030640800,Nifty 50,2025-08-14,37010.27,32792.88
TRI63913928640952714200,Nifty 50,2025-08-18,37379.38,33119.92
TRI63913928640952714200,Nifty 50,2025-08-19,37537.42,33259.49
TRI63913928640952714200,Nifty 50,2025-08-20,37642.41,33352.51
TRI63913928640952714200,Nifty 50,2025-08-21,37696.23,33399.37
TRI63913928640952714200,Nifty 50,2025-08-22,37375.09,33114.84
TRI63913928640952714200,Nifty 50,2025-08-25,37521.9,33244.91
TRI63913928640952714200,Nifty 50,2025-08-26,37137.57,32382.79
TRI63913928640952714200,Nifty 50,2025-08-28,36820.25,32106.1
TRI63913928640952714200,Nifty 50,2025-08-29,36709.0,32009.09
TRI63913928640952714200,Nifty 50,2025-09-01,37006.87,32268.83
TRI63913928640952714200,Nifty 50,2025-09-02,36938.57,32209.27
TRI63913928640952714200,Nifty 50,2025-09-03,37142.11,32386.75
TRI63913928640952714200,Nifty 50,2025-09-04,37177.94,32416.56
TRI63913928640952714200,Nifty 50,2025-09-05,37188.02,32425.35
TRI63913928640952714200,Nifty 50,2025-09-08,37236.28,32467.43
TRI63913928640952714200,Nifty 50,2025-09-09,37379.78,32592.55
TRI63913928640952714200,Nifty 50,2025-09-10,37536.88,32729.53
TRI63913928640952714200,Nifty 50,2025-09-11,37585.52,32771.94
TRI63913928640952714200,Nifty 50,2025-09-12,37748.61,32914.14
TRI63913928640952714200,Nifty 50,2025-09-15,37681.33,32855.48
TRI63913928640952714200,Nifty 50,2025-09-16,37936.66,33078.11
TRI63913928640952714200,Nifty 50,2025-09-17,38073.65,33197.56
TRI63913928640952714200,Nifty 50,2025-09-18,38213.97,33319.9
TRI63913928640952714200,Nifty 50,2025-09-19,38068.84,33193.36
TRI63913928640952714200,Nifty 50,2025-09-22,37881.41,33029.93
TRI63913928640952714200,Nifty 50,2025-09-23,37832.09,32986.93
TRI63913928640952714200,Nifty 50,2025-09-24,37662.84,32839.36
TRI63913928640952714200,Nifty 50,2025-09-25,37413.25,32621.74
TRI63913928640952714200,Nifty 50,2025-09-26,37058.3,32312.24
TRI63913928640952714200,Nifty 50,2025-09-29,37028.48,32286.24
TRI63913928640952714200,Nifty 50,2025-09-30,36992.7,32255.05
TRI63913928640952714200,Nifty 50,2025-10-01,37331.2,32550.19
TRI63913928640952714200,Nifty 50,2025-10-03,37418.3,32626.14
TRI63913928640952714200,Nifty 50,2025-10-06,37694.02,32866.54
TRI63913928640952714200,Nifty 50,2025-10-07,37740.1,32906.73
TRI63913928640952714200,Nifty 50,2025-10-08,37646.65,32825.25
TRI63913928640952714200,Nifty 50,2025-10-09,37850.52,33003.0
TRI63913928640952714200,Nifty 50,2025-10-10,38006.18,33138.73
TRI63913928640952714200,Nifty 50,2025-10-13,37918.98,33062.7
TRI63913928640952714200,Nifty 50,2025-10-14,37795.97,32955.44
TRI63913928640952714200,Nifty 50,2025-10-15,38067.31,33191.26
TRI63913928640952714200,Nifty 50,2025-10-16,38460.73,33534.29
TRI63913928640952714200,Nifty 50,2025-10-17,38652.19,33700.35
TRI63913928640952714200,Nifty 50,2025-10-20,38855.68,33877.13
TRI63913928640952714200,Nifty 50,2025-10-21,38893.95,33910.49
TRI63913928640952714200,Nifty 50,2025-10-23,38928.23,33940.38
TRI63913928640952714200,Nifty 50,2025-10-24,38783.54,33814.23
TRI63913928640952714200,Nifty 50,2025-10-27,39067.59,34056.22
TRI63913928640952714200,Nifty 50,2025-10-28,39022.73,34017.11
TRI63913928640952714200,Nifty 50,2025-10-29,39199.8,34171.47
TRI63913928640952714200,Nifty 50,2025-10-30,38934.92,33940.57
TRI63913928640952714200,Nifty 50,2025-10-31,38700.6,33736.3
TRI63913928640952714200,Nifty 50,2025-11-03,38762.65,33790.39
TRI63913928640952714200,Nifty 50,2025-11-04,38513.37,33571.5
TRI63913928640952714200,Nifty 50,2025-11-06,38381.02,33456.13
TRI63913928640952714200,Nifty 50,2025-11-07,38366.88,33441.3
TRI63913928640952714200,Nifty 50,2025-11-10,38497.01,33553.33
TRI63913928640952714200,Nifty 50,2025-11-11,38678.54,33711.54
TRI63913928640952714200,Nifty 50,2025-11-12,38950.78,33948.83
TRI63913928640952714200,Nifty 50,2025-11-13,38955.83,33953.23
TRI63913928640952714200,Nifty 50,2025-11-14,39002.37,33992.2
TRI63913928642186941500,Nifty 50,2025-11-17,39157.99,34126.45
TRI63913928642186941500,Nifty 50,2025-11-18,39003.01,33991.25
TRI63913928642186941500,Nifty 50,2025-11-19,39217.69,34178.34
TRI63913928642186941500,Nifty 50,2025-11-20,39427.65,34361.32
TRI63913928642186941500,Nifty 50,2025-11-21,39241.0,34198.66
TRI63913928642186941500,Nifty 50,2025-11-24,39077.5,34056.16
TRI63913928642186941500,Nifty 50,2025-11-25,38965.0,33958.12
TRI63913928642186941500,Nifty 50,2025-11-26,39447.49,34378.61
TRI63913928642186941500,Nifty 50,2025-11-27,39462.93,34392.07
TRI63913928642186941500,Nifty 50,2025-11-28,39443.91,34375.49
TRI63913928642186941500,Nifty 50,2025-12-01,39403.02,34339.86
TRI63913928642186941500,Nifty 50,2025-12-02,39186.92,34151.52
TRI63913928642186941500,Nifty 50,2025-12-03,39117.33,34090.87
TRI63913928642186941500,Nifty 50,2025-12-04,39189.27,34153.57
TRI63913928642186941500,Nifty 50,2025-12-05,39419.07,34353.84
TRI63913928642186941500,Nifty 50,2025-12-08,39079.02,34057.48
TRI63913928642186941500,Nifty 50,2025-12-09,38897.02,33898.88
TRI63913928642186941500,Nifty 50,2025-12-10,38774.13,33791.77
TRI63913928642186941500,Nifty 50,2025-12-11,38985.75,33976.2
TRI63913928642186941500,Nifty 50,2025-12-12,39209.12,34170.87
TRI63913928642186941500,Nifty 50,2025-12-15,39179.54,34145.09
TRI63913928642186941500,Nifty 50,2025-12-16,38927.87,33925.76
TRI63913928642186941500,Nifty 50,2025-12-17,38865.29,33871.22
TRI63913928642186941500,Nifty 50,2025-12-18,38860.78,33867.28
TRI63913928642186941500,Nifty 50,2025-12-19,39087.88,34065.21
TRI63913928642186941500,Nifty 50,2025-12-22,39397.94,34335.42
TRI63913928642186941500,NIFTY 50,2025-12-23,39405.1,34341.67
TRI63913928642186941500,NIFTY 50,2025-12-24,39352.35,34295.7
TRI63913928642186941500,Nifty 50,2025-12-26,39202.11,34164.76
TRI63913928642186941500,Nifty 50,2025-12-29,39051.24,34033.28
TRI63913928642186941500,Nifty 50,2025-12-30,39046.4,34029.05
TRI63913928642186941500,Nifty 50,2025-12-31,39333.55,34279.31
TRI63913928642186941500,Nifty 50,2026-01-01,39359.02,34301.51
TRI63913928642186941500,Nifty 50,2026-01-02,39632.99,34540.27
TRI63913928642186941500,Nifty 50,2026-01-05,39515.23,34437.64
TRI63913928642186941500,Nifty 50,2026-01-06,39407.42,34343.69
TRI63913928642186941500,Nifty 50,2026-01-07,39350.28,34293.89
TRI63913928642186941500,Nifty 50,2026-01-08,38953.08,33947.73
TRI63913928642186941500,Nifty 50,2026-01-09,38661.67,33693.76
TRI63913928642186941500,Nifty 50,2026-01-12,38822.72,33834.12
TRI63913928642186941500,Nifty 50,2026-01-13,38735.47,33758.08
TRI63913928642186941500,Nifty 50,2026-01-14,38635.05,33670.57
TRI63913928642186941500,Nifty 50,2026-01-16,38701.71,33723.78
TRI63913928642186941500,Nifty 50,2026-01-19,38537.78,33580.94
TRI63913928642186941500,Nifty 50,2026-01-20,38006.05,33117.6
TRI63913928642186941500,Nifty 50,2026-01-21,37893.11,33019.19
TRI63913928642186941500,Nifty 50,2026-01-22,38092.55,33192.98
TRI63913928642186941500,Nifty 50,2026-01-23,37729.14,32876.31
TRI63913928642186941500,Nifty 50,2026-01-27,37920.03,33041.47
TRI63913928642186941500,Nifty 50,2026-01-28,38172.11,33261.12
TRI63913928642186941500,Nifty 50,2026-01-29,38286.86,33361.1
TRI63913928642186941500,Nifty 50,2026-01-30,38138.83,33232.11
TRI63913928642186941500,Nifty 50,2026-02-01,37392.92,32582.17
TRI63913928642186941500,Nifty 50,2026-02-02,37789.0,32927.3
TRI63913928642186941500,Nifty 50,2026-02-03,38751.71,33766.15
TRI63913928642186941500,Nifty 50,2026-02-04,38824.69,33825.42
TRI63913928642186941500,Nifty 50,2026-02-05,38627.94,33653.2
TRI63913928642186941500,Nifty 50,2026-02-06,38710.58,33723.96
TRI63913928642186941500,Nifty 50,2026-02-09,38976.99,33955.04
TRI63913928642186941500,Nifty 50,2026-02-10,39079.22,34044.1
TRI63913928642186941500,Nifty 50,2026-02-11,39107.4,34068.65
TRI63913928642186941500,Nifty 50,2026-02-12,38886.41,33876.13
TRI63913928643218200200,Nifty 50,2026-02-13,38379.95,33434.92
TRI63913928643218200200,Nifty 50,2026-02-16,38699.22,33712.99
TRI63913928643218200200,Nifty 50,2026-02-17,38763.5,33768.98
TRI63913928643218200200,Nifty 50,2026-02-18,38909.22,33893.4
TRI63913928643218200200,Nifty 50,2026-02-19,38359.13,33414.22
TRI63913928643218200200,Nifty 50,2026-02-20,38535.31,33567.69
TRI63913928643218200200,Nifty 50,2026-02-23,38748.94,33753.78
TRI63913928643218200200,Nifty 50,2026-02-24,38314.37,33375.23
TRI63913928643218200200,Nifty 50,2026-02-25,38401.58,33451.2
TRI63913928643218200200,Nifty 50,2026-02-26,38422.72,33469.62
TRI63913928643218200200,Nifty 50,2026-02-27,37943.67,33052.32
TRI63913928643218200200,Nifty 50,2026-03-02,37472.06,32641.51
TRI63913928643218200200,Nifty 50,2026-03-04,36891.56,32135.84
TRI63913928643218200200,Nifty 50,2026-03-05,37321.66,32510.5
TRI63913928643218200200,Nifty 50,2026-03-06,36848.97,32098.17
TRI63913928643218200200,Nifty 50,2026-03-09,36212.4,31543.68
TRI63913928643218200200,Nifty 50,2026-03-10,36564.4,31850.29
TRI63913928643218200200,Nifty 50,2026-03-11,35969.45,31332.04
TRI63913928643218200200,Nifty 50,2026-03-12,35626.27,31033.11
TRI63913928643218200200,Nifty 50,2026-03-13,34890.78,30392.44
TRI63913928643218200200,Nifty 50,2026-03-16,35279.17,30730.76
TRI63913928643218200200,Nifty 50,2026-03-17,35538.92,30957.02
TRI63913928643218200200,Nifty 50,2026-03-18,35835.24,31215.14
TRI63913928643218200200,Nifty 50,2026-03-19,34666.28,30196.89
TRI63913928643218200200,Nifty 50,2026-03-20,34835.63,30344.41
TRI63913928643218200200,Nifty 50,2026-03-23,33928.59,29554.31
TRI63913928643218200200,Nifty 50,2026-03-24,34530.99,30079.04
TRI63913928643218200200,Nifty 50,2026-03-25,35124.87,30596.36
TRI63913928643218200200,Nifty 50,2026-03-27,34391.13,29957.21
TRI63913928643218200200,Nifty 50,2026-03-30,33655.43,29316.37
TRI63913928643218200200,Nifty 50,2026-04-01,34179.9,29773.21
TRI63913928643218200200,Nifty 50,2026-04-02,34230.63,29817.4
TRI63913928643218200200,Nifty 50,2026-04-06,34615.19,30152.39
TRI63913928643218200200,Nifty 50,2026-04-07,34849.41,30356.41
TRI63913928643218200200,Nifty 50,2026-04-08,36166.14,31503.37
TRI63913928643218200200,Nifty 50,2026-04-09,35831.22,31211.63
TRI63913928643218200200,Nifty 50,2026-04-10,36246.4,31573.29
TRI63913928643218200200,Nifty 50,2026-04-13,35932.96,31300.26
TRI63913928643218200200,Nifty 50,2026-04-15,36518.69,31810.47
TRI63913928643218200200,Nifty 50,2026-04-16,36466.62,31765.12
TRI63913928643218200200,Nifty 50,2026-04-17,36702.93,31970.96
TRI63913928643218200200,Nifty 50,2026-04-20,36719.99,31985.82
TRI63913928643218200200,Nifty 50,2026-04-21,37039.12,32263.81
TRI63913928643218200200,Nifty 50,2026-04-22,36739.93,32003.19
TRI63913928643218200200,Nifty 50,2026-04-23,36430.96,31734.06
TRI63913928643218200200,Nifty 50,2026-04-24,36024.64,31378.39
TRI63913928643218200200,Nifty 50,2026-04-27,36318.25,31634.12
TRI63913928643218200200,Nifty 50,2026-04-28,36172.04,31506.78
TRI63913928643218200200,Nifty 50,2026-04-29,36446.26,31745.63
TRI63913928643218200200,Nifty 50,2026-04-30,36174.8,31509.18
TRI63913928643218200200,Nifty 50,2026-05-04,36358.33,31669.04
TRI63913928643218200200,Nifty 50,2026-05-05,36227.97,31555.49
TRI63913928643218200200,Nifty 50,2026-05-06,36677.36,31946.92
TRI63913928643218200200,Nifty 50,2026-05-07,36670.88,31941.28
TRI63913928643218200200,Nifty 50,2026-05-08,36444.03,31743.68
